{"id":10019,"author":null,"author_avatar_url":null,"author_id":2075,"author_status":1,"gmt_create":1643014375920,"gmt_modified":1643014375920,"content":"ygf老师的商统大家呢个网站打开了吗","title":"ygf老师的商统大家呢个网站打开了吗","description":"no description yet","like_count":1,"comment_count":0,"view_count":14,"type":"post","tag":"not tag yet","imageList":"","content_source":null,"comments":null,"any_name":"皮卡丘","relation":-2,"liked":-4,"anonymity":1,"dislike_count":0}