{"id":10275,"author":null,"author_avatar_url":null,"author_id":1295,"author_status":1,"gmt_create":1643715665968,"gmt_modified":1643715665968,"content":"大年初一的，想到寒假特短很快又要开学，狠狠emo。\n我比较注重仪式感，特别是节假日，比如不过元宵不算过完年。可是发现元宵那天已经上课了而且我的课还要上到晚上十点，不能和家里人吃汤圆聚餐了，狠狠emo\uD83D\uDE2D","title":"大年初一的，想到寒假特短很快又要开学，狠狠emo。\n我比较注重仪式感，特别是节假日，比如不过元宵不算过完年。可是发现元宵那天已经上课了而且我的课还要上到晚上十点，不能和家","description":"no description yet","like_count":3,"comment_count":1,"view_count":164,"type":"post","tag":"not tag yet","imageList":"","content_source":null,"comments":[{"id":38195,"parent_id":10275,"type":1,"commentor":71,"gmtCreate":null,"gmtModified":null,"like_count":0,"content":"习惯就好","anonymity":1,"any_name":"Jerry","commentCount":null,"user":{"id":71,"name":"一支\uD83C\uDF4B茶","avatar_url":"http://test01-20200725.oss-cn-shenzhen.aliyuncs.com/image/1665761422653.jpg?Expires=1981121423&OSSAccessKeyId=LTAI4G5RL7pjavqASCwc42kR&Signature=HKm6K%2Fep6pjNO1GYdhmExFTk7rM%3D"},"isCommentLike":-5,"dislike_count":0}],"any_name":"鸡蛋仔","relation":-2,"liked":-4,"anonymity":1,"dislike_count":0}