{"id":1032,"author":"U_13395sjs","author_avatar_url":null,"author_id":726,"author_status":1,"gmt_create":1631720411644,"gmt_modified":1631720411644,"content":"真的非常感谢今天下午在公交车上帮我付了车费的那个男同学 \uD83E\uDD7A\uD83E\uDD72（我不知道澳门通不能刷两次 然后又没带零钱）\n由于当时尴尬得想逃离地球了 估计说话也颠三倒四的 所以在这里再说一次谢谢\uD83D\uDE2D\uD83D\uDE2D","title":"真的非常感谢今天下午在公交车上帮我付了车费的那个男同学 \uD83E\uDD7A\uD83E\uDD72（我不知道澳门通不能刷两次 然后又没带零钱）\n由于当时尴尬得想逃离地球了 估计说话也颠三倒四的 所以在这里","description":"no description yet","like_count":2,"comment_count":4,"view_count":220,"type":"post","tag":"not tag yet","imageList":"","content_source":null,"comments":[{"id":2998,"parent_id":1032,"type":1,"commentor":726,"gmtCreate":null,"gmtModified":null,"like_count":0,"content":"穿着黑色的短袖 白色的裤子 然后戴着黑色粗框眼镜 （记不住了 好像是穿这样","anonymity":0,"any_name":null,"commentCount":null,"user":{"id":726,"name":"U_13395sjs","avatar_url":null},"isCommentLike":-5,"dislike_count":0},{"id":3002,"parent_id":1032,"type":1,"commentor":592,"gmtCreate":null,"gmtModified":null,"like_count":0,"content":"救命澳门通不能刷两次是什么意思？是不能在同一天刷两次吗\uD83D\uDE22","anonymity":1,"any_name":"喷火龙","commentCount":null,"user":{"id":592,"name":"xxl","avatar_url":"http://test01-20200725.oss-cn-shenzhen.aliyuncs.com/image/1664352859085.jpg?Expires=1979712854&OSSAccessKeyId=LTAI4G5RL7pjavqASCwc42kR&Signature=jqrJUes41AT1wXmBa32L8fBdjCs%3D"},"isCommentLike":-5,"dislike_count":0},{"id":3004,"parent_id":3002,"type":2,"commentor":452,"gmtCreate":null,"gmtModified":null,"like_count":0,"content":"一辆车不能刷2次","anonymity":0,"any_name":null,"commentCount":null,"user":{"id":452,"name":"dohunter","avatar_url":"http://test01-20200725.oss-cn-shenzhen.aliyuncs.com/image/1631113643633.jpg?Expires=1946473637&OSSAccessKeyId=LTAI4G5RL7pjavqASCwc42kR&Signature=3klEAnOSy6EIXcM3RDNwT75eddg%3D"},"isCommentLike":-5,"dislike_count":0},{"id":3016,"parent_id":3004,"type":2,"commentor":726,"gmtCreate":null,"gmtModified":null,"like_count":0,"content":"一辆车在一小时内 刷第二次是免费的 所以不能拿室友的卡刷乌乌","anonymity":0,"any_name":null,"commentCount":null,"user":{"id":726,"name":"U_13395sjs","avatar_url":null},"isCommentLike":-5,"dislike_count":0}],"any_name":null,"relation":-2,"liked":-4,"anonymity":0,"dislike_count":0}