{"id":10330,"author":null,"author_avatar_url":null,"author_id":1628,"author_status":1,"gmt_create":1643879772996,"gmt_modified":1643879772996,"content":"商学院有申到王爱曼华的学长学姐啊，3.4有机会吗","title":"商学院有申到王爱曼华的学长学姐啊，3.4有机会吗","description":"no description yet","like_count":1,"comment_count":6,"view_count":378,"type":"post","tag":"not tag yet","imageList":"","content_source":null,"comments":[{"id":38460,"parent_id":10330,"type":1,"commentor":1331,"gmtCreate":null,"gmtModified":null,"like_count":0,"content":"非商学院冷门专业可能可以","anonymity":1,"any_name":"Redis设计与实现","commentCount":null,"user":{"id":1331,"name":"T_13890992","avatar_url":"http://test01-20200725.oss-cn-shenzhen.aliyuncs.com/image/1649916959411.png?Expires=1965276954&OSSAccessKeyId=LTAI4G5RL7pjavqASCwc42kR&Signature=0pbK7koFoMA3L5nNususfi1XuG0%3D"},"isCommentLike":-5,"dislike_count":0},{"id":38461,"parent_id":38460,"type":2,"commentor":1331,"gmtCreate":null,"gmtModified":null,"like_count":0,"content":"商学院的话可能要3.7+","anonymity":1,"any_name":"Redis设计与实现","commentCount":null,"user":{"id":1331,"name":"T_13890992","avatar_url":"http://test01-20200725.oss-cn-shenzhen.aliyuncs.com/image/1649916959411.png?Expires=1965276954&OSSAccessKeyId=LTAI4G5RL7pjavqASCwc42kR&Signature=0pbK7koFoMA3L5nNususfi1XuG0%3D"},"isCommentLike":-5,"dislike_count":0},{"id":38463,"parent_id":38460,"type":2,"commentor":1628,"gmtCreate":null,"gmtModified":null,"like_count":0,"content":"哦哦，要是带G申请会不会降一点啊","anonymity":1,"any_name":"允指原味鸡","commentCount":null,"user":{"id":1628,"name":"Zip","avatar_url":"http://test01-20200725.oss-cn-shenzhen.aliyuncs.com/image/1654830729809.jpg?Expires=1970190725&OSSAccessKeyId=LTAI4G5RL7pjavqASCwc42kR&Signature=dwmbPqmTlN%2BmrgWBZL3uv9uIPfA%3D"},"isCommentLike":-5,"dislike_count":0},{"id":38465,"parent_id":38463,"type":2,"commentor":1331,"gmtCreate":null,"gmtModified":null,"like_count":0,"content":"会，但除非gmat很高，不然680也只是刚刚到有竞争力的标准","anonymity":1,"any_name":"Redis设计与实现","commentCount":null,"user":{"id":1331,"name":"T_13890992","avatar_url":"http://test01-20200725.oss-cn-shenzhen.aliyuncs.com/image/1649916959411.png?Expires=1965276954&OSSAccessKeyId=LTAI4G5RL7pjavqASCwc42kR&Signature=0pbK7koFoMA3L5nNususfi1XuG0%3D"},"isCommentLike":-5,"dislike_count":0},{"id":38466,"parent_id":38463,"type":2,"commentor":1331,"gmtCreate":null,"gmtModified":null,"like_count":0,"content":"不过你其他再好成绩基本不要低于3.5才存在希望","anonymity":1,"any_name":"Redis设计与实现","commentCount":null,"user":{"id":1331,"name":"T_13890992","avatar_url":"http://test01-20200725.oss-cn-shenzhen.aliyuncs.com/image/1649916959411.png?Expires=1965276954&OSSAccessKeyId=LTAI4G5RL7pjavqASCwc42kR&Signature=0pbK7koFoMA3L5nNususfi1XuG0%3D"},"isCommentLike":-5,"dislike_count":0},{"id":38467,"parent_id":38466,"type":2,"commentor":1628,"gmtCreate":null,"gmtModified":null,"like_count":0,"content":"嗯嗯，太谢谢你啦","anonymity":1,"any_name":"允指原味鸡","commentCount":null,"user":{"id":1628,"name":"Zip","avatar_url":"http://test01-20200725.oss-cn-shenzhen.aliyuncs.com/image/1654830729809.jpg?Expires=1970190725&OSSAccessKeyId=LTAI4G5RL7pjavqASCwc42kR&Signature=dwmbPqmTlN%2BmrgWBZL3uv9uIPfA%3D"},"isCommentLike":-5,"dislike_count":0}],"any_name":"允指原味鸡","relation":-2,"liked":-4,"anonymity":1,"dislike_count":0}