{"id":10367,"author":null,"author_avatar_url":null,"author_id":1681,"author_status":1,"gmt_create":1643984580127,"gmt_modified":1643984580127,"content":"哒哒哒，每晚都有人放烟花","title":"哒哒哒，每晚都有人放烟花","description":"no description yet","like_count":0,"comment_count":3,"view_count":96,"type":"post","tag":"not tag yet","imageList":"","content_source":null,"comments":[{"id":38577,"parent_id":10367,"type":1,"commentor":286,"gmtCreate":null,"gmtModified":null,"like_count":0,"content":"你这像机关枪","anonymity":0,"any_name":null,"commentCount":null,"user":{"id":286,"name":"青","avatar_url":"https://thirdwx.qlogo.cn/mmopen/vi_32/Q0j4TwGTfTLubj8UrSTSTC707IzZuZE4F4Ym6HiaLjxh3J2N1uLibc02gfcWKxgMSdy08KVD81gZsZk1VgAiawiaog/132"},"isCommentLike":-5,"dislike_count":0},{"id":38578,"parent_id":10367,"type":1,"commentor":186,"gmtCreate":null,"gmtModified":null,"like_count":0,"content":"羡慕，我们全省不让放","anonymity":1,"any_name":"拱北快递员","commentCount":null,"user":{"id":186,"name":"哄哄","avatar_url":"https://thirdwx.qlogo.cn/mmopen/vi_32/Q3auHgzwzM6FlWWX47uibZUVbNHxS35uPCoXC35foGw1PPdbb2FmYQofGGCwewRoqKRd78icMB5ASoxbiaEm0eDQQ/132"},"isCommentLike":-5,"dislike_count":0},{"id":38586,"parent_id":10367,"type":1,"commentor":1295,"gmtCreate":null,"gmtModified":null,"like_count":0,"content":"羡慕，我想放个烟花棒都不行","anonymity":1,"any_name":"珠海小天使","commentCount":null,"user":{"id":1295,"name":"U_637031633831","avatar_url":null},"isCommentLike":-5,"dislike_count":0}],"any_name":"微积分","relation":-2,"liked":-4,"anonymity":1,"dislike_count":0}