{"id":10449,"author":null,"author_avatar_url":null,"author_id":186,"author_status":1,"gmt_create":1644211203364,"gmt_modified":1644211203364,"content":"有新传大三大四的学长学姐吗 我想问下大二下学期社会统计需不需要用到一些统计软件","title":"有新传大三大四的学长学姐吗 我想问下大二下学期社会统计需不需要用到一些统计软件","description":"no description yet","like_count":1,"comment_count":5,"view_count":158,"type":"post","tag":"not tag yet","imageList":"","content_source":null,"comments":[{"id":38773,"parent_id":10449,"type":1,"commentor":904,"gmtCreate":null,"gmtModified":null,"like_count":0,"content":"科大比较常用的统计软件是spss，某孙姓老师教的spss堪比华尔街数据","anonymity":1,"any_name":"出前一丁","commentCount":null,"user":{"id":904,"name":"1212","avatar_url":"http://test01-20200725.oss-cn-shenzhen.aliyuncs.com/image/1655635955560.unknown?Expires=1970995974&OSSAccessKeyId=LTAI4G5RL7pjavqASCwc42kR&Signature=sw39DrHNevhI%2FOD1DFSXEP1yykw%3D"},"isCommentLike":-5,"dislike_count":0},{"id":38777,"parent_id":38773,"type":2,"commentor":186,"gmtCreate":null,"gmtModified":null,"like_count":0,"content":"哈哈哈哈孙老师或许是商学院的？","anonymity":1,"any_name":"鸡蛋仔","commentCount":null,"user":{"id":186,"name":"哄哄","avatar_url":"https://thirdwx.qlogo.cn/mmopen/vi_32/Q3auHgzwzM6FlWWX47uibZUVbNHxS35uPCoXC35foGw1PPdbb2FmYQofGGCwewRoqKRd78icMB5ASoxbiaEm0eDQQ/132"},"isCommentLike":-5,"dislike_count":0},{"id":38778,"parent_id":38773,"type":2,"commentor":186,"gmtCreate":null,"gmtModified":null,"like_count":0,"content":"想问一下学校图书馆电脑可以用spss吗","anonymity":1,"any_name":"鸡蛋仔","commentCount":null,"user":{"id":186,"name":"哄哄","avatar_url":"https://thirdwx.qlogo.cn/mmopen/vi_32/Q3auHgzwzM6FlWWX47uibZUVbNHxS35uPCoXC35foGw1PPdbb2FmYQofGGCwewRoqKRd78icMB5ASoxbiaEm0eDQQ/132"},"isCommentLike":-5,"dislike_count":0},{"id":38781,"parent_id":38773,"type":2,"commentor":904,"gmtCreate":null,"gmtModified":null,"like_count":0,"content":"O926有专人免费教安装使用，包会","anonymity":1,"any_name":"出前一丁","commentCount":null,"user":{"id":904,"name":"1212","avatar_url":"http://test01-20200725.oss-cn-shenzhen.aliyuncs.com/image/1655635955560.unknown?Expires=1970995974&OSSAccessKeyId=LTAI4G5RL7pjavqASCwc42kR&Signature=sw39DrHNevhI%2FOD1DFSXEP1yykw%3D"},"isCommentLike":-5,"dislike_count":0},{"id":38913,"parent_id":38781,"type":2,"commentor":1300,"gmtCreate":null,"gmtModified":null,"like_count":0,"content":"请问怎么联系？直接去吗？","anonymity":1,"any_name":"Tom","commentCount":null,"user":{"id":1300,"name":"momo","avatar_url":"https://thirdwx.qlogo.cn/mmopen/vi_32/Q3auHgzwzM7CGtMib0fLpiacnFCIV4p4fOQq7YJFnq1qz3Rib80wFzy3bQgCZJ8zbY0YpiciakLNOuK69UMKfibj3lwg/132"},"isCommentLike":-5,"dislike_count":0}],"any_name":"鸡蛋仔","relation":-2,"liked":-4,"anonymity":1,"dislike_count":0}