{"id":1065,"author":null,"author_avatar_url":null,"author_id":212,"author_status":1,"gmt_create":1631786155575,"gmt_modified":1631786155575,"content":"不知道有没有朋友和我一样\n在某些课上把自己WPS字体换成某某草书，然后开始写同人之类的东西…","title":"不知道有没有朋友和我一样\n在某些课上把自己WPS字体换成某某草书，然后开始写同人之类的东西…","description":"no description yet","like_count":0,"comment_count":9,"view_count":133,"type":"post","tag":"not tag yet","imageList":"","content_source":null,"comments":[{"id":3120,"parent_id":1065,"type":1,"commentor":581,"gmtCreate":null,"gmtModified":null,"like_count":1,"content":"一些ipad选手画画，老师还会以为在认真做笔记\uD83E\uDD70","anonymity":1,"any_name":"鸡蛋仔","commentCount":null,"user":{"id":581,"name":"發光西瓜孢子","avatar_url":"http://test01-20200725.oss-cn-shenzhen.aliyuncs.com/image/1631119077984.jpg?Expires=1946479074&OSSAccessKeyId=LTAI4G5RL7pjavqASCwc42kR&Signature=V5Ue7WGt4Jv72AxfDa28Or%2B6ul0%3D"},"isCommentLike":-5,"dislike_count":0},{"id":3107,"parent_id":1065,"type":1,"commentor":33,"gmtCreate":null,"gmtModified":null,"like_count":0,"content":"wps草书不是要会员吗，同人文我狠狠心动了","anonymity":1,"any_name":"六级词汇","commentCount":null,"user":{"id":33,"name":"人生代代无穷已","avatar_url":"http://test01-20200725.oss-cn-shenzhen.aliyuncs.com/image/1664524005389.jpeg?Expires=1979884004&OSSAccessKeyId=LTAI4G5RL7pjavqASCwc42kR&Signature=S9Aa9cFC93NsUepHTgLHaIwqzKA%3D"},"isCommentLike":-5,"dislike_count":0},{"id":3110,"parent_id":1065,"type":1,"commentor":211,"gmtCreate":null,"gmtModified":null,"like_count":0,"content":"同人文？拿来吧你！","anonymity":1,"any_name":"喷火龙","commentCount":null,"user":{"id":211,"name":"小狗勾bot","avatar_url":"http://test01-20200725.oss-cn-shenzhen.aliyuncs.com/image/1636374528133.gif?Expires=1951734524&OSSAccessKeyId=LTAI4G5RL7pjavqASCwc42kR&Signature=P29EvqYPWNMCQ8PLxwGv4kvtIIA%3D"},"isCommentLike":-5,"dislike_count":0},{"id":3109,"parent_id":3107,"type":2,"commentor":212,"gmtCreate":null,"gmtModified":null,"like_count":0,"content":"对我是超级会员\uD83D\uDE0E搞自己喜欢的cp真的快乐","anonymity":1,"any_name":"Redis设计与实现","commentCount":null,"user":{"id":212,"name":"我是哪块小饼干","avatar_url":"http://test01-20200725.oss-cn-shenzhen.aliyuncs.com/image/1653300567167.gif?Expires=1968660560&OSSAccessKeyId=LTAI4G5RL7pjavqASCwc42kR&Signature=8egXNBmtWs%2FilLUx7aYt%2Ftdpf0I%3D"},"isCommentLike":-5,"dislike_count":0},{"id":3124,"parent_id":3110,"type":2,"commentor":212,"gmtCreate":null,"gmtModified":null,"like_count":0,"content":"来拿来拿ヾ(๑╹ヮ╹๑)ﾉ”","anonymity":1,"any_name":"Redis设计与实现","commentCount":null,"user":{"id":212,"name":"我是哪块小饼干","avatar_url":"http://test01-20200725.oss-cn-shenzhen.aliyuncs.com/image/1653300567167.gif?Expires=1968660560&OSSAccessKeyId=LTAI4G5RL7pjavqASCwc42kR&Signature=8egXNBmtWs%2FilLUx7aYt%2Ftdpf0I%3D"},"isCommentLike":-5,"dislike_count":0},{"id":3125,"parent_id":3120,"type":2,"commentor":212,"gmtCreate":null,"gmtModified":null,"like_count":0,"content":"哈哈哈哈哈哈确实（看起来抓到一个太太）","anonymity":1,"any_name":"Redis设计与实现","commentCount":null,"user":{"id":212,"name":"我是哪块小饼干","avatar_url":"http://test01-20200725.oss-cn-shenzhen.aliyuncs.com/image/1653300567167.gif?Expires=1968660560&OSSAccessKeyId=LTAI4G5RL7pjavqASCwc42kR&Signature=8egXNBmtWs%2FilLUx7aYt%2Ftdpf0I%3D"},"isCommentLike":-5,"dislike_count":0},{"id":3196,"parent_id":3120,"type":2,"commentor":33,"gmtCreate":null,"gmtModified":null,"like_count":0,"content":"捕捉画手老师！","anonymity":1,"any_name":"六级词汇","commentCount":null,"user":{"id":33,"name":"人生代代无穷已","avatar_url":"http://test01-20200725.oss-cn-shenzhen.aliyuncs.com/image/1664524005389.jpeg?Expires=1979884004&OSSAccessKeyId=LTAI4G5RL7pjavqASCwc42kR&Signature=S9Aa9cFC93NsUepHTgLHaIwqzKA%3D"},"isCommentLike":-5,"dislike_count":0},{"id":3197,"parent_id":3109,"type":2,"commentor":33,"gmtCreate":null,"gmtModified":null,"like_count":0,"content":"哈哈哈哈哈哈同人文可好了！","anonymity":1,"any_name":"六级词汇","commentCount":null,"user":{"id":33,"name":"人生代代无穷已","avatar_url":"http://test01-20200725.oss-cn-shenzhen.aliyuncs.com/image/1664524005389.jpeg?Expires=1979884004&OSSAccessKeyId=LTAI4G5RL7pjavqASCwc42kR&Signature=S9Aa9cFC93NsUepHTgLHaIwqzKA%3D"},"isCommentLike":-5,"dislike_count":0},{"id":3223,"parent_id":3197,"type":2,"commentor":212,"gmtCreate":null,"gmtModified":null,"like_count":0,"content":"ao3，yyds","anonymity":1,"any_name":"Redis设计与实现","commentCount":null,"user":{"id":212,"name":"我是哪块小饼干","avatar_url":"http://test01-20200725.oss-cn-shenzhen.aliyuncs.com/image/1653300567167.gif?Expires=1968660560&OSSAccessKeyId=LTAI4G5RL7pjavqASCwc42kR&Signature=8egXNBmtWs%2FilLUx7aYt%2Ftdpf0I%3D"},"isCommentLike":-5,"dislike_count":0}],"any_name":"Redis设计与实现","relation":-2,"liked":-4,"anonymity":1,"dislike_count":0}