{"id":10760,"author":null,"author_avatar_url":null,"author_id":928,"author_status":1,"gmt_create":1644491291149,"gmt_modified":1644491291149,"content":"老师让我去复核，请问怎么向国际学院申请复核 找了很久没找到在哪，打扰啦","title":"老师让我去复核，请问怎么向国际学院申请复核 找了很久没找到在哪，打扰啦","description":"no description yet","like_count":0,"comment_count":2,"view_count":90,"type":"post","tag":"not tag yet","imageList":"","content_source":null,"comments":[{"id":39708,"parent_id":10760,"type":1,"commentor":1683,"gmtCreate":null,"gmtModified":null,"like_count":0,"content":"官网上面找一下申请表，在一个角落里，仔细找找吧","anonymity":1,"any_name":"亚古兽","commentCount":null,"user":{"id":1683,"name":"Rarity","avatar_url":"http://test01-20200725.oss-cn-shenzhen.aliyuncs.com/image/1661566204106.jpg?Expires=1976926200&OSSAccessKeyId=LTAI4G5RL7pjavqASCwc42kR&Signature=bkV9B%2FZEWNKBsMo%2BJxR0xngtBvI%3D"},"isCommentLike":-5,"dislike_count":0},{"id":39709,"parent_id":39708,"type":2,"commentor":1683,"gmtCreate":null,"gmtModified":null,"like_count":0,"content":"学校官网","anonymity":1,"any_name":"亚古兽","commentCount":null,"user":{"id":1683,"name":"Rarity","avatar_url":"http://test01-20200725.oss-cn-shenzhen.aliyuncs.com/image/1661566204106.jpg?Expires=1976926200&OSSAccessKeyId=LTAI4G5RL7pjavqASCwc42kR&Signature=bkV9B%2FZEWNKBsMo%2BJxR0xngtBvI%3D"},"isCommentLike":-5,"dislike_count":0}],"any_name":"鸡蛋仔","relation":-2,"liked":-4,"anonymity":1,"dislike_count":0}