{"id":1120,"author":"大螂饼子","author_avatar_url":"http://test01-20200725.oss-cn-shenzhen.aliyuncs.com/image/1647453004827.jpg?Expires=1962813004&OSSAccessKeyId=LTAI4G5RL7pjavqASCwc42kR&Signature=yShSJdeZYhY4LN2Ls9iFnu4K%2Fro%3D","author_id":764,"author_status":1,"gmt_create":1631875517858,"gmt_modified":1631875517858,"content":"金莲，你怎么还没回家呢，等你回来❤️","title":"金莲，你怎么还没回家呢，等你回来❤️","description":"no description yet","like_count":2,"comment_count":1,"view_count":67,"type":"post","tag":"not tag yet","imageList":"","content_source":null,"comments":[{"id":3330,"parent_id":1120,"type":1,"commentor":764,"gmtCreate":null,"gmtModified":null,"like_count":0,"content":"有谁看见我老婆了，能麻烦告诉她一声赶紧回家吗，我已经好久没见带她\uD83D\uDE2D","anonymity":0,"any_name":null,"commentCount":null,"user":{"id":764,"name":"大螂饼子","avatar_url":"http://test01-20200725.oss-cn-shenzhen.aliyuncs.com/image/1647453004827.jpg?Expires=1962813004&OSSAccessKeyId=LTAI4G5RL7pjavqASCwc42kR&Signature=yShSJdeZYhY4LN2Ls9iFnu4K%2Fro%3D"},"isCommentLike":-5,"dislike_count":0}],"any_name":null,"relation":-2,"liked":-4,"anonymity":0,"dislike_count":0}