{"id":11258,"author":null,"author_avatar_url":null,"author_id":401,"author_status":1,"gmt_create":1644985507012,"gmt_modified":1644985507012,"content":"学生餐还剩33怎么办","title":"学生餐还剩33怎么办","description":"no description yet","like_count":1,"comment_count":14,"view_count":374,"type":"post","tag":"not tag yet","imageList":"","content_source":null,"comments":[{"id":41305,"parent_id":11258,"type":1,"commentor":161,"gmtCreate":null,"gmtModified":null,"like_count":0,"content":"出给我","anonymity":1,"any_name":"鸡蛋仔","commentCount":null,"user":{"id":161,"name":"jellyfish","avatar_url":"https://thirdwx.qlogo.cn/mmopen/vi_32/Q0j4TwGTfTJcXqaZf7oI1NZpdrmqibVtIkq0CLyCOx3J4WvO771FtGLb7ZeliakYoTBAV5E6buWJQVsgrM7JA84g/132"},"isCommentLike":-5,"dislike_count":0},{"id":41306,"parent_id":11258,"type":1,"commentor":982,"gmtCreate":null,"gmtModified":null,"like_count":0,"content":"我还剩六十多，急什么","anonymity":1,"any_name":"Anton","commentCount":null,"user":{"id":982,"name":"kezon","avatar_url":"http://test01-20200725.oss-cn-shenzhen.aliyuncs.com/image/1649290852325.jpg?Expires=1964650849&OSSAccessKeyId=LTAI4G5RL7pjavqASCwc42kR&Signature=hEfX%2F5C%2B41z3ONQFQJCe5m%2B4huE%3D"},"isCommentLike":-5,"dislike_count":0},{"id":41307,"parent_id":11258,"type":1,"commentor":2100,"gmtCreate":null,"gmtModified":null,"like_count":0,"content":"我收，25","anonymity":0,"any_name":null,"commentCount":null,"user":{"id":2100,"name":"rsl","avatar_url":"https://thirdwx.qlogo.cn/mmopen/vi_32/LEFIRt04LciajZyjRFD7iaibPyy9lmAHXNlibtF0Q3bvODic3OsdTQYECr1KEa96sNnZh1xegBzkBzTVgRvian2oB4pg/132"},"isCommentLike":-5,"dislike_count":0},{"id":41313,"parent_id":11258,"type":1,"commentor":1298,"gmtCreate":null,"gmtModified":null,"like_count":0,"content":"我还有65","anonymity":0,"any_name":null,"commentCount":null,"user":{"id":1298,"name":"空","avatar_url":"http://test01-20200725.oss-cn-shenzhen.aliyuncs.com/image/1633876066009.jpg?Expires=1949236063&OSSAccessKeyId=LTAI4G5RL7pjavqASCwc42kR&Signature=uZwmpB0wpM3sHcZ9oQeaPeIMSLs%3D"},"isCommentLike":-5,"dislike_count":0},{"id":41314,"parent_id":11258,"type":1,"commentor":1488,"gmtCreate":null,"gmtModified":null,"like_count":0,"content":"我还有七十几 你怕啥","anonymity":1,"any_name":"拱北快递员","commentCount":null,"user":{"id":1488,"name":"la","avatar_url":"http://test01-20200725.oss-cn-shenzhen.aliyuncs.com/image/1664853097119.jpg?Expires=1980213088&OSSAccessKeyId=LTAI4G5RL7pjavqASCwc42kR&Signature=oeYsfC3l6p%2BW%2F0r4Uh1lBSRhw%2FE%3D"},"isCommentLike":-5,"dislike_count":0},{"id":41315,"parent_id":11258,"type":1,"commentor":1817,"gmtCreate":null,"gmtModified":null,"like_count":0,"content":"多的出给我呗哈哈哈","anonymity":0,"any_name":null,"commentCount":null,"user":{"id":1817,"name":"机器猫","avatar_url":"http://test01-20200725.oss-cn-shenzhen.aliyuncs.com/image/1637496846002.jpg?Expires=1952856843&OSSAccessKeyId=LTAI4G5RL7pjavqASCwc42kR&Signature=shsChbBgmAelD004rpwER5DMiRs%3D"},"isCommentLike":-5,"dislike_count":0},{"id":41317,"parent_id":11258,"type":1,"commentor":1864,"gmtCreate":null,"gmtModified":null,"like_count":0,"content":"我还有50哈哈哈","anonymity":1,"any_name":"网瘾少年","commentCount":null,"user":{"id":1864,"name":"鼠鼠","avatar_url":"http://test01-20200725.oss-cn-shenzhen.aliyuncs.com/image/1661703319698.jpg?Expires=1977063321&OSSAccessKeyId=LTAI4G5RL7pjavqASCwc42kR&Signature=QOmLE7ryxq7LMZ5yDvkLYNv%2F7ow%3D"},"isCommentLike":-5,"dislike_count":0},{"id":41322,"parent_id":11258,"type":1,"commentor":1516,"gmtCreate":null,"gmtModified":null,"like_count":0,"content":"我还有3000多，不慌","anonymity":0,"any_name":null,"commentCount":null,"user":{"id":1516,"name":"橘里白茶","avatar_url":"http://test01-20200725.oss-cn-shenzhen.aliyuncs.com/image/1642904012189.jpg?Expires=1958264005&OSSAccessKeyId=LTAI4G5RL7pjavqASCwc42kR&Signature=HDHxVClOEqNTNFJA7uwJv9tIhM8%3D"},"isCommentLike":-5,"dislike_count":0},{"id":41334,"parent_id":11258,"type":1,"commentor":401,"gmtCreate":null,"gmtModified":null,"like_count":0,"content":"32怎么用呀","anonymity":1,"any_name":"和味牛杂","commentCount":null,"user":{"id":401,"name":"小哲超级酷","avatar_url":"https://thirdwx.qlogo.cn/mmopen/vi_32/DYAIOgq83epTxMrjEuu2Wt7cvjzdaUbQqe1JZWX7uCjcfkKQ8xvmibQP6aFPZScqalPUia2XDhiaRTC9GXrunKlzg/132"},"isCommentLike":-5,"dislike_count":0},{"id":41347,"parent_id":11258,"type":1,"commentor":937,"gmtCreate":null,"gmtModified":null,"like_count":0,"content":"我还有十几，只能节省着用了","anonymity":1,"any_name":"芋圆奶茶","commentCount":null,"user":{"id":937,"name":"Paprika","avatar_url":"https://thirdwx.qlogo.cn/mmopen/vi_32/DYAIOgq83erXO0Hibm3qJlZAq1DEuggbNcFD7NCFFzJrk2VLe4pHwHvbA8JuV9oOibd44ibYWvprax9F18Ank1eibw/132"},"isCommentLike":-5,"dislike_count":0},{"id":41391,"parent_id":11258,"type":1,"commentor":725,"gmtCreate":null,"gmtModified":null,"like_count":0,"content":"我还有五十多顿","anonymity":1,"any_name":"三鲜水饺","commentCount":null,"user":{"id":725,"name":"修正带还是修正液","avatar_url":"https://thirdwx.qlogo.cn/mmopen/vi_32/SCBpWZw1RbabyOtzf1kQ5BkgnaLibFIYHZYLkONIzWVBCqhicEyZmRxsjLnRvIHt8DiacWy8FxoJib3a5qFocwPicbg/132"},"isCommentLike":-5,"dislike_count":0},{"id":41408,"parent_id":41314,"type":2,"commentor":3470,"gmtCreate":null,"gmtModified":null,"like_count":0,"content":"姐妹出嘛？","anonymity":0,"any_name":null,"commentCount":null,"user":{"id":3470,"name":"U_161441644981","avatar_url":null},"isCommentLike":-5,"dislike_count":0},{"id":41409,"parent_id":41322,"type":2,"commentor":3470,"gmtCreate":null,"gmtModified":null,"like_count":0,"content":"姐妹出不出呀","anonymity":1,"any_name":"Redis设计与实现","commentCount":null,"user":{"id":3470,"name":"U_161441644981","avatar_url":null},"isCommentLike":-5,"dislike_count":0},{"id":41410,"parent_id":41334,"type":2,"commentor":3470,"gmtCreate":null,"gmtModified":null,"like_count":0,"content":"姐妹出学生餐吗呜呜","anonymity":1,"any_name":"Redis设计与实现","commentCount":null,"user":{"id":3470,"name":"U_161441644981","avatar_url":null},"isCommentLike":-5,"dislike_count":0}],"any_name":"和味牛杂","relation":-2,"liked":-4,"anonymity":1,"dislike_count":0}