{"id":11433,"author":null,"author_avatar_url":null,"author_id":1864,"author_status":1,"gmt_create":1645147988714,"gmt_modified":1645147988714,"content":"学校有人化妆技术很好吗？过几天可能要见一个很重要的人，可以帮我打扮一下吗？顺便借一件好看的裙子衣服穿","title":"学校有人化妆技术很好吗？过几天可能要见一个很重要的人，可以帮我打扮一下吗？顺便借一件好看的裙子衣服穿","description":"no description yet","like_count":0,"comment_count":16,"view_count":399,"type":"post","tag":"not tag yet","imageList":"","content_source":null,"comments":[{"id":41911,"parent_id":11433,"type":1,"commentor":389,"gmtCreate":null,"gmtModified":null,"like_count":9,"content":"有什么好问号的，打扮一下怎么了，有些男的素面朝天胡子不刮身上一股味，社会对你们太宽容了吧 先好好收拾收拾自己吧\uD83E\uDD17\uD83E\uDD17","anonymity":1,"any_name":"水箭龟","commentCount":null,"user":{"id":389,"name":"Ye","avatar_url":"http://test01-20200725.oss-cn-shenzhen.aliyuncs.com/image/1666692616794.jpg?Expires=1982052609&OSSAccessKeyId=LTAI4G5RL7pjavqASCwc42kR&Signature=TFev3d8OQ74D%2FdfZp4gmLfTGqjM%3D"},"isCommentLike":-5,"dislike_count":0},{"id":41893,"parent_id":11433,"type":1,"commentor":161,"gmtCreate":null,"gmtModified":null,"like_count":2,"content":"有偿吗？","anonymity":1,"any_name":"微积分","commentCount":null,"user":{"id":161,"name":"jellyfish","avatar_url":"https://thirdwx.qlogo.cn/mmopen/vi_32/Q0j4TwGTfTJcXqaZf7oI1NZpdrmqibVtIkq0CLyCOx3J4WvO771FtGLb7ZeliakYoTBAV5E6buWJQVsgrM7JA84g/132"},"isCommentLike":-5,"dislike_count":0},{"id":41884,"parent_id":11433,"type":1,"commentor":1655,"gmtCreate":null,"gmtModified":null,"like_count":0,"content":"？","anonymity":1,"any_name":"Redis设计与实现","commentCount":null,"user":{"id":1655,"name":"应急食品（毕业版）","avatar_url":"http://test01-20200725.oss-cn-shenzhen.aliyuncs.com/image/1636378464049.gif?Expires=1951738454&OSSAccessKeyId=LTAI4G5RL7pjavqASCwc42kR&Signature=Ay0yzvZwaOrfFrXfYrxsTdpLkwM%3D"},"isCommentLike":-5,"dislike_count":0},{"id":41885,"parent_id":11433,"type":1,"commentor":501,"gmtCreate":null,"gmtModified":null,"like_count":0,"content":"？","anonymity":1,"any_name":"老板","commentCount":null,"user":{"id":501,"name":"Simei","avatar_url":"https://thirdwx.qlogo.cn/mmopen/vi_32/Q0j4TwGTfTLLZ4cK3hXg1gtD8vc94NAx0VoJd98UvKPKlYQU2fHnkjtCSl70HGo47qTFHrHoKribTz6unwCQRBA/132"},"isCommentLike":-5,"dislike_count":0},{"id":41886,"parent_id":11433,"type":1,"commentor":1215,"gmtCreate":null,"gmtModified":null,"like_count":0,"content":"？","anonymity":1,"any_name":"大潭山车队","commentCount":null,"user":{"id":1215,"name":"U_328631633011","avatar_url":null},"isCommentLike":-5,"dislike_count":0},{"id":41887,"parent_id":11433,"type":1,"commentor":1864,"gmtCreate":null,"gmtModified":null,"like_count":0,"content":"未来的男朋友，虽然现在不是，我哭了T﹏T","anonymity":1,"any_name":"哥斯拉","commentCount":null,"user":{"id":1864,"name":"鼠鼠","avatar_url":"http://test01-20200725.oss-cn-shenzhen.aliyuncs.com/image/1661703319698.jpg?Expires=1977063321&OSSAccessKeyId=LTAI4G5RL7pjavqASCwc42kR&Signature=QOmLE7ryxq7LMZ5yDvkLYNv%2F7ow%3D"},"isCommentLike":-5,"dislike_count":0},{"id":41892,"parent_id":11433,"type":1,"commentor":586,"gmtCreate":null,"gmtModified":null,"like_count":0,"content":"？","anonymity":1,"any_name":"鸡蛋仔","commentCount":null,"user":{"id":586,"name":"Plan_B","avatar_url":"http://test01-20200725.oss-cn-shenzhen.aliyuncs.com/image/1667045955720.jpg?Expires=1982405951&OSSAccessKeyId=LTAI4G5RL7pjavqASCwc42kR&Signature=ANzjk9ukuq0ejO4pYnlC8MIQV1c%3D"},"isCommentLike":-5,"dislike_count":0},{"id":41889,"parent_id":41884,"type":2,"commentor":1864,"gmtCreate":null,"gmtModified":null,"like_count":0,"content":"一个我喜欢的人","anonymity":1,"any_name":"哥斯拉","commentCount":null,"user":{"id":1864,"name":"鼠鼠","avatar_url":"http://test01-20200725.oss-cn-shenzhen.aliyuncs.com/image/1661703319698.jpg?Expires=1977063321&OSSAccessKeyId=LTAI4G5RL7pjavqASCwc42kR&Signature=QOmLE7ryxq7LMZ5yDvkLYNv%2F7ow%3D"},"isCommentLike":-5,"dislike_count":0},{"id":41890,"parent_id":41885,"type":2,"commentor":1864,"gmtCreate":null,"gmtModified":null,"like_count":0,"content":"我喜欢的人","anonymity":1,"any_name":"哥斯拉","commentCount":null,"user":{"id":1864,"name":"鼠鼠","avatar_url":"http://test01-20200725.oss-cn-shenzhen.aliyuncs.com/image/1661703319698.jpg?Expires=1977063321&OSSAccessKeyId=LTAI4G5RL7pjavqASCwc42kR&Signature=QOmLE7ryxq7LMZ5yDvkLYNv%2F7ow%3D"},"isCommentLike":-5,"dislike_count":0},{"id":41891,"parent_id":41886,"type":2,"commentor":1864,"gmtCreate":null,"gmtModified":null,"like_count":0,"content":"不要想歪了，我喜欢的人","anonymity":1,"any_name":"哥斯拉","commentCount":null,"user":{"id":1864,"name":"鼠鼠","avatar_url":"http://test01-20200725.oss-cn-shenzhen.aliyuncs.com/image/1661703319698.jpg?Expires=1977063321&OSSAccessKeyId=LTAI4G5RL7pjavqASCwc42kR&Signature=QOmLE7ryxq7LMZ5yDvkLYNv%2F7ow%3D"},"isCommentLike":-5,"dislike_count":0},{"id":41894,"parent_id":41893,"type":2,"commentor":1864,"gmtCreate":null,"gmtModified":null,"like_count":0,"content":"有偿的","anonymity":1,"any_name":"哥斯拉","commentCount":null,"user":{"id":1864,"name":"鼠鼠","avatar_url":"http://test01-20200725.oss-cn-shenzhen.aliyuncs.com/image/1661703319698.jpg?Expires=1977063321&OSSAccessKeyId=LTAI4G5RL7pjavqASCwc42kR&Signature=QOmLE7ryxq7LMZ5yDvkLYNv%2F7ow%3D"},"isCommentLike":-5,"dislike_count":0},{"id":41895,"parent_id":41894,"type":2,"commentor":161,"gmtCreate":null,"gmtModified":null,"like_count":0,"content":"那挺正常，不知道评论区为什么这么多问号。加油姐妹！","anonymity":1,"any_name":"Jerry","commentCount":null,"user":{"id":161,"name":"jellyfish","avatar_url":"https://thirdwx.qlogo.cn/mmopen/vi_32/Q0j4TwGTfTJcXqaZf7oI1NZpdrmqibVtIkq0CLyCOx3J4WvO771FtGLb7ZeliakYoTBAV5E6buWJQVsgrM7JA84g/132"},"isCommentLike":-5,"dislike_count":0},{"id":41896,"parent_id":41895,"type":2,"commentor":1864,"gmtCreate":null,"gmtModified":null,"like_count":0,"content":"呜呜呜","anonymity":1,"any_name":"哥斯拉","commentCount":null,"user":{"id":1864,"name":"鼠鼠","avatar_url":"http://test01-20200725.oss-cn-shenzhen.aliyuncs.com/image/1661703319698.jpg?Expires=1977063321&OSSAccessKeyId=LTAI4G5RL7pjavqASCwc42kR&Signature=QOmLE7ryxq7LMZ5yDvkLYNv%2F7ow%3D"},"isCommentLike":-5,"dislike_count":0},{"id":41903,"parent_id":41886,"type":2,"commentor":1215,"gmtCreate":null,"gmtModified":null,"like_count":0,"content":"噢噢 不好意思 不是恶意的","anonymity":1,"any_name":"大潭山车队","commentCount":null,"user":{"id":1215,"name":"U_328631633011","avatar_url":null},"isCommentLike":-5,"dislike_count":0},{"id":41917,"parent_id":41911,"type":2,"commentor":3444,"gmtCreate":null,"gmtModified":null,"like_count":0,"content":"就是啊 人家也说了是有敞的 见重要的人这样不是很正常吗 真无语","anonymity":1,"any_name":"Tom","commentCount":null,"user":{"id":3444,"name":"猪柳蛋汉堡","avatar_url":"http://test01-20200725.oss-cn-shenzhen.aliyuncs.com/image/1650069093745.jpg?Expires=1965429091&OSSAccessKeyId=LTAI4G5RL7pjavqASCwc42kR&Signature=x17x8ICLLgtVMKshbqMVrSdf4xA%3D"},"isCommentLike":-5,"dislike_count":0},{"id":41946,"parent_id":41911,"type":2,"commentor":1864,"gmtCreate":null,"gmtModified":null,"like_count":0,"content":"对哇，我也很无语，呜呜呜呜呜呜呜呜呜","anonymity":1,"any_name":"哥斯拉","commentCount":null,"user":{"id":1864,"name":"鼠鼠","avatar_url":"http://test01-20200725.oss-cn-shenzhen.aliyuncs.com/image/1661703319698.jpg?Expires=1977063321&OSSAccessKeyId=LTAI4G5RL7pjavqASCwc42kR&Signature=QOmLE7ryxq7LMZ5yDvkLYNv%2F7ow%3D"},"isCommentLike":-5,"dislike_count":0}],"any_name":"哥斯拉","relation":-2,"liked":-4,"anonymity":1,"dislike_count":0}