{"id":115,"author":null,"author_avatar_url":null,"author_id":120,"author_status":1,"gmt_create":1629815974342,"gmt_modified":1629815974342,"content":"414","title":"414","description":"no description yet","like_count":1,"comment_count":0,"view_count":2,"type":"post","tag":"not tag yet","imageList":"http://test01-20200725.oss-cn-shenzhen.aliyuncs.com/image/1629815976277.jpg?Expires=1945175971&OSSAccessKeyId=LTAI4G5RL7pjavqASCwc42kR&Signature=BDOXmxcOkb%2BzJm9J9JcCjCDTbmA%3D","content_source":null,"comments":null,"any_name":"Redis设计与实现","relation":-2,"liked":-4,"anonymity":1,"dislike_count":0}