{"id":11576,"author":null,"author_avatar_url":null,"author_id":1148,"author_status":1,"gmt_create":1645257528874,"gmt_modified":1645257528874,"content":"用云课堂码登的网课，没记录怎么办啊","title":"用云课堂码登的网课，没记录怎么办啊","description":"no description yet","like_count":0,"comment_count":0,"view_count":7,"type":"post","tag":"not tag yet","imageList":"","content_source":null,"comments":null,"any_name":"Jerry","relation":-2,"liked":-4,"anonymity":1,"dislike_count":0}