{"id":11872,"author":null,"author_avatar_url":null,"author_id":3444,"author_status":1,"gmt_create":1645531428043,"gmt_modified":1645531428043,"content":"宿舍聊天当然没问题\n但是能不能不要一直一直聊你妈几个小时\n大姐 这个宿舍是没有公共区域吗 还是你不敢出门见人啊\uD83D\uDE05","title":"宿舍聊天当然没问题\n但是能不能不要一直一直聊你妈几个小时\n大姐 这个宿舍是没有公共区域吗 还是你不敢出门见人啊\uD83D\uDE05","description":"no description yet","like_count":4,"comment_count":0,"view_count":18,"type":"post","tag":"not tag yet","imageList":"","content_source":null,"comments":null,"any_name":"皮卡丘","relation":-2,"liked":-4,"anonymity":1,"dislike_count":0}