{"id":11937,"author":null,"author_avatar_url":null,"author_id":1150,"author_status":1,"gmt_create":1645598064597,"gmt_modified":1645598064597,"content":"美美畅想一下未来。如果香港开关了之后，我可以在澳门办去香港的旅游签吗？","title":"美美畅想一下未来。如果香港开关了之后，我可以在澳门办去香港的旅游签吗？","description":"no description yet","like_count":2,"comment_count":12,"view_count":415,"type":"post","tag":"not tag yet","imageList":"","content_source":null,"comments":[{"id":44023,"parent_id":11937,"type":1,"commentor":747,"gmtCreate":null,"gmtModified":null,"like_count":0,"content":"我有这个想法 但我在澳门官方网站上没查到给外地人员办理香港旅游签注的内容（好像澳门居民去香港免签注）","anonymity":1,"any_name":"皮卡丘","commentCount":null,"user":{"id":747,"name":"我不说我是谁","avatar_url":"http://test01-20200725.oss-cn-shenzhen.aliyuncs.com/image/1662629052845.jpg?Expires=1977989051&OSSAccessKeyId=LTAI4G5RL7pjavqASCwc42kR&Signature=FJX5NvdT9zZXG%2B9sViu7GFG8rWE%3D"},"isCommentLike":-5,"dislike_count":0},{"id":44030,"parent_id":11937,"type":1,"commentor":677,"gmtCreate":null,"gmtModified":null,"like_count":0,"content":"不懂就问，我们不是港澳通行证吗？","anonymity":0,"any_name":null,"commentCount":null,"user":{"id":677,"name":"哔哔叭叭","avatar_url":"http://test01-20200725.oss-cn-shenzhen.aliyuncs.com/image/1666753774319.jpg?Expires=1982113766&OSSAccessKeyId=LTAI4G5RL7pjavqASCwc42kR&Signature=LRKJh434z3oEOmmZ89WhI0Dr97o%3D"},"isCommentLike":-5,"dislike_count":0},{"id":44045,"parent_id":11937,"type":1,"commentor":586,"gmtCreate":null,"gmtModified":null,"like_count":0,"content":"只办签注珠海就能吧","anonymity":1,"any_name":"珠海小天使","commentCount":null,"user":{"id":586,"name":"Plan_B","avatar_url":"http://test01-20200725.oss-cn-shenzhen.aliyuncs.com/image/1667045955720.jpg?Expires=1982405951&OSSAccessKeyId=LTAI4G5RL7pjavqASCwc42kR&Signature=ANzjk9ukuq0ejO4pYnlC8MIQV1c%3D"},"isCommentLike":-5,"dislike_count":0},{"id":44054,"parent_id":11937,"type":1,"commentor":1043,"gmtCreate":null,"gmtModified":null,"like_count":0,"content":"可以的很方便","anonymity":1,"any_name":"人生的智慧","commentCount":null,"user":{"id":1043,"name":"Randy \uD83D\uDC31","avatar_url":"https://thirdwx.qlogo.cn/mmopen/vi_32/54HMe0FElvUs8d51A7cbt9tqo8Yia0rgNs5OCUIdSuhT6EUq6iaicZGzewMzUWOGcJeZEvNgTia7U2wuKGuq0JcAicg/132"},"isCommentLike":-5,"dislike_count":0},{"id":44029,"parent_id":44023,"type":2,"commentor":1150,"gmtCreate":null,"gmtModified":null,"like_count":0,"content":"那就是只能在老家办。好吧谢谢你！","anonymity":1,"any_name":"哥斯拉","commentCount":null,"user":{"id":1150,"name":"w","avatar_url":"https://thirdwx.qlogo.cn/mmopen/vi_32/csuyfGVLlQDFwrQY1v21eLhIZLhMcmqia0VybXibhRO8cRVx5zhsy6u20xhtOFncwOibDI81ecIRLhMHDfBibjvlhA/132"},"isCommentLike":-5,"dislike_count":0},{"id":44031,"parent_id":44030,"type":2,"commentor":1150,"gmtCreate":null,"gmtModified":null,"like_count":0,"content":"对的，但是我好像没懂你的问题哈哈哈哈","anonymity":1,"any_name":"哥斯拉","commentCount":null,"user":{"id":1150,"name":"w","avatar_url":"https://thirdwx.qlogo.cn/mmopen/vi_32/csuyfGVLlQDFwrQY1v21eLhIZLhMcmqia0VybXibhRO8cRVx5zhsy6u20xhtOFncwOibDI81ecIRLhMHDfBibjvlhA/132"},"isCommentLike":-5,"dislike_count":0},{"id":44035,"parent_id":44030,"type":2,"commentor":1750,"gmtCreate":null,"gmtModified":null,"like_count":0,"content":"需要香港签注啊","anonymity":1,"any_name":"老板","commentCount":null,"user":{"id":1750,"name":"Ellien","avatar_url":"http://test01-20200725.oss-cn-shenzhen.aliyuncs.com/image/1647020798389.jpg?Expires=1962380794&OSSAccessKeyId=LTAI4G5RL7pjavqASCwc42kR&Signature=zuB0fciJAIiWexrH59DFUTmeyWg%3D"},"isCommentLike":-5,"dislike_count":0},{"id":44053,"parent_id":44045,"type":2,"commentor":1150,"gmtCreate":null,"gmtModified":null,"like_count":0,"content":"但是我要是办了我不是就不能回澳门了吗 因为那个卡要收走","anonymity":1,"any_name":"哥斯拉","commentCount":null,"user":{"id":1150,"name":"w","avatar_url":"https://thirdwx.qlogo.cn/mmopen/vi_32/csuyfGVLlQDFwrQY1v21eLhIZLhMcmqia0VybXibhRO8cRVx5zhsy6u20xhtOFncwOibDI81ecIRLhMHDfBibjvlhA/132"},"isCommentLike":-5,"dislike_count":0},{"id":44055,"parent_id":44053,"type":2,"commentor":586,"gmtCreate":null,"gmtModified":null,"like_count":0,"content":"之前有自助机可以马上取的","anonymity":1,"any_name":"咖哩鱼蛋","commentCount":null,"user":{"id":586,"name":"Plan_B","avatar_url":"http://test01-20200725.oss-cn-shenzhen.aliyuncs.com/image/1667045955720.jpg?Expires=1982405951&OSSAccessKeyId=LTAI4G5RL7pjavqASCwc42kR&Signature=ANzjk9ukuq0ejO4pYnlC8MIQV1c%3D"},"isCommentLike":-5,"dislike_count":0},{"id":44057,"parent_id":44054,"type":2,"commentor":1150,"gmtCreate":null,"gmtModified":null,"like_count":0,"content":"在澳门办吗？","anonymity":1,"any_name":"哥斯拉","commentCount":null,"user":{"id":1150,"name":"w","avatar_url":"https://thirdwx.qlogo.cn/mmopen/vi_32/csuyfGVLlQDFwrQY1v21eLhIZLhMcmqia0VybXibhRO8cRVx5zhsy6u20xhtOFncwOibDI81ecIRLhMHDfBibjvlhA/132"},"isCommentLike":-5,"dislike_count":0},{"id":44058,"parent_id":44055,"type":2,"commentor":1150,"gmtCreate":null,"gmtModified":null,"like_count":0,"content":"啊我之前都不知道诶。。谢谢！","anonymity":1,"any_name":"哥斯拉","commentCount":null,"user":{"id":1150,"name":"w","avatar_url":"https://thirdwx.qlogo.cn/mmopen/vi_32/csuyfGVLlQDFwrQY1v21eLhIZLhMcmqia0VybXibhRO8cRVx5zhsy6u20xhtOFncwOibDI81ecIRLhMHDfBibjvlhA/132"},"isCommentLike":-5,"dislike_count":0},{"id":44065,"parent_id":44054,"type":2,"commentor":1043,"gmtCreate":null,"gmtModified":null,"like_count":0,"content":"對 以前沒有疫情的時候 台灣香港一年無限次往返","anonymity":1,"any_name":"大潭山车队","commentCount":null,"user":{"id":1043,"name":"Randy \uD83D\uDC31","avatar_url":"https://thirdwx.qlogo.cn/mmopen/vi_32/54HMe0FElvUs8d51A7cbt9tqo8Yia0rgNs5OCUIdSuhT6EUq6iaicZGzewMzUWOGcJeZEvNgTia7U2wuKGuq0JcAicg/132"},"isCommentLike":-5,"dislike_count":0}],"any_name":"哥斯拉","relation":-2,"liked":-4,"anonymity":1,"dislike_count":0}