{"id":12032,"author":null,"author_avatar_url":null,"author_id":782,"author_status":1,"gmt_create":1645695894136,"gmt_modified":1645695894136,"content":"今天我也是辱骂盒饭君bot好把\uD83D\uDE05 \uD83D\uDE05 \uD83D\uDE05 米饭夹生的？没双拼饭盒拿三拼饭盒打菜只给我盛满俩个格子，西红柿炒蛋永远的只盛西红柿\uD83D\uDE05 \uD83D\uDE05 \uD83D\uDE05","title":"今天我也是辱骂盒饭君bot好把\uD83D\uDE05 \uD83D\uDE05 \uD83D\uDE05 米饭夹生的？没双拼饭盒拿三拼饭盒打菜只给我盛满俩个格子，西红柿炒蛋永远的只盛西红柿\uD83D\uDE05 \uD83D\uDE05 \uD83D\uDE05","description":"no description yet","like_count":0,"comment_count":4,"view_count":284,"type":"post","tag":"not tag yet","imageList":"","content_source":null,"comments":[{"id":44447,"parent_id":12032,"type":1,"commentor":195,"gmtCreate":null,"gmtModified":null,"like_count":0,"content":"做饭质量越来越差","anonymity":1,"any_name":"Kelly","commentCount":null,"user":{"id":195,"name":"你猜","avatar_url":"http://test01-20200725.oss-cn-shenzhen.aliyuncs.com/image/1666698107765.jpg?Expires=1982058101&OSSAccessKeyId=LTAI4G5RL7pjavqASCwc42kR&Signature=I4bvN2vS8PjzlSjgrCXdAFB%2Fwdk%3D"},"isCommentLike":-5,"dislike_count":0},{"id":44452,"parent_id":12032,"type":1,"commentor":161,"gmtCreate":null,"gmtModified":null,"like_count":0,"content":"你试试看外卖群里面发 他们管理员看到会转告商户的","anonymity":1,"any_name":"出前一丁","commentCount":null,"user":{"id":161,"name":"jellyfish","avatar_url":"https://thirdwx.qlogo.cn/mmopen/vi_32/Q0j4TwGTfTJcXqaZf7oI1NZpdrmqibVtIkq0CLyCOx3J4WvO771FtGLb7ZeliakYoTBAV5E6buWJQVsgrM7JA84g/132"},"isCommentLike":-5,"dislike_count":0},{"id":44454,"parent_id":12032,"type":1,"commentor":1048,"gmtCreate":null,"gmtModified":null,"like_count":0,"content":"盒饭君bot是啥","anonymity":1,"any_name":"GRE精选","commentCount":null,"user":{"id":1048,"name":"Mxmtoon","avatar_url":"https://thirdwx.qlogo.cn/mmopen/vi_32/BgX1Kn6uGTJEd2EPsoR4dR9DUD9bOlSwHiae2D9R6ic78Hgqny8guZR5ibia8ua2xiajYjQkV54KJpnianxtd33deIkg/132"},"isCommentLike":-5,"dislike_count":0},{"id":44472,"parent_id":44454,"type":2,"commentor":725,"gmtCreate":null,"gmtModified":null,"like_count":0,"content":"是辱骂盒饭君bot啦hhh","anonymity":1,"any_name":"哥斯拉","commentCount":null,"user":{"id":725,"name":"修正带还是修正液","avatar_url":"https://thirdwx.qlogo.cn/mmopen/vi_32/SCBpWZw1RbabyOtzf1kQ5BkgnaLibFIYHZYLkONIzWVBCqhicEyZmRxsjLnRvIHt8DiacWy8FxoJib3a5qFocwPicbg/132"},"isCommentLike":-5,"dislike_count":0}],"any_name":"拱北快递员","relation":-2,"liked":-4,"anonymity":1,"dislike_count":0}