{"id":12073,"author":null,"author_avatar_url":null,"author_id":1396,"author_status":1,"gmt_create":1645716916891,"gmt_modified":1645716916891,"content":"科大有娃粉吗\uD83E\uDD7A\uD83E\uDD7A\uD83E\uDD7A\uD83E\uDD7A\uD83E\uDD7A\uD83E\uDD7A","title":"科大有娃粉吗\uD83E\uDD7A\uD83E\uDD7A\uD83E\uDD7A\uD83E\uDD7A\uD83E\uDD7A\uD83E\uDD7A","description":"no description yet","like_count":0,"comment_count":13,"view_count":386,"type":"post","tag":"not tag yet","imageList":"","content_source":null,"comments":[{"id":44581,"parent_id":12073,"type":1,"commentor":1322,"gmtCreate":null,"gmtModified":null,"like_count":4,"content":"真的真的怀念susu 五人体有点意难平","anonymity":1,"any_name":"哥斯拉","commentCount":null,"user":{"id":1322,"name":"pj","avatar_url":"http://test01-20200725.oss-cn-shenzhen.aliyuncs.com/image/1639935050189.jpg?Expires=1955295045&OSSAccessKeyId=LTAI4G5RL7pjavqASCwc42kR&Signature=zix0YndvuOfTWhNYfKuer8zQcSg%3D"},"isCommentLike":-5,"dislike_count":0},{"id":44632,"parent_id":12073,"type":1,"commentor":1725,"gmtCreate":null,"gmtModified":null,"like_count":1,"content":"啊啊啊娃曲真的很好听。。。","anonymity":1,"any_name":"和味牛杂","commentCount":null,"user":{"id":1725,"name":"U_629871636986","avatar_url":"http://test01-20200725.oss-cn-shenzhen.aliyuncs.com/image/1636989609963.jpg?Expires=1952349603&OSSAccessKeyId=LTAI4G5RL7pjavqASCwc42kR&Signature=X3zgKpElPAcJPBa65%2Fn9Hb40tSY%3D"},"isCommentLike":-5,"dislike_count":0},{"id":44566,"parent_id":12073,"type":1,"commentor":1295,"gmtCreate":null,"gmtModified":null,"like_count":0,"content":"是指俄罗斯三娃嘛？！","anonymity":1,"any_name":"珠海小天使","commentCount":null,"user":{"id":1295,"name":"U_637031633831","avatar_url":null},"isCommentLike":-5,"dislike_count":0},{"id":44573,"parent_id":12073,"type":1,"commentor":2086,"gmtCreate":null,"gmtModified":null,"like_count":0,"content":"能在科大找到混韩圈且搞女团的我就觉得很稀奇了 真的蛮少见","anonymity":1,"any_name":"微积分","commentCount":null,"user":{"id":2086,"name":"U_543701639323","avatar_url":null},"isCommentLike":-5,"dislike_count":0},{"id":44574,"parent_id":12073,"type":1,"commentor":2746,"gmtCreate":null,"gmtModified":null,"like_count":0,"content":"我娃要回归了。。I never die","anonymity":0,"any_name":null,"commentCount":null,"user":{"id":2746,"name":"哇打","avatar_url":"http://test01-20200725.oss-cn-shenzhen.aliyuncs.com/image/1642171897616.jpg?Expires=1957531891&OSSAccessKeyId=LTAI4G5RL7pjavqASCwc42kR&Signature=KX1ZhlMigV5B8o76h9IBAzPG0VI%3D"},"isCommentLike":-5,"dislike_count":0},{"id":44605,"parent_id":12073,"type":1,"commentor":328,"gmtCreate":null,"gmtModified":null,"like_count":0,"content":"呜呜呜穗珍，我好喜欢看她跳舞","anonymity":1,"any_name":"多喝热水","commentCount":null,"user":{"id":328,"name":"每天都很困","avatar_url":"http://test01-20200725.oss-cn-shenzhen.aliyuncs.com/image/1661699304888.png?Expires=1977059303&OSSAccessKeyId=LTAI4G5RL7pjavqASCwc42kR&Signature=WojBj5YDhY2Lt231vnf%2FX2VPRGc%3D"},"isCommentLike":-5,"dislike_count":0},{"id":44613,"parent_id":12073,"type":1,"commentor":1416,"gmtCreate":null,"gmtModified":null,"like_count":0,"content":"本女团博爱粉来了！","anonymity":0,"any_name":null,"commentCount":null,"user":{"id":1416,"name":"刷刷碗今天扫地","avatar_url":"http://test01-20200725.oss-cn-shenzhen.aliyuncs.com/image/1657959713163.jpg?Expires=1973319713&OSSAccessKeyId=LTAI4G5RL7pjavqASCwc42kR&Signature=L2catAoLK66uVZ6x7qyRgFaxg%2Fs%3D"},"isCommentLike":-5,"dislike_count":0},{"id":44569,"parent_id":44566,"type":2,"commentor":1396,"gmtCreate":null,"gmtModified":null,"like_count":0,"content":"韩国的一个女团\uD83E\uDD7A但是俄罗斯三娃我也很爱 最近有被千金和莎莎迷到","anonymity":1,"any_name":"网瘾少年","commentCount":null,"user":{"id":1396,"name":"Dddddd","avatar_url":"https://thirdwx.qlogo.cn/mmopen/vi_32/Q0j4TwGTfTL3P6KMc5z7oC2emibUnygAec8mrngE1ZmXnBDvON2wd3ua9EWrrxyWKwd14mfZlctibT2BxBpGXhnw/132"},"isCommentLike":-5,"dislike_count":0},{"id":44572,"parent_id":44569,"type":2,"commentor":1295,"gmtCreate":null,"gmtModified":null,"like_count":0,"content":"哦原来是韩国女团……我可能是最近花滑看多了所以第一反应是这个哈哈哈","anonymity":1,"any_name":"珠海小天使","commentCount":null,"user":{"id":1295,"name":"U_637031633831","avatar_url":null},"isCommentLike":-5,"dislike_count":0},{"id":44579,"parent_id":44574,"type":2,"commentor":1396,"gmtCreate":null,"gmtModified":null,"like_count":0,"content":"！没错 热血又被点燃了呜呜呜 终于回归了给我激动的不行","anonymity":1,"any_name":"网瘾少年","commentCount":null,"user":{"id":1396,"name":"Dddddd","avatar_url":"https://thirdwx.qlogo.cn/mmopen/vi_32/Q0j4TwGTfTL3P6KMc5z7oC2emibUnygAec8mrngE1ZmXnBDvON2wd3ua9EWrrxyWKwd14mfZlctibT2BxBpGXhnw/132"},"isCommentLike":-5,"dislike_count":0},{"id":44580,"parent_id":44573,"type":2,"commentor":1396,"gmtCreate":null,"gmtModified":null,"like_count":0,"content":"\uD83E\uDD72","anonymity":1,"any_name":"网瘾少年","commentCount":null,"user":{"id":1396,"name":"Dddddd","avatar_url":"https://thirdwx.qlogo.cn/mmopen/vi_32/Q0j4TwGTfTL3P6KMc5z7oC2emibUnygAec8mrngE1ZmXnBDvON2wd3ua9EWrrxyWKwd14mfZlctibT2BxBpGXhnw/132"},"isCommentLike":-5,"dislike_count":0},{"id":44585,"parent_id":44581,"type":2,"commentor":1396,"gmtCreate":null,"gmtModified":null,"like_count":0,"content":"我还在dream一个有生之年su回归女娃 最爱碎花真的狠狠意难平","anonymity":1,"any_name":"网瘾少年","commentCount":null,"user":{"id":1396,"name":"Dddddd","avatar_url":"https://thirdwx.qlogo.cn/mmopen/vi_32/Q0j4TwGTfTL3P6KMc5z7oC2emibUnygAec8mrngE1ZmXnBDvON2wd3ua9EWrrxyWKwd14mfZlctibT2BxBpGXhnw/132"},"isCommentLike":-5,"dislike_count":0},{"id":44614,"parent_id":44573,"type":2,"commentor":1416,"gmtCreate":null,"gmtModified":null,"like_count":0,"content":"康康我","anonymity":0,"any_name":null,"commentCount":null,"user":{"id":1416,"name":"刷刷碗今天扫地","avatar_url":"http://test01-20200725.oss-cn-shenzhen.aliyuncs.com/image/1657959713163.jpg?Expires=1973319713&OSSAccessKeyId=LTAI4G5RL7pjavqASCwc42kR&Signature=L2catAoLK66uVZ6x7qyRgFaxg%2Fs%3D"},"isCommentLike":-5,"dislike_count":0}],"any_name":"网瘾少年","relation":-2,"liked":-4,"anonymity":1,"dislike_count":0}