{"id":1209,"author":null,"author_avatar_url":null,"author_id":250,"author_status":1,"gmt_create":1632096645189,"gmt_modified":1632096645189,"content":"想问一下，有没有人做了管理导论的pre，跪求！","title":"想问一下，有没有人做了管理导论的pre，跪求！","description":"no description yet","like_count":0,"comment_count":2,"view_count":77,"type":"post","tag":"not tag yet","imageList":"","content_source":null,"comments":[{"id":3726,"parent_id":1209,"type":1,"commentor":937,"gmtCreate":null,"gmtModified":null,"like_count":0,"content":"去年Elizabeth班上的，表示还好咯，期末四个人分别讲polc四个步骤的一个，如果你是案例分析当我没说","anonymity":1,"any_name":"奥利奥","commentCount":null,"user":{"id":937,"name":"Paprika","avatar_url":"https://thirdwx.qlogo.cn/mmopen/vi_32/DYAIOgq83erXO0Hibm3qJlZAq1DEuggbNcFD7NCFFzJrk2VLe4pHwHvbA8JuV9oOibd44ibYWvprax9F18Ank1eibw/132"},"isCommentLike":-5,"dislike_count":0},{"id":3890,"parent_id":1209,"type":1,"commentor":1026,"gmtCreate":null,"gmtModified":null,"like_count":0,"content":"我是Daniel教的（就是那个大帅哥）课题不算难但是老师很刁钻，还是看老师吧","anonymity":1,"any_name":"芋圆奶茶","commentCount":null,"user":{"id":1026,"name":"十七","avatar_url":"https://thirdwx.qlogo.cn/mmopen/vi_32/3oLeV2Q4FDbgalGpcYExO0PI9DJuffPdVzhwVIbMtUSAMcfmWSmcyxsJmicZ9nszFR2UCJuKOxJCjsfKVIbgugw/132"},"isCommentLike":-5,"dislike_count":0}],"any_name":"网瘾少年","relation":-2,"liked":-4,"anonymity":1,"dislike_count":0}