{"id":12474,"author":"科大鸭","author_avatar_url":"http://test01-20200725.oss-cn-shenzhen.aliyuncs.com/image/1624370407433.jpeg?Expires=1939730402&OSSAccessKeyId=LTAI4G5RL7pjavqASCwc42kR&Signature=UEIvjfVREj9DPr4FHeyAIel3Guo%3D","author_id":15,"author_status":6,"gmt_create":1646104039930,"gmt_modified":1646104039930,"content":"hello 大家好鸭\n疫情又一次发生在我们身边了 大家一定都要好好注意自己的安全 卫生防护也要注意\n还有不要忘记天天开心哦","title":"hello 大家好鸭\n疫情又一次发生在我们身边了 大家一定都要好好注意自己的安全 卫生防护也要注意\n还有不要忘记天天开心哦","description":"no description yet","like_count":5,"comment_count":2,"view_count":24,"type":"post","tag":"not tag yet","imageList":"","content_source":null,"comments":[{"id":46208,"parent_id":12474,"type":1,"commentor":1751,"gmtCreate":null,"gmtModified":null,"like_count":0,"content":"the same to u","anonymity":0,"any_name":null,"commentCount":null,"user":{"id":1751,"name":"\uD83D\uDC1D\uD83D\uDC96\uD83D\uDD12\uD83D\uDC93","avatar_url":"http://test01-20200725.oss-cn-shenzhen.aliyuncs.com/image/1654747810230.jpg?Expires=1970107803&OSSAccessKeyId=LTAI4G5RL7pjavqASCwc42kR&Signature=KahWaPknZKH%2BMug469QddEs%2FSvI%3D"},"isCommentLike":-5,"dislike_count":0},{"id":46254,"parent_id":12474,"type":1,"commentor":1241,"gmtCreate":null,"gmtModified":null,"like_count":0,"content":"鸭鸭也注意安全！","anonymity":1,"any_name":"拱北快递员","commentCount":null,"user":{"id":1241,"name":"lilies","avatar_url":"http://test01-20200725.oss-cn-shenzhen.aliyuncs.com/image/1638097225372.jpg?Expires=1953457215&OSSAccessKeyId=LTAI4G5RL7pjavqASCwc42kR&Signature=ZpjZjuO%2F13e8TqPdcS8PmwI1kjE%3D"},"isCommentLike":-5,"dislike_count":0}],"any_name":null,"relation":-2,"liked":-4,"anonymity":0,"dislike_count":0}