{"id":12566,"author":null,"author_avatar_url":null,"author_id":154,"author_status":1,"gmt_create":1646188070856,"gmt_modified":1646188070856,"content":"请问商学院3.8+是什么水平，能到前百分之十吗","title":"请问商学院3.8+是什么水平，能到前百分之十吗","description":"no description yet","like_count":0,"comment_count":7,"view_count":367,"type":"post","tag":"not tag yet","imageList":"","content_source":null,"comments":[{"id":46408,"parent_id":12566,"type":1,"commentor":1656,"gmtCreate":null,"gmtModified":null,"like_count":0,"content":"可以吧，大概3.7以上就能百分之十","anonymity":0,"any_name":null,"commentCount":null,"user":{"id":1656,"name":"10001","avatar_url":"http://test01-20200725.oss-cn-shenzhen.aliyuncs.com/image/1636377423305.jpg?Expires=1951737419&OSSAccessKeyId=LTAI4G5RL7pjavqASCwc42kR&Signature=DPXbU%2BU%2B3BOjloGo8U70Wn0RL34%3D"},"isCommentLike":-5,"dislike_count":0},{"id":46412,"parent_id":12566,"type":1,"commentor":71,"gmtCreate":null,"gmtModified":null,"like_count":0,"content":"真的很好了，到前10%应该是可以的！","anonymity":1,"any_name":"珠海小天使","commentCount":null,"user":{"id":71,"name":"一支\uD83C\uDF4B茶","avatar_url":"http://test01-20200725.oss-cn-shenzhen.aliyuncs.com/image/1665761422653.jpg?Expires=1981121423&OSSAccessKeyId=LTAI4G5RL7pjavqASCwc42kR&Signature=HKm6K%2Fep6pjNO1GYdhmExFTk7rM%3D"},"isCommentLike":-5,"dislike_count":0},{"id":46418,"parent_id":12566,"type":1,"commentor":385,"gmtCreate":null,"gmtModified":null,"like_count":0,"content":"3.7+就是院榜了前二十肯定的了","anonymity":0,"any_name":null,"commentCount":null,"user":{"id":385,"name":"神经蛙","avatar_url":"https://thirdwx.qlogo.cn/mmopen/vi_32/Q3auHgzwzM5IwXjEOZlUExgV44N3e4dLGKniaPBIp7mWClSIiabW2cuF8WOM4860GIjTa4thibzIAtqqnSrDCfP9w/132"},"isCommentLike":-5,"dislike_count":0},{"id":46471,"parent_id":12566,"type":1,"commentor":1750,"gmtCreate":null,"gmtModified":null,"like_count":0,"content":"3.8院长优秀生了好吗……","anonymity":1,"any_name":"哥斯拉","commentCount":null,"user":{"id":1750,"name":"Ellien","avatar_url":"http://test01-20200725.oss-cn-shenzhen.aliyuncs.com/image/1647020798389.jpg?Expires=1962380794&OSSAccessKeyId=LTAI4G5RL7pjavqASCwc42kR&Signature=zuB0fciJAIiWexrH59DFUTmeyWg%3D"},"isCommentLike":-5,"dislike_count":0},{"id":46478,"parent_id":46408,"type":2,"commentor":766,"gmtCreate":null,"gmtModified":null,"like_count":0,"content":"大一也可以吗","anonymity":1,"any_name":"奥利奥","commentCount":null,"user":{"id":766,"name":"L_","avatar_url":"https://thirdwx.qlogo.cn/mmopen/vi_32/cRia1doM7SIZ61BTlrGpIjrd0vqiag4q1iaQASsb6htf9GTNicB3JC5Nc5picBGicCsaynqBOOKiaT6OROr6Cg8ia6oScA/132"},"isCommentLike":-5,"dislike_count":0},{"id":47109,"parent_id":46478,"type":2,"commentor":1656,"gmtCreate":null,"gmtModified":null,"like_count":0,"content":"这就不知道了","anonymity":0,"any_name":null,"commentCount":null,"user":{"id":1656,"name":"10001","avatar_url":"http://test01-20200725.oss-cn-shenzhen.aliyuncs.com/image/1636377423305.jpg?Expires=1951737419&OSSAccessKeyId=LTAI4G5RL7pjavqASCwc42kR&Signature=DPXbU%2BU%2B3BOjloGo8U70Wn0RL34%3D"},"isCommentLike":-5,"dislike_count":0},{"id":146580,"parent_id":46418,"type":2,"commentor":9906,"gmtCreate":null,"gmtModified":null,"like_count":0,"content":"3.7+就有院榜了吗","anonymity":0,"any_name":null,"commentCount":null,"user":{"id":9906,"name":"U_558241663144","avatar_url":null},"isCommentLike":-5,"dislike_count":0}],"any_name":"Anton","relation":-2,"liked":-4,"anonymity":1,"dislike_count":0}