{"id":12589,"author":null,"author_avatar_url":null,"author_id":1887,"author_status":1,"gmt_create":1646204533970,"gmt_modified":1646204533970,"content":"可以推一个琴海湾靠谱中介吗!!!","title":"可以推一个琴海湾靠谱中介吗!!!","description":"no description yet","like_count":2,"comment_count":2,"view_count":75,"type":"post","tag":"not tag yet","imageList":"","content_source":null,"comments":[{"id":46463,"parent_id":12589,"type":1,"commentor":1623,"gmtCreate":null,"gmtModified":null,"like_count":0,"content":"给你点赞了 私我","anonymity":1,"any_name":"四川麻辣烫","commentCount":null,"user":{"id":1623,"name":"土豆\uD83E\uDD54","avatar_url":"https://thirdwx.qlogo.cn/mmopen/vi_32/RrnJGs3COaA4JseWoCGvaicFX52cOiaibBz0EJsR4LG7WFA74DaicwYB4JQ4Ue5ySMIGcTkDprq4HkyKctVejrFvJw/132"},"isCommentLike":-5,"dislike_count":0},{"id":47574,"parent_id":12589,"type":1,"commentor":532,"gmtCreate":null,"gmtModified":null,"like_count":0,"content":"我有！","anonymity":0,"any_name":null,"commentCount":null,"user":{"id":532,"name":"★愛の殤☆","avatar_url":"http://test01-20200725.oss-cn-shenzhen.aliyuncs.com/image/1649830345087.jpg?Expires=1965190338&OSSAccessKeyId=LTAI4G5RL7pjavqASCwc42kR&Signature=9cOigbc5mF%2FRxb95YOO9YEbsqWk%3D"},"isCommentLike":-5,"dislike_count":0}],"any_name":"哥斯拉","relation":-2,"liked":-4,"anonymity":1,"dislike_count":0}