{"id":12618,"author":null,"author_avatar_url":null,"author_id":459,"author_status":1,"gmt_create":1646214263123,"gmt_modified":1646214263123,"content":"想问下横琴有性价比高点的理发店吗，想烫个头，男生(或者横琴附近也行)","title":"想问下横琴有性价比高点的理发店吗，想烫个头，男生(或者横琴附近也行)","description":"no description yet","like_count":0,"comment_count":1,"view_count":54,"type":"post","tag":"not tag yet","imageList":"","content_source":null,"comments":[{"id":46563,"parent_id":12618,"type":1,"commentor":3976,"gmtCreate":null,"gmtModified":null,"like_count":0,"content":"据我所知好像是没有的 都差不多","anonymity":1,"any_name":"亚古兽","commentCount":null,"user":{"id":3976,"name":"珈乐Carol","avatar_url":"http://test01-20200725.oss-cn-shenzhen.aliyuncs.com/image/1646131192012.jpg?Expires=1961491189&OSSAccessKeyId=LTAI4G5RL7pjavqASCwc42kR&Signature=Ou2Xld0rvP%2Bb%2BcJGU5SjEADJXKY%3D"},"isCommentLike":-5,"dislike_count":0}],"any_name":"GRE精选","relation":-2,"liked":-4,"anonymity":1,"dislike_count":0}