{"id":12862,"author":null,"author_avatar_url":null,"author_id":766,"author_status":1,"gmt_create":1646454715506,"gmt_modified":1646454715506,"content":"住横琴会影响学历认证的时候的逗留时间吗？","title":"住横琴会影响学历认证的时候的逗留时间吗？","description":"no description yet","like_count":0,"comment_count":4,"view_count":353,"type":"post","tag":"not tag yet","imageList":"","content_source":null,"comments":[{"id":47647,"parent_id":12862,"type":1,"commentor":1864,"gmtCreate":null,"gmtModified":null,"like_count":0,"content":"我也想问，但是那么多人都住横琴，应该没事吧","anonymity":1,"any_name":"拱北快递员","commentCount":null,"user":{"id":1864,"name":"鼠鼠","avatar_url":"http://test01-20200725.oss-cn-shenzhen.aliyuncs.com/image/1661703319698.jpg?Expires=1977063321&OSSAccessKeyId=LTAI4G5RL7pjavqASCwc42kR&Signature=QOmLE7ryxq7LMZ5yDvkLYNv%2F7ow%3D"},"isCommentLike":-5,"dislike_count":0},{"id":47649,"parent_id":12862,"type":1,"commentor":586,"gmtCreate":null,"gmtModified":null,"like_count":0,"content":"同问","anonymity":1,"any_name":"Anton","commentCount":null,"user":{"id":586,"name":"Plan_B","avatar_url":"http://test01-20200725.oss-cn-shenzhen.aliyuncs.com/image/1667045955720.jpg?Expires=1982405951&OSSAccessKeyId=LTAI4G5RL7pjavqASCwc42kR&Signature=ANzjk9ukuq0ejO4pYnlC8MIQV1c%3D"},"isCommentLike":-5,"dislike_count":0},{"id":47804,"parent_id":12862,"type":1,"commentor":4173,"gmtCreate":null,"gmtModified":null,"like_count":0,"content":"同问","anonymity":0,"any_name":null,"commentCount":null,"user":{"id":4173,"name":"U_363901646371","avatar_url":null},"isCommentLike":-5,"dislike_count":0},{"id":47912,"parent_id":12862,"type":1,"commentor":3287,"gmtCreate":null,"gmtModified":null,"like_count":0,"content":"+1","anonymity":1,"any_name":"Jerry","commentCount":null,"user":{"id":3287,"name":"花家地西里大橘猫","avatar_url":"http://test01-20200725.oss-cn-shenzhen.aliyuncs.com/image/1644623602142.jpg?Expires=1959983593&OSSAccessKeyId=LTAI4G5RL7pjavqASCwc42kR&Signature=GuSZLuX9zhvKPJWbkNALodi8lGE%3D"},"isCommentLike":-5,"dislike_count":0}],"any_name":"网瘾少年","relation":-2,"liked":-4,"anonymity":1,"dislike_count":0}