{"id":12927,"author":null,"author_avatar_url":null,"author_id":937,"author_status":1,"gmt_create":1646505405528,"gmt_modified":1646505405528,"content":"我自己家猫丢了，我妈才告诉我，有一周了，寻找无果……\n想起我这次是有史以来最不愿接受开学的一次，在家里天天都让这个小宝贝在床上躺着，回到学校我就莫名其妙地悲伤。突然觉得好像冥冥之中有天意，这才回学校半个多月他就离家出走了……我现在心中并没有确切的答案，很大概率找不回来他了，但还是祈祷最珍贵的事物会有奇迹发生。","title":"我自己家猫丢了，我妈才告诉我，有一周了，寻找无果……\n想起我这次是有史以来最不愿接受开学的一次，在家里天天都让这个小宝贝在床上躺着，回到学校我就莫名其妙地悲伤。突然觉得好","description":"no description yet","like_count":0,"comment_count":5,"view_count":222,"type":"post","tag":"not tag yet","imageList":"","content_source":null,"comments":[{"id":47900,"parent_id":12927,"type":1,"commentor":981,"gmtCreate":null,"gmtModified":null,"like_count":4,"content":"有个玄学法，要用到一碗清水，张开的剪刀什么的，你可以去微博搜搜；还有拜托家附近的流浪猫，可以把有小猫气味的东西和食物放在一起，如果亲人的话再念叨两句，有的猫猫是很有灵性的，当然不要弄伤自己。祝你早早找到猫咪","anonymity":0,"any_name":null,"commentCount":null,"user":{"id":981,"name":"长句","avatar_url":"https://thirdwx.qlogo.cn/mmopen/vi_32/h2eVI2ysJw3XgGIGCHXjtxYDC3ia24GHAjjIIicQ4pa2bMT5GQq8Po3Hdzhadp8gyVXBiaGsOYFKTcJVBm958rwibQ/132"},"isCommentLike":-5,"dislike_count":0},{"id":47901,"parent_id":12927,"type":1,"commentor":981,"gmtCreate":null,"gmtModified":null,"like_count":0,"content":"现在是发情的季节，如果没做绝育的话可能是找伴侣去了，说不定自己还会回来","anonymity":1,"any_name":"大潭山车队","commentCount":null,"user":{"id":981,"name":"长句","avatar_url":"https://thirdwx.qlogo.cn/mmopen/vi_32/h2eVI2ysJw3XgGIGCHXjtxYDC3ia24GHAjjIIicQ4pa2bMT5GQq8Po3Hdzhadp8gyVXBiaGsOYFKTcJVBm958rwibQ/132"},"isCommentLike":-5,"dislike_count":0},{"id":47922,"parent_id":12927,"type":1,"commentor":891,"gmtCreate":null,"gmtModified":null,"like_count":0,"content":"是公猫母猫啊。我们家的母猫跑走七八天后来自己又回来了（揣了崽）","anonymity":1,"any_name":"奥利奥","commentCount":null,"user":{"id":891,"name":"王大王（动森打工版）","avatar_url":"https://thirdwx.qlogo.cn/mmopen/vi_32/Q0j4TwGTfTL72YEQthvp6YS76yVSRTJliaR7hGIqwsGCXyicicPEdQfOrmkqXQukW4HG3p2P9JCOWLQicRPIFv5k7A/132"},"isCommentLike":-5,"dislike_count":0},{"id":47931,"parent_id":47900,"type":2,"commentor":937,"gmtCreate":null,"gmtModified":null,"like_count":0,"content":"谢谢你！虽然一周了我还是打算叫我妈试试玄学，信则有不信则无","anonymity":1,"any_name":"水箭龟","commentCount":null,"user":{"id":937,"name":"Paprika","avatar_url":"https://thirdwx.qlogo.cn/mmopen/vi_32/DYAIOgq83erXO0Hibm3qJlZAq1DEuggbNcFD7NCFFzJrk2VLe4pHwHvbA8JuV9oOibd44ibYWvprax9F18Ank1eibw/132"},"isCommentLike":-5,"dislike_count":0},{"id":47932,"parent_id":47922,"type":2,"commentor":937,"gmtCreate":null,"gmtModified":null,"like_count":0,"content":"公的，确实想找老婆\uD83D\uDE02，但是他在外面又并不是很吃得开","anonymity":1,"any_name":"水箭龟","commentCount":null,"user":{"id":937,"name":"Paprika","avatar_url":"https://thirdwx.qlogo.cn/mmopen/vi_32/DYAIOgq83erXO0Hibm3qJlZAq1DEuggbNcFD7NCFFzJrk2VLe4pHwHvbA8JuV9oOibd44ibYWvprax9F18Ank1eibw/132"},"isCommentLike":-5,"dislike_count":0}],"any_name":"水箭龟","relation":-2,"liked":-4,"anonymity":1,"dislike_count":0}