{"id":12931,"author":null,"author_avatar_url":null,"author_id":784,"author_status":1,"gmt_create":1646533461273,"gmt_modified":1646533461273,"content":"想知道科大les多嘛\uD83D\uDC40","title":"想知道科大les多嘛\uD83D\uDC40","description":"no description yet","like_count":0,"comment_count":12,"view_count":403,"type":"post","tag":"not tag yet","imageList":"","content_source":null,"comments":[{"id":47914,"parent_id":12931,"type":1,"commentor":1683,"gmtCreate":null,"gmtModified":null,"like_count":0,"content":"一两百个","anonymity":1,"any_name":"允指原味鸡","commentCount":null,"user":{"id":1683,"name":"Rarity","avatar_url":"http://test01-20200725.oss-cn-shenzhen.aliyuncs.com/image/1661566204106.jpg?Expires=1976926200&OSSAccessKeyId=LTAI4G5RL7pjavqASCwc42kR&Signature=bkV9B%2FZEWNKBsMo%2BJxR0xngtBvI%3D"},"isCommentLike":-5,"dislike_count":0},{"id":47929,"parent_id":12931,"type":1,"commentor":1300,"gmtCreate":null,"gmtModified":null,"like_count":0,"content":"多了去了","anonymity":1,"any_name":"四川麻辣烫","commentCount":null,"user":{"id":1300,"name":"momo","avatar_url":"https://thirdwx.qlogo.cn/mmopen/vi_32/Q3auHgzwzM7CGtMib0fLpiacnFCIV4p4fOQq7YJFnq1qz3Rib80wFzy3bQgCZJ8zbY0YpiciakLNOuK69UMKfibj3lwg/132"},"isCommentLike":-5,"dislike_count":0},{"id":47930,"parent_id":12931,"type":1,"commentor":1255,"gmtCreate":null,"gmtModified":null,"like_count":0,"content":"应该不少，但我没遇到几个","anonymity":1,"any_name":"Jerry","commentCount":null,"user":{"id":1255,"name":"AmorAida","avatar_url":"http://test01-20200725.oss-cn-shenzhen.aliyuncs.com/image/1657639521897.jpg?Expires=1972999522&OSSAccessKeyId=LTAI4G5RL7pjavqASCwc42kR&Signature=IwuMELBueJfYSWvEE%2F1051fYOXI%3D"},"isCommentLike":-5,"dislike_count":0},{"id":47944,"parent_id":12931,"type":1,"commentor":1934,"gmtCreate":null,"gmtModified":null,"like_count":0,"content":"没遇到过P","anonymity":1,"any_name":"六级词汇","commentCount":null,"user":{"id":1934,"name":"Moooohi","avatar_url":"https://thirdwx.qlogo.cn/mmopen/vi_32/g2T2gr7SqneMpkZyicqgUxk0ElaP9Toibaic7qRcU9YBQ7ZFdV2ib9Nsz8DmWn3HGrF7z5dPKqUZhXuP0pVvjup4Lw/132"},"isCommentLike":-5,"dislike_count":0},{"id":47991,"parent_id":12931,"type":1,"commentor":647,"gmtCreate":null,"gmtModified":null,"like_count":0,"content":"多 但是有些真的看不出来她是\uD83E\uDD72","anonymity":1,"any_name":"三鲜水饺","commentCount":null,"user":{"id":647,"name":"凍檸茶少奶","avatar_url":"http://test01-20200725.oss-cn-shenzhen.aliyuncs.com/image/1656908230605.jpg?Expires=1972268225&OSSAccessKeyId=LTAI4G5RL7pjavqASCwc42kR&Signature=yOhRWNWlRDNQY%2BdkKCNMZ%2BnB2g4%3D"},"isCommentLike":-5,"dislike_count":0},{"id":48052,"parent_id":12931,"type":1,"commentor":3910,"gmtCreate":null,"gmtModified":null,"like_count":0,"content":"为什么从未遇到ㅠㅠ","anonymity":1,"any_name":"网瘾少年","commentCount":null,"user":{"id":3910,"name":"U_24911645795","avatar_url":null},"isCommentLike":-5,"dislike_count":0},{"id":47941,"parent_id":47914,"type":2,"commentor":784,"gmtCreate":null,"gmtModified":null,"like_count":0,"content":"在哪 从未发现","anonymity":1,"any_name":"微积分","commentCount":null,"user":{"id":784,"name":"越","avatar_url":"https://thirdwx.qlogo.cn/mmopen/vi_32/Q0j4TwGTfTLxHm0z7Rh5ONBwiagN2NAYg40QY4gLibscdWnN7Ypqf3VWaAA5zoziarEiayEXPpJNS4nwWnBU34u0hQ/132"},"isCommentLike":-5,"dislike_count":0},{"id":47942,"parent_id":47929,"type":2,"commentor":784,"gmtCreate":null,"gmtModified":null,"like_count":0,"content":"真的吗\uD83D\uDE39","anonymity":1,"any_name":"微积分","commentCount":null,"user":{"id":784,"name":"越","avatar_url":"https://thirdwx.qlogo.cn/mmopen/vi_32/Q0j4TwGTfTLxHm0z7Rh5ONBwiagN2NAYg40QY4gLibscdWnN7Ypqf3VWaAA5zoziarEiayEXPpJNS4nwWnBU34u0hQ/132"},"isCommentLike":-5,"dislike_count":0},{"id":47946,"parent_id":47941,"type":2,"commentor":1683,"gmtCreate":null,"gmtModified":null,"like_count":0,"content":"她们有个专门的拉拉群","anonymity":1,"any_name":"允指原味鸡","commentCount":null,"user":{"id":1683,"name":"Rarity","avatar_url":"http://test01-20200725.oss-cn-shenzhen.aliyuncs.com/image/1661566204106.jpg?Expires=1976926200&OSSAccessKeyId=LTAI4G5RL7pjavqASCwc42kR&Signature=bkV9B%2FZEWNKBsMo%2BJxR0xngtBvI%3D"},"isCommentLike":-5,"dislike_count":0},{"id":47999,"parent_id":47991,"type":2,"commentor":784,"gmtCreate":null,"gmtModified":null,"like_count":0,"content":"感觉有故事\uD83D\uDC42","anonymity":1,"any_name":"微积分","commentCount":null,"user":{"id":784,"name":"越","avatar_url":"https://thirdwx.qlogo.cn/mmopen/vi_32/Q0j4TwGTfTLxHm0z7Rh5ONBwiagN2NAYg40QY4gLibscdWnN7Ypqf3VWaAA5zoziarEiayEXPpJNS4nwWnBU34u0hQ/132"},"isCommentLike":-5,"dislike_count":0},{"id":48051,"parent_id":47946,"type":2,"commentor":3910,"gmtCreate":null,"gmtModified":null,"like_count":0,"content":"真的很想求入那个群\uD83E\uDD7A","anonymity":1,"any_name":"网瘾少年","commentCount":null,"user":{"id":3910,"name":"U_24911645795","avatar_url":null},"isCommentLike":-5,"dislike_count":0},{"id":48067,"parent_id":48051,"type":2,"commentor":1683,"gmtCreate":null,"gmtModified":null,"like_count":0,"content":"找别人问呗，我又不是拉拉","anonymity":1,"any_name":"允指原味鸡","commentCount":null,"user":{"id":1683,"name":"Rarity","avatar_url":"http://test01-20200725.oss-cn-shenzhen.aliyuncs.com/image/1661566204106.jpg?Expires=1976926200&OSSAccessKeyId=LTAI4G5RL7pjavqASCwc42kR&Signature=bkV9B%2FZEWNKBsMo%2BJxR0xngtBvI%3D"},"isCommentLike":-5,"dislike_count":0}],"any_name":"微积分","relation":-2,"liked":-4,"anonymity":1,"dislike_count":0}