{"id":12970,"author":null,"author_avatar_url":null,"author_id":1025,"author_status":1,"gmt_create":1646569077691,"gmt_modified":1646569077691,"content":"每当我想起来大学小组作业的意义，我的答案是:教会了我拖航母","title":"每当我想起来大学小组作业的意义，我的答案是:教会了我拖航母","description":"no description yet","like_count":4,"comment_count":0,"view_count":15,"type":"post","tag":"not tag yet","imageList":"","content_source":null,"comments":null,"any_name":"Redis设计与实现","relation":-2,"liked":-4,"anonymity":1,"dislike_count":0}