{"id":13265,"author":null,"author_avatar_url":null,"author_id":1938,"author_status":1,"gmt_create":1646821962983,"gmt_modified":1646821962983,"content":"有人顿顿都不吃泡面 不自己做饭 都吃学校餐厅的吗","title":"有人顿顿都不吃泡面 不自己做饭 都吃学校餐厅的吗","description":"no description yet","like_count":1,"comment_count":5,"view_count":292,"type":"post","tag":"not tag yet","imageList":"","content_source":null,"comments":[{"id":49250,"parent_id":13265,"type":1,"commentor":1397,"gmtCreate":null,"gmtModified":null,"like_count":0,"content":"我！但是我偶尔懒得出门会点外卖","anonymity":1,"any_name":"水箭龟","commentCount":null,"user":{"id":1397,"name":"南加州的水果酒","avatar_url":"https://thirdwx.qlogo.cn/mmopen/vi_32/DyqPD7iaQcQWd3npX4BJyPQllyLwvvyrpbk7Du0yPVBgcI1Yaib03ribXLvib77YKtzmXKtn0BPAvx2d9AGcgr6Igg/132"},"isCommentLike":-5,"dislike_count":0},{"id":49252,"parent_id":13265,"type":1,"commentor":1295,"gmtCreate":null,"gmtModified":null,"like_count":0,"content":"我！餐餐在饭堂","anonymity":1,"any_name":"GRE精选","commentCount":null,"user":{"id":1295,"name":"U_637031633831","avatar_url":null},"isCommentLike":-5,"dislike_count":0},{"id":49255,"parent_id":13265,"type":1,"commentor":1751,"gmtCreate":null,"gmtModified":null,"like_count":0,"content":"我！天天吃學校飯堂！","anonymity":0,"any_name":null,"commentCount":null,"user":{"id":1751,"name":"\uD83D\uDC1D\uD83D\uDC96\uD83D\uDD12\uD83D\uDC93","avatar_url":"http://test01-20200725.oss-cn-shenzhen.aliyuncs.com/image/1654747810230.jpg?Expires=1970107803&OSSAccessKeyId=LTAI4G5RL7pjavqASCwc42kR&Signature=KahWaPknZKH%2BMug469QddEs%2FSvI%3D"},"isCommentLike":-5,"dislike_count":0},{"id":49261,"parent_id":13265,"type":1,"commentor":937,"gmtCreate":null,"gmtModified":null,"like_count":0,"content":"有，点外卖+食堂，懒得自己做了，自己也忙","anonymity":1,"any_name":"芋圆奶茶","commentCount":null,"user":{"id":937,"name":"Paprika","avatar_url":"https://thirdwx.qlogo.cn/mmopen/vi_32/DYAIOgq83erXO0Hibm3qJlZAq1DEuggbNcFD7NCFFzJrk2VLe4pHwHvbA8JuV9oOibd44ibYWvprax9F18Ank1eibw/132"},"isCommentLike":-5,"dislike_count":0},{"id":49278,"parent_id":13265,"type":1,"commentor":592,"gmtCreate":null,"gmtModified":null,"like_count":0,"content":"我","anonymity":1,"any_name":"亚古兽","commentCount":null,"user":{"id":592,"name":"xxl","avatar_url":"http://test01-20200725.oss-cn-shenzhen.aliyuncs.com/image/1664352859085.jpg?Expires=1979712854&OSSAccessKeyId=LTAI4G5RL7pjavqASCwc42kR&Signature=jqrJUes41AT1wXmBa32L8fBdjCs%3D"},"isCommentLike":-5,"dislike_count":0}],"any_name":"大潭山车队","relation":-2,"liked":-4,"anonymity":1,"dislike_count":0}