{"id":13320,"author":null,"author_avatar_url":null,"author_id":550,"author_status":1,"gmt_create":1646854994830,"gmt_modified":1646854994830,"content":"三点半在G外面大喊大叫的 真服了 第一次被除了室友之外的人半夜吵醒","title":"三点半在G外面大喊大叫的 真服了 第一次被除了室友之外的人半夜吵醒","description":"no description yet","like_count":0,"comment_count":0,"view_count":10,"type":"post","tag":"not tag yet","imageList":"","content_source":null,"comments":null,"any_name":"大潭山车队","relation":-2,"liked":-4,"anonymity":1,"dislike_count":0}