{"id":13377,"author":null,"author_avatar_url":null,"author_id":1056,"author_status":1,"gmt_create":1646920724639,"gmt_modified":1646920724639,"content":"快给我点赞！！","title":"快给我点赞！！","description":"no description yet","like_count":3,"comment_count":4,"view_count":138,"type":"post","tag":"not tag yet","imageList":"","content_source":null,"comments":[{"id":49670,"parent_id":13377,"type":1,"commentor":1295,"gmtCreate":null,"gmtModified":null,"like_count":0,"content":"点赞会发生什么？","anonymity":1,"any_name":"Redis设计与实现","commentCount":null,"user":{"id":1295,"name":"U_637031633831","avatar_url":null},"isCommentLike":-5,"dislike_count":0},{"id":49672,"parent_id":49670,"type":2,"commentor":1056,"gmtCreate":null,"gmtModified":null,"like_count":0,"content":"确认一下他看过嘻嘻","anonymity":1,"any_name":"老板","commentCount":null,"user":{"id":1056,"name":"Jane","avatar_url":"http://test01-20200725.oss-cn-shenzhen.aliyuncs.com/image/1667009343942.jpg?Expires=1982369342&OSSAccessKeyId=LTAI4G5RL7pjavqASCwc42kR&Signature=S3iKcssDln8g%2FX%2F7iY27oZ35PgE%3D"},"isCommentLike":-5,"dislike_count":0},{"id":49675,"parent_id":49672,"type":2,"commentor":1295,"gmtCreate":null,"gmtModified":null,"like_count":0,"content":"好吧我以为是说给你这条帖子点赞……","anonymity":1,"any_name":"Redis设计与实现","commentCount":null,"user":{"id":1295,"name":"U_637031633831","avatar_url":null},"isCommentLike":-5,"dislike_count":0},{"id":49683,"parent_id":49675,"type":2,"commentor":1056,"gmtCreate":null,"gmtModified":null,"like_count":0,"content":"哈哈哈是pyq啦","anonymity":1,"any_name":"老板","commentCount":null,"user":{"id":1056,"name":"Jane","avatar_url":"http://test01-20200725.oss-cn-shenzhen.aliyuncs.com/image/1667009343942.jpg?Expires=1982369342&OSSAccessKeyId=LTAI4G5RL7pjavqASCwc42kR&Signature=S3iKcssDln8g%2FX%2F7iY27oZ35PgE%3D"},"isCommentLike":-5,"dislike_count":0}],"any_name":"老板","relation":-2,"liked":-4,"anonymity":1,"dislike_count":0}