{"id":13398,"author":null,"author_avatar_url":null,"author_id":894,"author_status":1,"gmt_create":1646932183231,"gmt_modified":1646932183231,"content":"有个事情困惑很久了，最近在群里看到有人在宣传家教，不是学生签证不能jian职嘛，我好奇问了一下负责人竟然说可以？？！是私底下做还是根本就骗人信息费的啊？？奇怪的是身边蛮多人好像都做过家jiao…","title":"有个事情困惑很久了，最近在群里看到有人在宣传家教，不是学生签证不能jian职嘛，我好奇问了一下负责人竟然说可以？？！是私底下做还是根本就骗人信息费的啊？？奇怪的是身边蛮多","description":"no description yet","like_count":0,"comment_count":2,"view_count":347,"type":"post","tag":"not tag yet","imageList":"","content_source":null,"comments":[{"id":49752,"parent_id":13398,"type":1,"commentor":1547,"gmtCreate":null,"gmtModified":null,"like_count":0,"content":"民不举官不究罢了，终究是没有保障的","anonymity":0,"any_name":null,"commentCount":null,"user":{"id":1547,"name":"糖糖","avatar_url":"http://test01-20200725.oss-cn-shenzhen.aliyuncs.com/image/1647939276989.jpg?Expires=1963299275&OSSAccessKeyId=LTAI4G5RL7pjavqASCwc42kR&Signature=kd5YHUdVCcQtpuxGl3SiEO1Itto%3D"},"isCommentLike":-5,"dislike_count":0},{"id":49759,"parent_id":13398,"type":1,"commentor":469,"gmtCreate":null,"gmtModified":null,"like_count":0,"content":"有把柄在人手里就不好了，毕竟不光彩","anonymity":1,"any_name":"奥利奥","commentCount":null,"user":{"id":469,"name":"拟罪豪士","avatar_url":"http://test01-20200725.oss-cn-shenzhen.aliyuncs.com/image/1666343885041.jpg?Expires=1981703877&OSSAccessKeyId=LTAI4G5RL7pjavqASCwc42kR&Signature=u7mV2VMqb2J9rVWR58suCrdi5S0%3D"},"isCommentLike":-5,"dislike_count":0}],"any_name":"亚古兽","relation":-2,"liked":-4,"anonymity":1,"dislike_count":0}