{"id":13623,"author":null,"author_avatar_url":null,"author_id":1396,"author_status":1,"gmt_create":1647102500225,"gmt_modified":1647102500225,"content":"宿舍确认后不想住的话 违约金大概是多少啊\n有uu知道吗","title":"宿舍确认后不想住的话 违约金大概是多少啊\n有uu知道吗","description":"no description yet","like_count":0,"comment_count":4,"view_count":383,"type":"post","tag":"not tag yet","imageList":"","content_source":null,"comments":[{"id":50555,"parent_id":13623,"type":1,"commentor":894,"gmtCreate":null,"gmtModified":null,"like_count":0,"content":"百分之30","anonymity":1,"any_name":"Jerry","commentCount":null,"user":{"id":894,"name":"y∩__∩y","avatar_url":"https://thirdwx.qlogo.cn/mmopen/vi_32/Q0j4TwGTfTLvHSooAhldC2diaY7555dhaaBR7NIc7ibibRjAnQWr6QQb9WMDDtoIb9lfiaRjCl8iayI3KchLibKjEAlg/132"},"isCommentLike":-5,"dislike_count":0},{"id":50557,"parent_id":13623,"type":1,"commentor":1396,"gmtCreate":null,"gmtModified":null,"like_count":0,"content":"好的好的 谢谢啦","anonymity":1,"any_name":"六级词汇","commentCount":null,"user":{"id":1396,"name":"Dddddd","avatar_url":"https://thirdwx.qlogo.cn/mmopen/vi_32/Q0j4TwGTfTL3P6KMc5z7oC2emibUnygAec8mrngE1ZmXnBDvON2wd3ua9EWrrxyWKwd14mfZlctibT2BxBpGXhnw/132"},"isCommentLike":-5,"dislike_count":0},{"id":50609,"parent_id":13623,"type":1,"commentor":262,"gmtCreate":null,"gmtModified":null,"like_count":0,"content":"应该不止百分之三十 前年是百分之三十 从去年就是一毛都不退了","anonymity":1,"any_name":"Anton","commentCount":null,"user":{"id":262,"name":"清禾","avatar_url":"https://thirdwx.qlogo.cn/mmopen/vi_32/vibNyAtFicrC7CWQB4siadoQRX5QObMaK29iatolcT6c3lEXBJzkkVia2UzKaZHFWqdjiac5LmWwS5uXyvfuWFcFHWcQ/132"},"isCommentLike":-5,"dislike_count":0},{"id":50627,"parent_id":13623,"type":1,"commentor":261,"gmtCreate":null,"gmtModified":null,"like_count":0,"content":"只要你coes还没确认就行","anonymity":1,"any_name":"微积分","commentCount":null,"user":{"id":261,"name":"老赵的草履虫","avatar_url":"https://thirdwx.qlogo.cn/mmopen/vi_32/aEGPpUUSuB5Iibk7mT1Ln8um1iau0tbGVgmCcMs2lDE2cicGJkC4ul95IQ1hOeohrS6x9FXhvDgrFWB0XTVU3MPYA/132"},"isCommentLike":-5,"dislike_count":0}],"any_name":"六级词汇","relation":-2,"liked":-4,"anonymity":1,"dislike_count":0}