{"id":13662,"author":"已经…没有海星了","author_avatar_url":"http://test01-20200725.oss-cn-shenzhen.aliyuncs.com/image/1655657384672.jpg?Expires=1971017376&OSSAccessKeyId=LTAI4G5RL7pjavqASCwc42kR&Signature=VulKD1KTsmBSVHOYsJXv9AfFh9A%3D","author_id":3549,"author_status":1,"gmt_create":1647162367617,"gmt_modified":1647162367617,"content":"uu们，这些在伦敦人巴黎人和威尼斯人有得卖吗？","title":"uu们，这些在伦敦人巴黎人和威尼斯人有得卖吗？","description":"no description yet","like_count":0,"comment_count":8,"view_count":182,"type":"post","tag":"not tag yet","imageList":"http://test01-20200725.oss-cn-shenzhen.aliyuncs.com/image/1647162348176.jpg?Expires=1962522341&OSSAccessKeyId=LTAI4G5RL7pjavqASCwc42kR&Signature=TrgWZgJ0yCWBcUdhfZjZos8aNBg%3D;http://test01-20200725.oss-cn-shenzhen.aliyuncs.com/image/1647162349397.jpg?Expires=1962522347&OSSAccessKeyId=LTAI4G5RL7pjavqASCwc42kR&Signature=HdVlF0PFJDJdMZhx4flVf31eOWs%3D;http://test01-20200725.oss-cn-shenzhen.aliyuncs.com/image/1647162354676.jpg?Expires=1962522349&OSSAccessKeyId=LTAI4G5RL7pjavqASCwc42kR&Signature=O2HmTDDt3gzL5AgA%2BefojXk5O94%3D","content_source":null,"comments":[{"id":50715,"parent_id":13662,"type":1,"commentor":1430,"gmtCreate":null,"gmtModified":null,"like_count":0,"content":"后在sasa见过","anonymity":0,"any_name":null,"commentCount":null,"user":{"id":1430,"name":"momo","avatar_url":"https://thirdwx.qlogo.cn/mmopen/vi_32/DYAIOgq83eqAmR3YYZK5OFEx2M67a9IPibgQmtuR3xBs2MiclUaiaQRkp54q9dmkOh0VcR2bWk5iajibEOQIKicib6kuw/132"},"isCommentLike":-5,"dislike_count":0},{"id":50718,"parent_id":13662,"type":1,"commentor":2165,"gmtCreate":null,"gmtModified":null,"like_count":0,"content":"新濠有","anonymity":1,"any_name":"奥利奥","commentCount":null,"user":{"id":2165,"name":"嘉然今天吃什么","avatar_url":"http://test01-20200725.oss-cn-shenzhen.aliyuncs.com/image/1645279475060.jpg?Expires=1960639469&OSSAccessKeyId=LTAI4G5RL7pjavqASCwc42kR&Signature=PFm1Zyxa3qeCx%2FUMCUemCSR8lPQ%3D"},"isCommentLike":-5,"dislike_count":0},{"id":50727,"parent_id":13662,"type":1,"commentor":1222,"gmtCreate":null,"gmtModified":null,"like_count":0,"content":"23在dfs有","anonymity":0,"any_name":null,"commentCount":null,"user":{"id":1222,"name":".、","avatar_url":"http://test01-20200725.oss-cn-shenzhen.aliyuncs.com/image/1661672886151.jpg?Expires=1977032877&OSSAccessKeyId=LTAI4G5RL7pjavqASCwc42kR&Signature=JnzkepYGYPXWqS06GaGSivx8sWw%3D"},"isCommentLike":-5,"dislike_count":0},{"id":50735,"parent_id":13662,"type":1,"commentor":3549,"gmtCreate":null,"gmtModified":null,"like_count":0,"content":"谢谢xdm","anonymity":0,"any_name":null,"commentCount":null,"user":{"id":3549,"name":"已经…没有海星了","avatar_url":"http://test01-20200725.oss-cn-shenzhen.aliyuncs.com/image/1655657384672.jpg?Expires=1971017376&OSSAccessKeyId=LTAI4G5RL7pjavqASCwc42kR&Signature=VulKD1KTsmBSVHOYsJXv9AfFh9A%3D"},"isCommentLike":-5,"dislike_count":0},{"id":50752,"parent_id":13662,"type":1,"commentor":161,"gmtCreate":null,"gmtModified":null,"like_count":0,"content":"不一定有货 whoo的隔离很难买","anonymity":1,"any_name":"皮卡丘","commentCount":null,"user":{"id":161,"name":"jellyfish","avatar_url":"https://thirdwx.qlogo.cn/mmopen/vi_32/Q0j4TwGTfTJcXqaZf7oI1NZpdrmqibVtIkq0CLyCOx3J4WvO771FtGLb7ZeliakYoTBAV5E6buWJQVsgrM7JA84g/132"},"isCommentLike":-5,"dislike_count":0},{"id":50762,"parent_id":50752,"type":2,"commentor":3549,"gmtCreate":null,"gmtModified":null,"like_count":0,"content":"已经没有了.....\uD83E\uDD26","anonymity":0,"any_name":null,"commentCount":null,"user":{"id":3549,"name":"已经…没有海星了","avatar_url":"http://test01-20200725.oss-cn-shenzhen.aliyuncs.com/image/1655657384672.jpg?Expires=1971017376&OSSAccessKeyId=LTAI4G5RL7pjavqASCwc42kR&Signature=VulKD1KTsmBSVHOYsJXv9AfFh9A%3D"},"isCommentLike":-5,"dislike_count":0},{"id":50797,"parent_id":50762,"type":2,"commentor":161,"gmtCreate":null,"gmtModified":null,"like_count":0,"content":"嘿嘿 你买到了踢踢我！这个很好用","anonymity":1,"any_name":"皮卡丘","commentCount":null,"user":{"id":161,"name":"jellyfish","avatar_url":"https://thirdwx.qlogo.cn/mmopen/vi_32/Q0j4TwGTfTJcXqaZf7oI1NZpdrmqibVtIkq0CLyCOx3J4WvO771FtGLb7ZeliakYoTBAV5E6buWJQVsgrM7JA84g/132"},"isCommentLike":-5,"dislike_count":0},{"id":50801,"parent_id":50797,"type":2,"commentor":3549,"gmtCreate":null,"gmtModified":null,"like_count":0,"content":"whoo没有了，新豪和四季都没了……","anonymity":0,"any_name":null,"commentCount":null,"user":{"id":3549,"name":"已经…没有海星了","avatar_url":"http://test01-20200725.oss-cn-shenzhen.aliyuncs.com/image/1655657384672.jpg?Expires=1971017376&OSSAccessKeyId=LTAI4G5RL7pjavqASCwc42kR&Signature=VulKD1KTsmBSVHOYsJXv9AfFh9A%3D"},"isCommentLike":-5,"dislike_count":0}],"any_name":null,"relation":-2,"liked":-4,"anonymity":0,"dislike_count":0}