{"id":13770,"author":"~Xenon~","author_avatar_url":"http://test01-20200725.oss-cn-shenzhen.aliyuncs.com/image/1662451495431.gif?Expires=1977811496&OSSAccessKeyId=LTAI4G5RL7pjavqASCwc42kR&Signature=tLEL737zMefpEHXZzQlS%2Bxz88Ts%3D","author_id":682,"author_status":1,"gmt_create":1647240991322,"gmt_modified":1647240991322,"content":"洗过澡的傻fufu当然要好好rua","title":"洗过澡的傻fufu当然要好好rua","description":"no description yet","like_count":5,"comment_count":3,"view_count":79,"type":"post","tag":"not tag yet","imageList":"http://test01-20200725.oss-cn-shenzhen.aliyuncs.com/image/1647240976505.jpg?Expires=1962600974&OSSAccessKeyId=LTAI4G5RL7pjavqASCwc42kR&Signature=xft8%2FxuwZHzljBP5dMIrR3y%2BRjg%3D","content_source":null,"comments":[{"id":51140,"parent_id":13770,"type":1,"commentor":623,"gmtCreate":null,"gmtModified":null,"like_count":0,"content":"胖fufu 越来越胖了","anonymity":0,"any_name":null,"commentCount":null,"user":{"id":623,"name":"水稻\uD83C\uDF3E","avatar_url":"http://test01-20200725.oss-cn-shenzhen.aliyuncs.com/image/1647423337709.jpg?Expires=1962783333&OSSAccessKeyId=LTAI4G5RL7pjavqASCwc42kR&Signature=CmH%2BdGkxbO6JWh3Umz50B%2F8NUAk%3D"},"isCommentLike":-5,"dislike_count":0},{"id":51157,"parent_id":51140,"type":2,"commentor":682,"gmtCreate":null,"gmtModified":null,"like_count":0,"content":"现在已经把米放冰箱里了，防止傻fufu偷吃（）","anonymity":0,"any_name":null,"commentCount":null,"user":{"id":682,"name":"~Xenon~","avatar_url":"http://test01-20200725.oss-cn-shenzhen.aliyuncs.com/image/1662451495431.gif?Expires=1977811496&OSSAccessKeyId=LTAI4G5RL7pjavqASCwc42kR&Signature=tLEL737zMefpEHXZzQlS%2Bxz88Ts%3D"},"isCommentLike":-5,"dislike_count":0},{"id":51191,"parent_id":51157,"type":2,"commentor":623,"gmtCreate":null,"gmtModified":null,"like_count":0,"content":"笑死了\uD83D\uDE02","anonymity":0,"any_name":null,"commentCount":null,"user":{"id":623,"name":"水稻\uD83C\uDF3E","avatar_url":"http://test01-20200725.oss-cn-shenzhen.aliyuncs.com/image/1647423337709.jpg?Expires=1962783333&OSSAccessKeyId=LTAI4G5RL7pjavqASCwc42kR&Signature=CmH%2BdGkxbO6JWh3Umz50B%2F8NUAk%3D"},"isCommentLike":-5,"dislike_count":0}],"any_name":null,"relation":-2,"liked":-4,"anonymity":0,"dislike_count":0}