{"id":13789,"author":"胜利牌杜松子酒","author_avatar_url":"http://test01-20200725.oss-cn-shenzhen.aliyuncs.com/image/1664416004324.jpg?Expires=1979775997&OSSAccessKeyId=LTAI4G5RL7pjavqASCwc42kR&Signature=Itcowd79GEjrEbvi36tlS2aDo6Q%3D","author_id":2139,"author_status":1,"gmt_create":1647248593652,"gmt_modified":1647248593652,"content":"换张不太敏感的","title":"换张不太敏感的","description":"no description yet","like_count":2,"comment_count":6,"view_count":174,"type":"post","tag":"not tag yet","imageList":"http://test01-20200725.oss-cn-shenzhen.aliyuncs.com/image/1647248576808.jpg?Expires=1962608574&OSSAccessKeyId=LTAI4G5RL7pjavqASCwc42kR&Signature=%2Fyq1%2BebIU5lj%2F%2BSg8CepMaIlOb0%3D","content_source":null,"comments":[{"id":51248,"parent_id":13789,"type":1,"commentor":1055,"gmtCreate":null,"gmtModified":null,"like_count":0,"content":"这张更是笑出了声","anonymity":0,"any_name":null,"commentCount":null,"user":{"id":1055,"name":"道德真空小伯纳","avatar_url":"http://test01-20200725.oss-cn-shenzhen.aliyuncs.com/image/1645783266362.jpg?Expires=1961143260&OSSAccessKeyId=LTAI4G5RL7pjavqASCwc42kR&Signature=m4OZ%2FDIwoOmPCN8doRVCqjZdMO8%3D"},"isCommentLike":-5,"dislike_count":0},{"id":51284,"parent_id":13789,"type":1,"commentor":1734,"gmtCreate":null,"gmtModified":null,"like_count":0,"content":"这下超级敏感了","anonymity":0,"any_name":null,"commentCount":null,"user":{"id":1734,"name":"向晚大魔王","avatar_url":"http://test01-20200725.oss-cn-shenzhen.aliyuncs.com/image/1650350446583.jpg?Expires=1965710446&OSSAccessKeyId=LTAI4G5RL7pjavqASCwc42kR&Signature=qriSrqwxPf1uVA6RFT6Rgshz%2FkI%3D"},"isCommentLike":-5,"dislike_count":0},{"id":51457,"parent_id":13789,"type":1,"commentor":1300,"gmtCreate":null,"gmtModified":null,"like_count":0,"content":"没有kpop人我很难过","anonymity":1,"any_name":"Jerry","commentCount":null,"user":{"id":1300,"name":"momo","avatar_url":"https://thirdwx.qlogo.cn/mmopen/vi_32/Q3auHgzwzM7CGtMib0fLpiacnFCIV4p4fOQq7YJFnq1qz3Rib80wFzy3bQgCZJ8zbY0YpiciakLNOuK69UMKfibj3lwg/132"},"isCommentLike":-5,"dislike_count":0},{"id":51287,"parent_id":51284,"type":2,"commentor":2139,"gmtCreate":null,"gmtModified":null,"like_count":0,"content":"之前发过一张更敏感的，还带着老大哥头像……","anonymity":0,"any_name":null,"commentCount":null,"user":{"id":2139,"name":"胜利牌杜松子酒","avatar_url":"http://test01-20200725.oss-cn-shenzhen.aliyuncs.com/image/1664416004324.jpg?Expires=1979775997&OSSAccessKeyId=LTAI4G5RL7pjavqASCwc42kR&Signature=Itcowd79GEjrEbvi36tlS2aDo6Q%3D"},"isCommentLike":-5,"dislike_count":0},{"id":51288,"parent_id":51287,"type":2,"commentor":1734,"gmtCreate":null,"gmtModified":null,"like_count":0,"content":"#查询美乐帝成分","anonymity":0,"any_name":null,"commentCount":null,"user":{"id":1734,"name":"向晚大魔王","avatar_url":"http://test01-20200725.oss-cn-shenzhen.aliyuncs.com/image/1650350446583.jpg?Expires=1965710446&OSSAccessKeyId=LTAI4G5RL7pjavqASCwc42kR&Signature=qriSrqwxPf1uVA6RFT6Rgshz%2FkI%3D"},"isCommentLike":-5,"dislike_count":0},{"id":51294,"parent_id":51288,"type":2,"commentor":2139,"gmtCreate":null,"gmtModified":null,"like_count":0,"content":"我可能更像乌有人（）","anonymity":0,"any_name":null,"commentCount":null,"user":{"id":2139,"name":"胜利牌杜松子酒","avatar_url":"http://test01-20200725.oss-cn-shenzhen.aliyuncs.com/image/1664416004324.jpg?Expires=1979775997&OSSAccessKeyId=LTAI4G5RL7pjavqASCwc42kR&Signature=Itcowd79GEjrEbvi36tlS2aDo6Q%3D"},"isCommentLike":-5,"dislike_count":0}],"any_name":null,"relation":-2,"liked":-4,"anonymity":0,"dislike_count":0}