{"id":14148,"author":null,"author_avatar_url":null,"author_id":3287,"author_status":1,"gmt_create":1647509322127,"gmt_modified":1647509322127,"content":"请问澳门哪能打A2的文件啊，便宜点的","title":"请问澳门哪能打A2的文件啊，便宜点的","description":"no description yet","like_count":0,"comment_count":0,"view_count":4,"type":"post","tag":"not tag yet","imageList":"","content_source":null,"comments":null,"any_name":"喷火龙","relation":-2,"liked":-4,"anonymity":1,"dislike_count":0}