{"id":142,"author":null,"author_avatar_url":null,"author_id":155,"author_status":1,"gmt_create":1630489620513,"gmt_modified":1630489620513,"content":"求资源❗求课本❗\n谁有“商业伦理和企业社会责任”的中文书啊_(:зゝ∠)_","title":"求资源❗求课本❗\n谁有“商业伦理和企业社会责任”的中文书啊_(:зゝ∠)_","description":"no description yet","like_count":0,"comment_count":0,"view_count":9,"type":"post","tag":"not tag yet","imageList":"http://test01-20200725.oss-cn-shenzhen.aliyuncs.com/image/1630489571197.jpg?Expires=1945849570&OSSAccessKeyId=LTAI4G5RL7pjavqASCwc42kR&Signature=nxOQmlQm%2BZXkMEDbnjGXtZZYorQ%3D","content_source":null,"comments":null,"any_name":"Tom","relation":-2,"liked":-4,"anonymity":1,"dislike_count":0}