{"id":14236,"author":"阿粉","author_avatar_url":"http://test01-20200725.oss-cn-shenzhen.aliyuncs.com/image/1664278350523.jpg?Expires=1979638347&OSSAccessKeyId=LTAI4G5RL7pjavqASCwc42kR&Signature=HtDRPUj8dLmUu%2FlzdUYzHJoVxus%3D","author_id":986,"author_status":1,"gmt_create":1647586713749,"gmt_modified":1647586713749,"content":"寻找校内宿舍室友！要去P座住 三缺一！\n都是山东人 都是美女 人都很好相处 \n十一点半至十二点熄灯 宿舍要干净整洁不吵闹 \n宿舍垃圾要按时换 要有值日的积极性\n什么事都可以商量！\n（不想要摆烂的室友","title":"寻找校内宿舍室友！要去P座住 三缺一！\n都是山东人 都是美女 人都很好相处 \n十一点半至十二点熄灯 宿舍要干净整洁不吵闹 \n宿舍垃圾要按时换 要有值日的积极性\n什么事都可","description":"no description yet","like_count":1,"comment_count":0,"view_count":31,"type":"post","tag":"not tag yet","imageList":"","content_source":null,"comments":null,"any_name":null,"relation":-2,"liked":-4,"anonymity":0,"dislike_count":0}