{"id":14324,"author":"~Xenon~","author_avatar_url":"http://test01-20200725.oss-cn-shenzhen.aliyuncs.com/image/1662451495431.gif?Expires=1977811496&OSSAccessKeyId=LTAI4G5RL7pjavqASCwc42kR&Signature=tLEL737zMefpEHXZzQlS%2Bxz88Ts%3D","author_id":682,"author_status":1,"gmt_create":1647663016193,"gmt_modified":1647663016193,"content":"我恨疫情，积分要挥霍不出去了","title":"我恨疫情，积分要挥霍不出去了","description":"no description yet","like_count":1,"comment_count":3,"view_count":137,"type":"post","tag":"not tag yet","imageList":"http://test01-20200725.oss-cn-shenzhen.aliyuncs.com/image/1647663003573.jpg?Expires=1963023003&OSSAccessKeyId=LTAI4G5RL7pjavqASCwc42kR&Signature=wfcYMW77Dr5LT0v1ICFM06WLtOw%3D","content_source":null,"comments":[{"id":53531,"parent_id":14324,"type":1,"commentor":682,"gmtCreate":null,"gmtModified":null,"like_count":0,"content":"我都想好挥霍积分的方法了，珠海到中山，去程商务返程一等，价钱刚刚好\uD83D\uDE0F","anonymity":0,"any_name":null,"commentCount":null,"user":{"id":682,"name":"~Xenon~","avatar_url":"http://test01-20200725.oss-cn-shenzhen.aliyuncs.com/image/1662451495431.gif?Expires=1977811496&OSSAccessKeyId=LTAI4G5RL7pjavqASCwc42kR&Signature=tLEL737zMefpEHXZzQlS%2Bxz88Ts%3D"},"isCommentLike":-5,"dislike_count":0},{"id":53550,"parent_id":14324,"type":1,"commentor":1737,"gmtCreate":null,"gmtModified":null,"like_count":0,"content":"\uD83E\uDD7A来南京，请你吃鸭血粉丝汤","anonymity":0,"any_name":null,"commentCount":null,"user":{"id":1737,"name":"好\uD83D\uDE0B","avatar_url":"https://thirdwx.qlogo.cn/mmopen/vi_32/Q0j4TwGTfTLmTIwKMkTyYBO1wRq1vMfJNyzcaSoBzvpe4TCG92zFplicmPPib8UTg3dMS6vTGdHfTdg5yaT7ORYQ/132"},"isCommentLike":-5,"dislike_count":0},{"id":55047,"parent_id":14324,"type":1,"commentor":4489,"gmtCreate":null,"gmtModified":null,"like_count":0,"content":"来长沙，请你吃土豆泥拌面","anonymity":0,"any_name":null,"commentCount":null,"user":{"id":4489,"name":"39岁离异带二娃","avatar_url":null},"isCommentLike":-5,"dislike_count":0}],"any_name":null,"relation":-2,"liked":-4,"anonymity":0,"dislike_count":0}