{"id":1435,"author":null,"author_avatar_url":null,"author_id":344,"author_status":1,"gmt_create":1632489419860,"gmt_modified":1632489419860,"content":"我操了","title":"我操了","description":"no description yet","like_count":1,"comment_count":1,"view_count":26,"type":"post","tag":"not tag yet","imageList":"http://test01-20200725.oss-cn-shenzhen.aliyuncs.com/image/1632489419855.jpg?Expires=1947849413&OSSAccessKeyId=LTAI4G5RL7pjavqASCwc42kR&Signature=Y56sJLCT1BsUIomM0W%2BFtTELSic%3D","content_source":null,"comments":[{"id":4395,"parent_id":1435,"type":1,"commentor":682,"gmtCreate":null,"gmtModified":null,"like_count":0,"content":"成神之日就nm离谱","anonymity":0,"any_name":null,"commentCount":null,"user":{"id":682,"name":"~Xenon~","avatar_url":"http://test01-20200725.oss-cn-shenzhen.aliyuncs.com/image/1662451495431.gif?Expires=1977811496&OSSAccessKeyId=LTAI4G5RL7pjavqASCwc42kR&Signature=tLEL737zMefpEHXZzQlS%2Bxz88Ts%3D"},"isCommentLike":-5,"dislike_count":0}],"any_name":"珠海小天使","relation":-2,"liked":-4,"anonymity":1,"dislike_count":0}