{"id":14518,"author":null,"author_avatar_url":null,"author_id":884,"author_status":1,"gmt_create":1647780046953,"gmt_modified":1647780046953,"content":"间歇性想谈恋爱 持续性享受单身…","title":"间歇性想谈恋爱 持续性享受单身…","description":"no description yet","like_count":5,"comment_count":7,"view_count":241,"type":"post","tag":"not tag yet","imageList":"","content_source":null,"comments":[{"id":54464,"parent_id":14518,"type":1,"commentor":647,"gmtCreate":null,"gmtModified":null,"like_count":3,"content":"每当我想恋爱就去豆瓣看看劝分组 然后火速下头","anonymity":1,"any_name":"人生的智慧","commentCount":null,"user":{"id":647,"name":"凍檸茶少奶","avatar_url":"http://test01-20200725.oss-cn-shenzhen.aliyuncs.com/image/1656908230605.jpg?Expires=1972268225&OSSAccessKeyId=LTAI4G5RL7pjavqASCwc42kR&Signature=yOhRWNWlRDNQY%2BdkKCNMZ%2BnB2g4%3D"},"isCommentLike":-5,"dislike_count":0},{"id":54461,"parent_id":14518,"type":1,"commentor":302,"gmtCreate":null,"gmtModified":null,"like_count":0,"content":"太对了！","anonymity":1,"any_name":"出前一丁","commentCount":null,"user":{"id":302,"name":"S","avatar_url":"http://test01-20200725.oss-cn-shenzhen.aliyuncs.com/image/1648752837774.jpg?Expires=1964112837&OSSAccessKeyId=LTAI4G5RL7pjavqASCwc42kR&Signature=hULsuJPvnxvYN2zWyMwXSSyLLfM%3D"},"isCommentLike":-5,"dislike_count":0},{"id":54463,"parent_id":54461,"type":2,"commentor":884,"gmtCreate":null,"gmtModified":null,"like_count":0,"content":"确实安心学习是解决方案 但过一段时间我又觉得自己配了…","anonymity":1,"any_name":"珠海小天使","commentCount":null,"user":{"id":884,"name":"野生雪人","avatar_url":"https://thirdwx.qlogo.cn/mmopen/vi_32/8a8mPjIM59wiaotosF3sgkOkPoEjdW3WKXrrnicYgZxicRUKfFl3XZ1WhvKsia3tibKSxvQjONYmhibSSVOeOo5WFKibg/132"},"isCommentLike":-5,"dislike_count":0},{"id":54467,"parent_id":54464,"type":2,"commentor":884,"gmtCreate":null,"gmtModified":null,"like_count":0,"content":"！！！好等会试一下","anonymity":1,"any_name":"珠海小天使","commentCount":null,"user":{"id":884,"name":"野生雪人","avatar_url":"https://thirdwx.qlogo.cn/mmopen/vi_32/8a8mPjIM59wiaotosF3sgkOkPoEjdW3WKXrrnicYgZxicRUKfFl3XZ1WhvKsia3tibKSxvQjONYmhibSSVOeOo5WFKibg/132"},"isCommentLike":-5,"dislike_count":0},{"id":54475,"parent_id":54464,"type":2,"commentor":673,"gmtCreate":null,"gmtModified":null,"like_count":0,"content":"看树洞就能火速下头了\uD83D\uDD25","anonymity":0,"any_name":null,"commentCount":null,"user":{"id":673,"name":"江浙沪混血酷Girl","avatar_url":"http://test01-20200725.oss-cn-shenzhen.aliyuncs.com/image/1655819531248.jpg?Expires=1971179522&OSSAccessKeyId=LTAI4G5RL7pjavqASCwc42kR&Signature=OKb%2Bew33ZQ5ENen29Fcl56nwibM%3D"},"isCommentLike":-5,"dislike_count":0},{"id":54548,"parent_id":54475,"type":2,"commentor":647,"gmtCreate":null,"gmtModified":null,"like_count":0,"content":"确实\uD83D\uDEAC\uD83D\uDEAC","anonymity":1,"any_name":"Anton","commentCount":null,"user":{"id":647,"name":"凍檸茶少奶","avatar_url":"http://test01-20200725.oss-cn-shenzhen.aliyuncs.com/image/1656908230605.jpg?Expires=1972268225&OSSAccessKeyId=LTAI4G5RL7pjavqASCwc42kR&Signature=yOhRWNWlRDNQY%2BdkKCNMZ%2BnB2g4%3D"},"isCommentLike":-5,"dislike_count":0},{"id":54550,"parent_id":54467,"type":2,"commentor":647,"gmtCreate":null,"gmtModified":null,"like_count":0,"content":"好滴宝！","anonymity":1,"any_name":"Anton","commentCount":null,"user":{"id":647,"name":"凍檸茶少奶","avatar_url":"http://test01-20200725.oss-cn-shenzhen.aliyuncs.com/image/1656908230605.jpg?Expires=1972268225&OSSAccessKeyId=LTAI4G5RL7pjavqASCwc42kR&Signature=yOhRWNWlRDNQY%2BdkKCNMZ%2BnB2g4%3D"},"isCommentLike":-5,"dislike_count":0}],"any_name":"珠海小天使","relation":-2,"liked":-4,"anonymity":1,"dislike_count":0}