{"id":14631,"author":null,"author_avatar_url":null,"author_id":635,"author_status":1,"gmt_create":1647860601294,"gmt_modified":1647860601294,"content":"如何建立一个活跃的群聊","title":"如何建立一个活跃的群聊","description":"no description yet","like_count":0,"comment_count":1,"view_count":74,"type":"post","tag":"not tag yet","imageList":"","content_source":null,"comments":[{"id":54856,"parent_id":14631,"type":1,"commentor":725,"gmtCreate":null,"gmtModified":null,"like_count":0,"content":"群成员话多而且都有共同话题","anonymity":1,"any_name":"Kelly","commentCount":null,"user":{"id":725,"name":"修正带还是修正液","avatar_url":"https://thirdwx.qlogo.cn/mmopen/vi_32/SCBpWZw1RbabyOtzf1kQ5BkgnaLibFIYHZYLkONIzWVBCqhicEyZmRxsjLnRvIHt8DiacWy8FxoJib3a5qFocwPicbg/132"},"isCommentLike":-5,"dislike_count":0}],"any_name":"大潭山车队","relation":-2,"liked":-4,"anonymity":1,"dislike_count":0}