{"id":14666,"author":null,"author_avatar_url":null,"author_id":1749,"author_status":1,"gmt_create":1647873217222,"gmt_modified":1647873217222,"content":"横琴的汉堡王和肯德基都在哪儿啊","title":"横琴的汉堡王和肯德基都在哪儿啊","description":"no description yet","like_count":0,"comment_count":1,"view_count":80,"type":"post","tag":"not tag yet","imageList":"","content_source":null,"comments":[{"id":54918,"parent_id":14666,"type":1,"commentor":1683,"gmtCreate":null,"gmtModified":null,"like_count":0,"content":"横琴购和横琴汇","anonymity":1,"any_name":"奥利奥","commentCount":null,"user":{"id":1683,"name":"Rarity","avatar_url":"http://test01-20200725.oss-cn-shenzhen.aliyuncs.com/image/1661566204106.jpg?Expires=1976926200&OSSAccessKeyId=LTAI4G5RL7pjavqASCwc42kR&Signature=bkV9B%2FZEWNKBsMo%2BJxR0xngtBvI%3D"},"isCommentLike":-5,"dislike_count":0}],"any_name":"珠海小天使","relation":-2,"liked":-4,"anonymity":1,"dislike_count":0}