{"id":14774,"author":null,"author_avatar_url":null,"author_id":2905,"author_status":1,"gmt_create":1647949232672,"gmt_modified":1647949232672,"content":"请问大二选体育课有什么helper推荐吗？","title":"请问大二选体育课有什么helper推荐吗？","description":"no description yet","like_count":0,"comment_count":3,"view_count":205,"type":"post","tag":"not tag yet","imageList":"","content_source":null,"comments":[{"id":55413,"parent_id":14774,"type":1,"commentor":1471,"gmtCreate":null,"gmtModified":null,"like_count":0,"content":"个人觉得武术挺好的，黎老师","anonymity":0,"any_name":null,"commentCount":null,"user":{"id":1471,"name":"塔可","avatar_url":null},"isCommentLike":-5,"dislike_count":0},{"id":55495,"parent_id":55413,"type":2,"commentor":670,"gmtCreate":null,"gmtModified":null,"like_count":0,"content":"你说的对 他给了我a+","anonymity":0,"any_name":null,"commentCount":null,"user":{"id":670,"name":"沈腾","avatar_url":"http://test01-20200725.oss-cn-shenzhen.aliyuncs.com/image/1661432787646.jpg?Expires=1976792782&OSSAccessKeyId=LTAI4G5RL7pjavqASCwc42kR&Signature=g6ySCqYrYiFafy1e7j%2BB4OKJDYA%3D"},"isCommentLike":-5,"dislike_count":0},{"id":61786,"parent_id":55495,"type":2,"commentor":1471,"gmtCreate":null,"gmtModified":null,"like_count":0,"content":"我也是！","anonymity":0,"any_name":null,"commentCount":null,"user":{"id":1471,"name":"塔可","avatar_url":null},"isCommentLike":-5,"dislike_count":0}],"any_name":"六级词汇","relation":-2,"liked":-4,"anonymity":1,"dislike_count":0}