{"id":14959,"author":null,"author_avatar_url":null,"author_id":1074,"author_status":1,"gmt_create":1648043053609,"gmt_modified":1648043053609,"content":"请问宝石矿物学的刘晶老师好还是环境科学的张凯老师好吖？","title":"请问宝石矿物学的刘晶老师好还是环境科学的张凯老师好吖？","description":"no description yet","like_count":0,"comment_count":0,"view_count":87,"type":"post","tag":"not tag yet","imageList":"","content_source":null,"comments":null,"any_name":"珠海小天使","relation":-2,"liked":-4,"anonymity":1,"dislike_count":0}