{"id":15020,"author":"已经…没有海星了","author_avatar_url":"http://test01-20200725.oss-cn-shenzhen.aliyuncs.com/image/1655657384672.jpg?Expires=1971017376&OSSAccessKeyId=LTAI4G5RL7pjavqASCwc42kR&Signature=VulKD1KTsmBSVHOYsJXv9AfFh9A%3D","author_id":3549,"author_status":1,"gmt_create":1648099810178,"gmt_modified":1648099810178,"content":"哇！好大的甜筒，爱了❤️","title":"哇！好大的甜筒，爱了❤️","description":"no description yet","like_count":6,"comment_count":3,"view_count":144,"type":"post","tag":"not tag yet","imageList":"http://test01-20200725.oss-cn-shenzhen.aliyuncs.com/image/1648099807866.jpg?Expires=1963459799&OSSAccessKeyId=LTAI4G5RL7pjavqASCwc42kR&Signature=xgDzceux%2F2t38z%2BbATE1%2Fg77Ym4%3D","content_source":null,"comments":[{"id":56450,"parent_id":15020,"type":1,"commentor":1295,"gmtCreate":null,"gmtModified":null,"like_count":0,"content":"\uD83D\uDE0D","anonymity":1,"any_name":"四川麻辣烫","commentCount":null,"user":{"id":1295,"name":"U_637031633831","avatar_url":null},"isCommentLike":-5,"dislike_count":0},{"id":56503,"parent_id":15020,"type":1,"commentor":1192,"gmtCreate":null,"gmtModified":null,"like_count":0,"content":"强烈推荐宜家的甜筒。3mop一个。","anonymity":1,"any_name":"微积分","commentCount":null,"user":{"id":1192,"name":"(⊙x⊙;)","avatar_url":"http://test01-20200725.oss-cn-shenzhen.aliyuncs.com/image/1657243196964.jpg?Expires=1972603191&OSSAccessKeyId=LTAI4G5RL7pjavqASCwc42kR&Signature=B6RMQ%2B1WQn3X7%2B1in4cctRuI0%2F0%3D"},"isCommentLike":-5,"dislike_count":0},{"id":56514,"parent_id":56503,"type":2,"commentor":3549,"gmtCreate":null,"gmtModified":null,"like_count":0,"content":"在哪在哪？","anonymity":0,"any_name":null,"commentCount":null,"user":{"id":3549,"name":"已经…没有海星了","avatar_url":"http://test01-20200725.oss-cn-shenzhen.aliyuncs.com/image/1655657384672.jpg?Expires=1971017376&OSSAccessKeyId=LTAI4G5RL7pjavqASCwc42kR&Signature=VulKD1KTsmBSVHOYsJXv9AfFh9A%3D"},"isCommentLike":-5,"dislike_count":0}],"any_name":null,"relation":-2,"liked":-4,"anonymity":0,"dislike_count":0}