{"id":15077,"author":"路环保卫队","author_avatar_url":"http://test01-20200725.oss-cn-shenzhen.aliyuncs.com/image/1638284305997.jpg?Expires=1953644296&OSSAccessKeyId=LTAI4G5RL7pjavqASCwc42kR&Signature=fEh0QaTBUq%2B%2BSzjISns77jSy81Q%3D","author_id":1938,"author_status":1,"gmt_create":1648127702827,"gmt_modified":1648127702827,"content":"出中西通复习资料","title":"出中西通复习资料","description":"no description yet","like_count":0,"comment_count":1,"view_count":48,"type":"post","tag":"not tag yet","imageList":"","content_source":null,"comments":[{"id":56727,"parent_id":15077,"type":1,"commentor":195,"gmtCreate":null,"gmtModified":null,"like_count":0,"content":"宿舍群不是有免费的吗","anonymity":1,"any_name":"咖哩鱼蛋","commentCount":null,"user":{"id":195,"name":"你猜","avatar_url":"http://test01-20200725.oss-cn-shenzhen.aliyuncs.com/image/1666698107765.jpg?Expires=1982058101&OSSAccessKeyId=LTAI4G5RL7pjavqASCwc42kR&Signature=I4bvN2vS8PjzlSjgrCXdAFB%2Fwdk%3D"},"isCommentLike":-5,"dislike_count":0}],"any_name":null,"relation":-2,"liked":-4,"anonymity":0,"dislike_count":0}