{"id":15098,"author":null,"author_avatar_url":null,"author_id":1749,"author_status":1,"gmt_create":1648136216088,"gmt_modified":1648136216088,"content":"现在核酸是怎么算的啊\n比如26号下午三点出结果之后是从27号零点开始算二十四小时吗","title":"现在核酸是怎么算的啊\n比如26号下午三点出结果之后是从27号零点开始算二十四小时吗","description":"no description yet","like_count":0,"comment_count":2,"view_count":76,"type":"post","tag":"not tag yet","imageList":"","content_source":null,"comments":[{"id":56774,"parent_id":15098,"type":1,"commentor":915,"gmtCreate":null,"gmtModified":null,"like_count":0,"content":"下午三点出结果就是26号加27号，建议晚上做，比如1号晚上七点左右做，2号凌晨出结果，核酸有效期为2号和3号","anonymity":1,"any_name":"鸡蛋仔","commentCount":null,"user":{"id":915,"name":"dgsjfgsiwj","avatar_url":null},"isCommentLike":-5,"dislike_count":0},{"id":56813,"parent_id":56774,"type":2,"commentor":1749,"gmtCreate":null,"gmtModified":null,"like_count":0,"content":"好的，谢谢","anonymity":1,"any_name":"拱北快递员","commentCount":null,"user":{"id":1749,"name":"毛。儿毛。儿","avatar_url":"https://thirdwx.qlogo.cn/mmopen/vi_32/DYAIOgq83erS45sT36oSC4k9neaKlN4oAabERjmu3YvnuPt7kUq5Pg5PydOYM57MAy4UFNG59xsXr3zuicN60Mw/132"},"isCommentLike":-5,"dislike_count":0}],"any_name":"拱北快递员","relation":-2,"liked":-4,"anonymity":1,"dislike_count":0}