{"id":15165,"author":null,"author_avatar_url":null,"author_id":1056,"author_status":1,"gmt_create":1648199476527,"gmt_modified":1648199476527,"content":"行吧 你再把我发的信息当看不见不回复\n我该知道我以后要怎么对你了☺️","title":"行吧 你再把我发的信息当看不见不回复\n我该知道我以后要怎么对你了☺️","description":"no description yet","like_count":2,"comment_count":0,"view_count":8,"type":"post","tag":"not tag yet","imageList":"","content_source":null,"comments":null,"any_name":"微积分","relation":-2,"liked":-4,"anonymity":1,"dislike_count":0}