{"id":15427,"author":null,"author_avatar_url":null,"author_id":1133,"author_status":1,"gmt_create":1648365441512,"gmt_modified":1648365441512,"content":"日与夜 麻辣牛肉/肥牛 饭\n我真的会流泪 四川人的命根子就是日与夜 我爱日与夜 它要是没了我的灵魂身体都会受到损伤","title":"日与夜 麻辣牛肉/肥牛 饭\n我真的会流泪 四川人的命根子就是日与夜 我爱日与夜 它要是没了我的灵魂身体都会受到损伤","description":"no description yet","like_count":1,"comment_count":4,"view_count":163,"type":"post","tag":"not tag yet","imageList":"","content_source":null,"comments":[{"id":58071,"parent_id":15427,"type":1,"commentor":2086,"gmtCreate":null,"gmtModified":null,"like_count":0,"content":"广东人表示上次忘记吃什么饭了 吃了一口就瞬间辣到没胃口\uD83D\uDE2D真的好辣","anonymity":1,"any_name":"老板","commentCount":null,"user":{"id":2086,"name":"U_543701639323","avatar_url":null},"isCommentLike":-5,"dislike_count":0},{"id":58195,"parent_id":15427,"type":1,"commentor":1043,"gmtCreate":null,"gmtModified":null,"like_count":0,"content":"肥肠酸辣粉 麻辣香锅 红油抄手yyds","anonymity":1,"any_name":"三鲜水饺","commentCount":null,"user":{"id":1043,"name":"Randy \uD83D\uDC31","avatar_url":"https://thirdwx.qlogo.cn/mmopen/vi_32/54HMe0FElvUs8d51A7cbt9tqo8Yia0rgNs5OCUIdSuhT6EUq6iaicZGzewMzUWOGcJeZEvNgTia7U2wuKGuq0JcAicg/132"},"isCommentLike":-5,"dislike_count":0},{"id":58072,"parent_id":58071,"type":2,"commentor":2086,"gmtCreate":null,"gmtModified":null,"like_count":0,"content":"好像就是麻辣肥牛还是什么","anonymity":1,"any_name":"老板","commentCount":null,"user":{"id":2086,"name":"U_543701639323","avatar_url":null},"isCommentLike":-5,"dislike_count":0},{"id":58073,"parent_id":58072,"type":2,"commentor":1133,"gmtCreate":null,"gmtModified":null,"like_count":0,"content":"的确很辣 我也觉得辣 但真的好吃\uD83D\uDE2D很有四川的味道","anonymity":1,"any_name":"珠海小天使","commentCount":null,"user":{"id":1133,"name":"无事小神仙","avatar_url":"http://test01-20200725.oss-cn-shenzhen.aliyuncs.com/image/1666848003348.jpg?Expires=1982207995&OSSAccessKeyId=LTAI4G5RL7pjavqASCwc42kR&Signature=x51mAxQH5IM9JjWF9zcJntifllU%3D"},"isCommentLike":-5,"dislike_count":0}],"any_name":"珠海小天使","relation":-2,"liked":-4,"anonymity":1,"dislike_count":0}