{"id":15535,"author":null,"author_avatar_url":null,"author_id":4683,"author_status":1,"gmt_create":1648444945256,"gmt_modified":1648444945256,"content":"求解：\n不喜欢现在的大学生活，想要回去复读，想要过更加光芒的日子，如何是好","title":"求解：\n不喜欢现在的大学生活，想要回去复读，想要过更加光芒的日子，如何是好","description":"no description yet","like_count":0,"comment_count":3,"view_count":169,"type":"post","tag":"not tag yet","imageList":"","content_source":null,"comments":[{"id":58457,"parent_id":15535,"type":1,"commentor":635,"gmtCreate":null,"gmtModified":null,"like_count":0,"content":"加油(ง •̀_•́)ง","anonymity":1,"any_name":"哥斯拉","commentCount":null,"user":{"id":635,"name":"别理我，我比你牛逼","avatar_url":"http://test01-20200725.oss-cn-shenzhen.aliyuncs.com/image/1659496488044.gif?Expires=1974856478&OSSAccessKeyId=LTAI4G5RL7pjavqASCwc42kR&Signature=BDlc8M%2FBnAOuLIx8vfkdijTlje8%3D"},"isCommentLike":-5,"dislike_count":0},{"id":58508,"parent_id":15535,"type":1,"commentor":1814,"gmtCreate":null,"gmtModified":null,"like_count":0,"content":"想去就去","anonymity":1,"any_name":"喷火龙","commentCount":null,"user":{"id":1814,"name":"kirakira","avatar_url":"https://thirdwx.qlogo.cn/mmopen/vi_32/Q0j4TwGTfTLVia94J5onHSfc3RYuLclVMvBUibPHIbLpPDynI1Lux43decbsk6sueyMBDNlGFkUA3Lmrd5hIq7xA/132"},"isCommentLike":-5,"dislike_count":0},{"id":58610,"parent_id":15535,"type":1,"commentor":1288,"gmtCreate":null,"gmtModified":null,"like_count":0,"content":"同感","anonymity":1,"any_name":"Anton","commentCount":null,"user":{"id":1288,"name":"杨枝甘露","avatar_url":null},"isCommentLike":-5,"dislike_count":0}],"any_name":"皮卡丘","relation":-2,"liked":-4,"anonymity":1,"dislike_count":0}