{"id":15562,"author":null,"author_avatar_url":null,"author_id":2075,"author_status":1,"gmt_create":1648454588879,"gmt_modified":1648454588879,"content":"商统期末统考怎么出题啊，从题库抽吗？都有什么题型呀","title":"商统期末统考怎么出题啊，从题库抽吗？都有什么题型呀","description":"no description yet","like_count":0,"comment_count":9,"view_count":114,"type":"post","tag":"not tag yet","imageList":"","content_source":null,"comments":[{"id":58556,"parent_id":15562,"type":1,"commentor":1217,"gmtCreate":null,"gmtModified":null,"like_count":0,"content":"往年是选择大腿填空","anonymity":1,"any_name":"拱北快递员","commentCount":null,"user":{"id":1217,"name":"T.10","avatar_url":"http://test01-20200725.oss-cn-shenzhen.aliyuncs.com/image/1666866099412.jpg?Expires=1982226091&OSSAccessKeyId=LTAI4G5RL7pjavqASCwc42kR&Signature=%2BX9Muc%2FXHuQf3zhd6RlaxFH1zY0%3D"},"isCommentLike":-5,"dislike_count":0},{"id":58826,"parent_id":15562,"type":1,"commentor":2075,"gmtCreate":null,"gmtModified":null,"like_count":0,"content":"期末不是统考吗","anonymity":1,"any_name":"珠海小天使","commentCount":null,"user":{"id":2075,"name":"U_446211639198","avatar_url":null},"isCommentLike":-5,"dislike_count":0},{"id":58557,"parent_id":58556,"type":2,"commentor":1217,"gmtCreate":null,"gmtModified":null,"like_count":0,"content":"呸 大题","anonymity":1,"any_name":"拱北快递员","commentCount":null,"user":{"id":1217,"name":"T.10","avatar_url":"http://test01-20200725.oss-cn-shenzhen.aliyuncs.com/image/1666866099412.jpg?Expires=1982226091&OSSAccessKeyId=LTAI4G5RL7pjavqASCwc42kR&Signature=%2BX9Muc%2FXHuQf3zhd6RlaxFH1zY0%3D"},"isCommentLike":-5,"dislike_count":0},{"id":58575,"parent_id":58556,"type":2,"commentor":2075,"gmtCreate":null,"gmtModified":null,"like_count":0,"content":"填空是考概念吗","anonymity":1,"any_name":"珠海小天使","commentCount":null,"user":{"id":2075,"name":"U_446211639198","avatar_url":null},"isCommentLike":-5,"dislike_count":0},{"id":58576,"parent_id":58556,"type":2,"commentor":2075,"gmtCreate":null,"gmtModified":null,"like_count":0,"content":"是在题库里抽题吗","anonymity":1,"any_name":"珠海小天使","commentCount":null,"user":{"id":2075,"name":"U_446211639198","avatar_url":null},"isCommentLike":-5,"dislike_count":0},{"id":58823,"parent_id":58575,"type":2,"commentor":1217,"gmtCreate":null,"gmtModified":null,"like_count":0,"content":"是的","anonymity":1,"any_name":"拱北快递员","commentCount":null,"user":{"id":1217,"name":"T.10","avatar_url":"http://test01-20200725.oss-cn-shenzhen.aliyuncs.com/image/1666866099412.jpg?Expires=1982226091&OSSAccessKeyId=LTAI4G5RL7pjavqASCwc42kR&Signature=%2BX9Muc%2FXHuQf3zhd6RlaxFH1zY0%3D"},"isCommentLike":-5,"dislike_count":0},{"id":58824,"parent_id":58576,"type":2,"commentor":1217,"gmtCreate":null,"gmtModified":null,"like_count":0,"content":"看老师","anonymity":1,"any_name":"拱北快递员","commentCount":null,"user":{"id":1217,"name":"T.10","avatar_url":"http://test01-20200725.oss-cn-shenzhen.aliyuncs.com/image/1666866099412.jpg?Expires=1982226091&OSSAccessKeyId=LTAI4G5RL7pjavqASCwc42kR&Signature=%2BX9Muc%2FXHuQf3zhd6RlaxFH1zY0%3D"},"isCommentLike":-5,"dislike_count":0},{"id":58827,"parent_id":58824,"type":2,"commentor":2075,"gmtCreate":null,"gmtModified":null,"like_count":0,"content":"期末不是统考吗","anonymity":0,"any_name":null,"commentCount":null,"user":{"id":2075,"name":"U_446211639198","avatar_url":null},"isCommentLike":-5,"dislike_count":0},{"id":58898,"parent_id":58826,"type":2,"commentor":1217,"gmtCreate":null,"gmtModified":null,"like_count":0,"content":"也要看出题老师啊……","anonymity":1,"any_name":"拱北快递员","commentCount":null,"user":{"id":1217,"name":"T.10","avatar_url":"http://test01-20200725.oss-cn-shenzhen.aliyuncs.com/image/1666866099412.jpg?Expires=1982226091&OSSAccessKeyId=LTAI4G5RL7pjavqASCwc42kR&Signature=%2BX9Muc%2FXHuQf3zhd6RlaxFH1zY0%3D"},"isCommentLike":-5,"dislike_count":0}],"any_name":"珠海小天使","relation":-2,"liked":-4,"anonymity":1,"dislike_count":0}