{"id":1570,"author":"發光西瓜孢子","author_avatar_url":"http://test01-20200725.oss-cn-shenzhen.aliyuncs.com/image/1631119077984.jpg?Expires=1946479074&OSSAccessKeyId=LTAI4G5RL7pjavqASCwc42kR&Signature=V5Ue7WGt4Jv72AxfDa28Or%2B6ul0%3D","author_id":581,"author_status":1,"gmt_create":1632635116157,"gmt_modified":1632635116157,"content":"我：连夜查规定申请退掉国庆回家往返机票\n身边人：连夜买回家机票溜溜球\n我：（恍惚）","title":"我：连夜查规定申请退掉国庆回家往返机票\n身边人：连夜买回家机票溜溜球\n我：（恍惚）","description":"no description yet","like_count":4,"comment_count":4,"view_count":222,"type":"post","tag":"not tag yet","imageList":"","content_source":null,"comments":[{"id":4898,"parent_id":1570,"type":1,"commentor":682,"gmtCreate":null,"gmtModified":null,"like_count":2,"content":"现在澳门都没有升级成中高风险地区，只是内部管控而已，不晓得为什么有些地方隔离措施这么严","anonymity":0,"any_name":null,"commentCount":null,"user":{"id":682,"name":"~Xenon~","avatar_url":"http://test01-20200725.oss-cn-shenzhen.aliyuncs.com/image/1662451495431.gif?Expires=1977811496&OSSAccessKeyId=LTAI4G5RL7pjavqASCwc42kR&Signature=tLEL737zMefpEHXZzQlS%2Bxz88Ts%3D"},"isCommentLike":-5,"dislike_count":0},{"id":4895,"parent_id":1570,"type":1,"commentor":581,"gmtCreate":null,"gmtModified":null,"like_count":0,"content":"me家乡三线小城市昨天隔离都搞起了、、速度真的好快","anonymity":0,"any_name":null,"commentCount":null,"user":{"id":581,"name":"發光西瓜孢子","avatar_url":"http://test01-20200725.oss-cn-shenzhen.aliyuncs.com/image/1631119077984.jpg?Expires=1946479074&OSSAccessKeyId=LTAI4G5RL7pjavqASCwc42kR&Signature=V5Ue7WGt4Jv72AxfDa28Or%2B6ul0%3D"},"isCommentLike":-5,"dislike_count":0},{"id":4902,"parent_id":4898,"type":2,"commentor":581,"gmtCreate":null,"gmtModified":null,"like_count":0,"content":"苏州直接参照中高风险地区对待，草（）大城市还没动静，小城市反应很快，我要是回家就喜提14+7+7","anonymity":0,"any_name":null,"commentCount":null,"user":{"id":581,"name":"發光西瓜孢子","avatar_url":"http://test01-20200725.oss-cn-shenzhen.aliyuncs.com/image/1631119077984.jpg?Expires=1946479074&OSSAccessKeyId=LTAI4G5RL7pjavqASCwc42kR&Signature=V5Ue7WGt4Jv72AxfDa28Or%2B6ul0%3D"},"isCommentLike":-5,"dislike_count":0},{"id":4903,"parent_id":4898,"type":2,"commentor":581,"gmtCreate":null,"gmtModified":null,"like_count":0,"content":"北京天津都还没政策，my温州真的，伤了","anonymity":0,"any_name":null,"commentCount":null,"user":{"id":581,"name":"發光西瓜孢子","avatar_url":"http://test01-20200725.oss-cn-shenzhen.aliyuncs.com/image/1631119077984.jpg?Expires=1946479074&OSSAccessKeyId=LTAI4G5RL7pjavqASCwc42kR&Signature=V5Ue7WGt4Jv72AxfDa28Or%2B6ul0%3D"},"isCommentLike":-5,"dislike_count":0}],"any_name":null,"relation":-2,"liked":-4,"anonymity":0,"dislike_count":0}