{"id":15759,"author":null,"author_avatar_url":null,"author_id":1074,"author_status":1,"gmt_create":1648566477037,"gmt_modified":1648566477037,"content":"请问刘晶老师的宝石矿物学怎么样吖？或者有人知道刘晶老师嘛？","title":"请问刘晶老师的宝石矿物学怎么样吖？或者有人知道刘晶老师嘛？","description":"no description yet","like_count":0,"comment_count":0,"view_count":44,"type":"post","tag":"not tag yet","imageList":"","content_source":null,"comments":null,"any_name":"拱北快递员","relation":-2,"liked":-4,"anonymity":1,"dislike_count":0}