{"id":15831,"author":null,"author_avatar_url":null,"author_id":1604,"author_status":1,"gmt_create":1648621084775,"gmt_modified":1648621084775,"content":"世嘉你卡死我了呃呃呃呃啊啊啊啊啊让我抽卡啊啊啊啊啊啊啊啊啊啊啊啊啊啊啊啊啊啊啊啊啊啊啊","title":"世嘉你卡死我了呃呃呃呃啊啊啊啊啊让我抽卡啊啊啊啊啊啊啊啊啊啊啊啊啊啊啊啊啊啊啊啊啊啊啊","description":"no description yet","like_count":0,"comment_count":4,"view_count":63,"type":"post","tag":"not tag yet","imageList":"","content_source":null,"comments":[{"id":59453,"parent_id":15831,"type":1,"commentor":1547,"gmtCreate":null,"gmtModified":null,"like_count":0,"content":"啤酒烧烤吗","anonymity":0,"any_name":null,"commentCount":null,"user":{"id":1547,"name":"糖糖","avatar_url":"http://test01-20200725.oss-cn-shenzhen.aliyuncs.com/image/1647939276989.jpg?Expires=1963299275&OSSAccessKeyId=LTAI4G5RL7pjavqASCwc42kR&Signature=kd5YHUdVCcQtpuxGl3SiEO1Itto%3D"},"isCommentLike":-5,"dislike_count":0},{"id":59467,"parent_id":59453,"type":2,"commentor":1604,"gmtCreate":null,"gmtModified":null,"like_count":0,"content":"是的嘞 现在在维护了","anonymity":1,"any_name":"咖哩鱼蛋","commentCount":null,"user":{"id":1604,"name":"種","avatar_url":"http://test01-20200725.oss-cn-shenzhen.aliyuncs.com/image/1650263467543.jpg?Expires=1965623458&OSSAccessKeyId=LTAI4G5RL7pjavqASCwc42kR&Signature=Dy%2FSaGlCZKBA%2BQP9fiI6eY5KLww%3D"},"isCommentLike":-5,"dislike_count":0},{"id":59473,"parent_id":59467,"type":2,"commentor":1547,"gmtCreate":null,"gmtModified":null,"like_count":0,"content":"笑死了土豆服务器哈哈哈哈哈哈哈哈","anonymity":0,"any_name":null,"commentCount":null,"user":{"id":1547,"name":"糖糖","avatar_url":"http://test01-20200725.oss-cn-shenzhen.aliyuncs.com/image/1647939276989.jpg?Expires=1963299275&OSSAccessKeyId=LTAI4G5RL7pjavqASCwc42kR&Signature=kd5YHUdVCcQtpuxGl3SiEO1Itto%3D"},"isCommentLike":-5,"dislike_count":0},{"id":59506,"parent_id":59453,"type":2,"commentor":1166,"gmtCreate":null,"gmtModified":null,"like_count":0,"content":"笑死我了这个名字","anonymity":0,"any_name":null,"commentCount":null,"user":{"id":1166,"name":"2790345","avatar_url":"http://test01-20200725.oss-cn-shenzhen.aliyuncs.com/image/1660228993820.jpg?Expires=1975588986&OSSAccessKeyId=LTAI4G5RL7pjavqASCwc42kR&Signature=1JDOfg6QmiBeTlVbB6%2BFj3Wh1Is%3D"},"isCommentLike":-5,"dislike_count":0}],"any_name":"咖哩鱼蛋","relation":-2,"liked":-4,"anonymity":1,"dislike_count":0}