{"id":15866,"author":null,"author_avatar_url":null,"author_id":347,"author_status":1,"gmt_create":1648640311593,"gmt_modified":1648640311593,"content":"横琴有啥自习的好地方吗？","title":"横琴有啥自习的好地方吗？","description":"no description yet","like_count":0,"comment_count":1,"view_count":104,"type":"post","tag":"not tag yet","imageList":"","content_source":null,"comments":[{"id":59582,"parent_id":15866,"type":1,"commentor":1048,"gmtCreate":null,"gmtModified":null,"like_count":0,"content":"自己家","anonymity":1,"any_name":"人生的智慧","commentCount":null,"user":{"id":1048,"name":"Mxmtoon","avatar_url":"https://thirdwx.qlogo.cn/mmopen/vi_32/BgX1Kn6uGTJEd2EPsoR4dR9DUD9bOlSwHiae2D9R6ic78Hgqny8guZR5ibia8ua2xiajYjQkV54KJpnianxtd33deIkg/132"},"isCommentLike":-5,"dislike_count":0}],"any_name":"芋圆奶茶","relation":-2,"liked":-4,"anonymity":1,"dislike_count":0}