{"id":15889,"author":null,"author_avatar_url":null,"author_id":981,"author_status":1,"gmt_create":1648649924835,"gmt_modified":1648649924835,"content":"请问大家怎么处理凡尔赛的绿茶女","title":"请问大家怎么处理凡尔赛的绿茶女","description":"no description yet","like_count":0,"comment_count":4,"view_count":190,"type":"post","tag":"not tag yet","imageList":"","content_source":null,"comments":[{"id":59663,"parent_id":15889,"type":1,"commentor":635,"gmtCreate":null,"gmtModified":null,"like_count":0,"content":"冷处理","anonymity":1,"any_name":"人生的智慧","commentCount":null,"user":{"id":635,"name":"别理我，我比你牛逼","avatar_url":"http://test01-20200725.oss-cn-shenzhen.aliyuncs.com/image/1659496488044.gif?Expires=1974856478&OSSAccessKeyId=LTAI4G5RL7pjavqASCwc42kR&Signature=BDlc8M%2FBnAOuLIx8vfkdijTlje8%3D"},"isCommentLike":-5,"dislike_count":0},{"id":59686,"parent_id":15889,"type":1,"commentor":1727,"gmtCreate":null,"gmtModified":null,"like_count":0,"content":"红色圆圈⭕️白色感叹号❕伺候","anonymity":1,"any_name":"出前一丁","commentCount":null,"user":{"id":1727,"name":"葉泓荃","avatar_url":"https://thirdwx.qlogo.cn/mmopen/vi_32/n7yGP9Xwbic9FO8n1mFdR6F4RsVGYxWYpggnNGFibLEAeDUBsoT4e04jZpp2pmBKkfBDQ943PkjNpLibxYXmQLeKA/132"},"isCommentLike":-5,"dislike_count":0},{"id":59692,"parent_id":59686,"type":2,"commentor":981,"gmtCreate":null,"gmtModified":null,"like_count":0,"content":"啥意思","anonymity":1,"any_name":"Redis设计与实现","commentCount":null,"user":{"id":981,"name":"长句","avatar_url":"https://thirdwx.qlogo.cn/mmopen/vi_32/h2eVI2ysJw3XgGIGCHXjtxYDC3ia24GHAjjIIicQ4pa2bMT5GQq8Po3Hdzhadp8gyVXBiaGsOYFKTcJVBm958rwibQ/132"},"isCommentLike":-5,"dislike_count":0},{"id":59694,"parent_id":59692,"type":2,"commentor":1727,"gmtCreate":null,"gmtModified":null,"like_count":0,"content":"你把它微信删了，他在发就会显示红色⭕️白色感叹号嘛","anonymity":1,"any_name":"出前一丁","commentCount":null,"user":{"id":1727,"name":"葉泓荃","avatar_url":"https://thirdwx.qlogo.cn/mmopen/vi_32/n7yGP9Xwbic9FO8n1mFdR6F4RsVGYxWYpggnNGFibLEAeDUBsoT4e04jZpp2pmBKkfBDQ943PkjNpLibxYXmQLeKA/132"},"isCommentLike":-5,"dislike_count":0}],"any_name":"Redis设计与实现","relation":-2,"liked":-4,"anonymity":1,"dislike_count":0}