{"id":15974,"author":null,"author_avatar_url":null,"author_id":1338,"author_status":1,"gmt_create":1648705261336,"gmt_modified":1648705261336,"content":"今天中午12:20左右在o座等中间电梯的黑色衣服小哥哥，带着眼镜有点像毛不易的小哥哥，谢谢你，让我和我朋友站一起，害你要等下一班电梯 不好意思！！","title":"今天中午12:20左右在o座等中间电梯的黑色衣服小哥哥，带着眼镜有点像毛不易的小哥哥，谢谢你，让我和我朋友站一起，害你要等下一班电梯 不好意思！！","description":"no description yet","like_count":9,"comment_count":0,"view_count":32,"type":"post","tag":"not tag yet","imageList":"","content_source":null,"comments":null,"any_name":"出前一丁","relation":-2,"liked":-4,"anonymity":1,"dislike_count":0}