{"id":16030,"author":null,"author_avatar_url":null,"author_id":501,"author_status":1,"gmt_create":1648731242148,"gmt_modified":1648731242148,"content":"君子球好吗家人们","title":"君子球好吗家人们","description":"no description yet","like_count":0,"comment_count":2,"view_count":126,"type":"post","tag":"not tag yet","imageList":"","content_source":null,"comments":[{"id":60240,"parent_id":16030,"type":1,"commentor":182,"gmtCreate":null,"gmtModified":null,"like_count":0,"content":"蛮好玩的 不过是在室外的 可能会有点晒","anonymity":0,"any_name":null,"commentCount":null,"user":{"id":182,"name":"麦麦脆汁鸡","avatar_url":"https://thirdwx.qlogo.cn/mmopen/vi_32/A19Cv4bL1BicibtcgnSAQleHO4pPBaiaeuaLsK4AwaVia0fkjFEg2Spf81EswrwBYVFkfnVoqNyib5rJtulVyUNwTQQ/132"},"isCommentLike":-5,"dislike_count":0},{"id":142146,"parent_id":60240,"type":2,"commentor":2120,"gmtCreate":null,"gmtModified":null,"like_count":0,"content":"君子球给分怎么样哇？","anonymity":1,"any_name":"和味牛杂","commentCount":null,"user":{"id":2120,"name":"加蟹小笼包","avatar_url":"http://test01-20200725.oss-cn-shenzhen.aliyuncs.com/image/1647943162040.jpg?Expires=1963303155&OSSAccessKeyId=LTAI4G5RL7pjavqASCwc42kR&Signature=zOd6gkhFk%2Bipbrl1pTEEu3%2FnSTI%3D"},"isCommentLike":-5,"dislike_count":0}],"any_name":"珠海小天使","relation":-2,"liked":-4,"anonymity":1,"dislike_count":0}