{"id":16067,"author":null,"author_avatar_url":null,"author_id":1138,"author_status":1,"gmt_create":1648745920022,"gmt_modified":1648745920022,"content":"我希望大家对发朋友圈某些事对一些宽容\n无论抑郁也好借酒消愁也好还是认真做一顿饭拍一些美美自拍出去玩什么的\n都是自己愿意展示分享出来的\n发表者也许不是为了某个人发得 但肯定是为了自己发的\n所以 要是围观别人朋友圈的并且对这个朋友圈内容感觉不舒服的 可以直接屏蔽掉这个人 而不是在树洞里唧唧歪歪分析这个人怎么怎么样……未知全貌不予置评 大家还是多一点善意 就算不理解心理疾病不理解LGbtq群体等等等等……起码给出应有的尊重 而不是用自己的道德观强加给他人。没人会愿意听你的偏见和你的理解和你觉得这些人“应该”怎样怎样……没有人“应该”怎样，每个人都不应该被定义，他愿意怎么样就怎么样 说通俗一点“ 这是我自己的事 关你屁事 你自己的事 关我屁事” 而且大家可能都不喜欢圣母 尤其是朋友圈圣母 自己那么道德高尚喜欢标榜自己 就更应该考虑 别人的生活和隐私不要掺和太多 我真的希望科大多一些情商高明事理的大学生而不是各路牛鬼蛇神…人本身就是有差异化的 祝福尊重不好吗 而且界限感是任何关系都需要具备的 希望每个看到这篇问的人都能 努力自省努力提高（注 我是个旁观者与本事件无关","title":"我希望大家对发朋友圈某些事对一些宽容\n无论抑郁也好借酒消愁也好还是认真做一顿饭拍一些美美自拍出去玩什么的\n都是自己愿意展示分享出来的\n发表者也许不是为了某个人发得 但肯定","description":"no description yet","like_count":13,"comment_count":4,"view_count":256,"type":"post","tag":"not tag yet","imageList":"","content_source":null,"comments":[{"id":60309,"parent_id":16067,"type":1,"commentor":3599,"gmtCreate":null,"gmtModified":null,"like_count":1,"content":"同意","anonymity":0,"any_name":null,"commentCount":null,"user":{"id":3599,"name":"桃色的心","avatar_url":"http://test01-20200725.oss-cn-shenzhen.aliyuncs.com/image/1647830626413.webp?Expires=1963190625&OSSAccessKeyId=LTAI4G5RL7pjavqASCwc42kR&Signature=u6e4FR02OZq410XJtE4iYYF6MP0%3D"},"isCommentLike":-5,"dislike_count":0},{"id":60315,"parent_id":16067,"type":1,"commentor":404,"gmtCreate":null,"gmtModified":null,"like_count":0,"content":"为什么世界上只允许有一种声音呢","anonymity":1,"any_name":"微积分","commentCount":null,"user":{"id":404,"name":"今天几点睡","avatar_url":"http://test01-20200725.oss-cn-shenzhen.aliyuncs.com/image/1662742355253.jpg?Expires=1978102346&OSSAccessKeyId=LTAI4G5RL7pjavqASCwc42kR&Signature=qLC0mRwv34mgUsW2URH%2FdQ3lxXw%3D"},"isCommentLike":-5,"dislike_count":0},{"id":60320,"parent_id":60315,"type":2,"commentor":1138,"gmtCreate":null,"gmtModified":null,"like_count":0,"content":"世界上有很多种声音 但很多人只喜欢听他们喜欢的那种声音 我也只是发出了自己的声音拿出自己的见解而已","anonymity":1,"any_name":"和味牛杂","commentCount":null,"user":{"id":1138,"name":"王一博女朋友","avatar_url":"https://thirdwx.qlogo.cn/mmopen/vi_32/DYAIOgq83eoIXfouYMiagSo49GrqIbH4gtOlVJdBRjVIp5QwFnvqChnQiaf9DpgNeTaKs0m9cEGicjaAiaT5kIWcqg/132"},"isCommentLike":-5,"dislike_count":0},{"id":60321,"parent_id":60320,"type":2,"commentor":404,"gmtCreate":null,"gmtModified":null,"like_count":0,"content":"那彼此就并存吧","anonymity":1,"any_name":"微积分","commentCount":null,"user":{"id":404,"name":"今天几点睡","avatar_url":"http://test01-20200725.oss-cn-shenzhen.aliyuncs.com/image/1662742355253.jpg?Expires=1978102346&OSSAccessKeyId=LTAI4G5RL7pjavqASCwc42kR&Signature=qLC0mRwv34mgUsW2URH%2FdQ3lxXw%3D"},"isCommentLike":-5,"dislike_count":0}],"any_name":"和味牛杂","relation":-2,"liked":-4,"anonymity":1,"dislike_count":0}