{"id":16071,"author":"已经…没有海星了","author_avatar_url":"http://test01-20200725.oss-cn-shenzhen.aliyuncs.com/image/1655657384672.jpg?Expires=1971017376&OSSAccessKeyId=LTAI4G5RL7pjavqASCwc42kR&Signature=VulKD1KTsmBSVHOYsJXv9AfFh9A%3D","author_id":3549,"author_status":1,"gmt_create":1648747393713,"gmt_modified":1648747393713,"content":"哇，深夜听歌好有感觉啊hhhh","title":"哇，深夜听歌好有感觉啊hhhh","description":"no description yet","like_count":1,"comment_count":0,"view_count":3,"type":"post","tag":"not tag yet","imageList":"","content_source":null,"comments":null,"any_name":null,"relation":-2,"liked":-4,"anonymity":0,"dislike_count":0}