{"id":16088,"author":null,"author_avatar_url":null,"author_id":1025,"author_status":1,"gmt_create":1648781382665,"gmt_modified":1648781382665,"content":"今天外面的天气，穿短袖＋一件外套会冷吗","title":"今天外面的天气，穿短袖＋一件外套会冷吗","description":"no description yet","like_count":2,"comment_count":4,"view_count":143,"type":"post","tag":"not tag yet","imageList":"","content_source":null,"comments":[{"id":60384,"parent_id":16088,"type":1,"commentor":1215,"gmtCreate":null,"gmtModified":null,"like_count":0,"content":"不会","anonymity":1,"any_name":"允指原味鸡","commentCount":null,"user":{"id":1215,"name":"U_328631633011","avatar_url":null},"isCommentLike":-5,"dislike_count":0},{"id":60400,"parent_id":16088,"type":1,"commentor":628,"gmtCreate":null,"gmtModified":null,"like_count":0,"content":"感觉刚刚好","anonymity":0,"any_name":null,"commentCount":null,"user":{"id":628,"name":"古希腊掌管选课的神","avatar_url":"http://test01-20200725.oss-cn-shenzhen.aliyuncs.com/image/1650879725627.jpg?Expires=1966239722&OSSAccessKeyId=LTAI4G5RL7pjavqASCwc42kR&Signature=3waEl%2B4zLKW%2F8ST3bwPkH4EkQa4%3D"},"isCommentLike":-5,"dislike_count":0},{"id":60417,"parent_id":16088,"type":1,"commentor":592,"gmtCreate":null,"gmtModified":null,"like_count":0,"content":"我短袖也刚刚好","anonymity":1,"any_name":"网瘾少年","commentCount":null,"user":{"id":592,"name":"xxl","avatar_url":"http://test01-20200725.oss-cn-shenzhen.aliyuncs.com/image/1664352859085.jpg?Expires=1979712854&OSSAccessKeyId=LTAI4G5RL7pjavqASCwc42kR&Signature=jqrJUes41AT1wXmBa32L8fBdjCs%3D"},"isCommentLike":-5,"dislike_count":0},{"id":60385,"parent_id":60384,"type":2,"commentor":1025,"gmtCreate":null,"gmtModified":null,"like_count":0,"content":"好的，谢谢你","anonymity":1,"any_name":"Kelly","commentCount":null,"user":{"id":1025,"name":"R_t","avatar_url":"https://thirdwx.qlogo.cn/mmopen/vi_32/sBJGEvylut78j3YCXXia4dULI3LrOicTuoHjR5f5pYxL94EWknlw1Z8ia0NGtDibhGpSmdfUtZQFfpZgbia8VYe1iaxQ/132"},"isCommentLike":-5,"dislike_count":0}],"any_name":"Kelly","relation":-2,"liked":-4,"anonymity":1,"dislike_count":0}