{"id":16122,"author":null,"author_avatar_url":null,"author_id":2681,"author_status":1,"gmt_create":1648791554822,"gmt_modified":1648791554822,"content":"学生会主席咋的了","title":"学生会主席咋的了","description":"no description yet","like_count":2,"comment_count":8,"view_count":751,"type":"post","tag":"not tag yet","imageList":"","content_source":null,"comments":[{"id":60456,"parent_id":16122,"type":1,"commentor":1635,"gmtCreate":null,"gmtModified":null,"like_count":4,"content":"摆烂鸟","anonymity":1,"any_name":"GRE精选","commentCount":null,"user":{"id":1635,"name":"藿香正气\uD83D\uDC8A","avatar_url":"https://thirdwx.qlogo.cn/mmopen/vi_32/PpflfJKhVu4TC8IlTvfe1V7snh4jWibYrPaHd8vtzicREJNHIiarS9SFpr8nHK2jN8TlFZqUjd8ajibFD8urbU9ZGQ/132"},"isCommentLike":-5,"dislike_count":0},{"id":60447,"parent_id":16122,"type":1,"commentor":398,"gmtCreate":null,"gmtModified":null,"like_count":3,"content":"同问","anonymity":0,"any_name":null,"commentCount":null,"user":{"id":398,"name":"摆烂鸟","avatar_url":"http://test01-20200725.oss-cn-shenzhen.aliyuncs.com/image/1641373226345.jpg?Expires=1956733225&OSSAccessKeyId=LTAI4G5RL7pjavqASCwc42kR&Signature=E33STicbap6pt4Supk14pG9X76I%3D"},"isCommentLike":-5,"dislike_count":0},{"id":60461,"parent_id":16122,"type":1,"commentor":2681,"gmtCreate":null,"gmtModified":null,"like_count":1,"content":"笑死我了评论区","anonymity":1,"any_name":"喷火龙","commentCount":null,"user":{"id":2681,"name":"N","avatar_url":null},"isCommentLike":-5,"dislike_count":0},{"id":60867,"parent_id":16122,"type":1,"commentor":1521,"gmtCreate":null,"gmtModified":null,"like_count":0,"content":"\uD83D\uDC42\uD83C\uDFFB？","anonymity":1,"any_name":"亚古兽","commentCount":null,"user":{"id":1521,"name":"Garrrrrry\uD83D\uDE48","avatar_url":"https://thirdwx.qlogo.cn/mmopen/vi_32/j0lsQuAcewLNr1UtV5iaelBt8YPbOg71WAYR84iblnlDejns2mzdjwH48YhtrU6YmbUTBIZ628MnhcF3ZTqFNicOQ/132"},"isCommentLike":-5,"dislike_count":0},{"id":60458,"parent_id":60456,"type":2,"commentor":398,"gmtCreate":null,"gmtModified":null,"like_count":0,"content":"摆烂鸟来了","anonymity":0,"any_name":null,"commentCount":null,"user":{"id":398,"name":"摆烂鸟","avatar_url":"http://test01-20200725.oss-cn-shenzhen.aliyuncs.com/image/1641373226345.jpg?Expires=1956733225&OSSAccessKeyId=LTAI4G5RL7pjavqASCwc42kR&Signature=E33STicbap6pt4Supk14pG9X76I%3D"},"isCommentLike":-5,"dislike_count":0},{"id":60459,"parent_id":60458,"type":2,"commentor":1635,"gmtCreate":null,"gmtModified":null,"like_count":0,"content":"我是说学生会长也摆烂鸟","anonymity":1,"any_name":"GRE精选","commentCount":null,"user":{"id":1635,"name":"藿香正气\uD83D\uDC8A","avatar_url":"https://thirdwx.qlogo.cn/mmopen/vi_32/PpflfJKhVu4TC8IlTvfe1V7snh4jWibYrPaHd8vtzicREJNHIiarS9SFpr8nHK2jN8TlFZqUjd8ajibFD8urbU9ZGQ/132"},"isCommentLike":-5,"dislike_count":0},{"id":60460,"parent_id":60459,"type":2,"commentor":398,"gmtCreate":null,"gmtModified":null,"like_count":0,"content":"那我也可以是学生会长嘛\uD83E\uDD2A","anonymity":0,"any_name":null,"commentCount":null,"user":{"id":398,"name":"摆烂鸟","avatar_url":"http://test01-20200725.oss-cn-shenzhen.aliyuncs.com/image/1641373226345.jpg?Expires=1956733225&OSSAccessKeyId=LTAI4G5RL7pjavqASCwc42kR&Signature=E33STicbap6pt4Supk14pG9X76I%3D"},"isCommentLike":-5,"dislike_count":0},{"id":60468,"parent_id":60460,"type":2,"commentor":1635,"gmtCreate":null,"gmtModified":null,"like_count":0,"content":"我直接加入您内阁，会长大人","anonymity":1,"any_name":"GRE精选","commentCount":null,"user":{"id":1635,"name":"藿香正气\uD83D\uDC8A","avatar_url":"https://thirdwx.qlogo.cn/mmopen/vi_32/PpflfJKhVu4TC8IlTvfe1V7snh4jWibYrPaHd8vtzicREJNHIiarS9SFpr8nHK2jN8TlFZqUjd8ajibFD8urbU9ZGQ/132"},"isCommentLike":-5,"dislike_count":0}],"any_name":"喷火龙","relation":-2,"liked":-4,"anonymity":1,"dislike_count":0}