{"id":16319,"author":null,"author_avatar_url":null,"author_id":4683,"author_status":1,"gmt_create":1648909981414,"gmt_modified":1648909981414,"content":"带一部新手机，一部旧ipad，和面霜、护手霜各一个\n过海关，会被扣吗？","title":"带一部新手机，一部旧ipad，和面霜、护手霜各一个\n过海关，会被扣吗？","description":"no description yet","like_count":0,"comment_count":1,"view_count":152,"type":"post","tag":"not tag yet","imageList":"","content_source":null,"comments":[{"id":61165,"parent_id":16319,"type":1,"commentor":950,"gmtCreate":null,"gmtModified":null,"like_count":0,"content":"不会","anonymity":0,"any_name":null,"commentCount":null,"user":{"id":950,"name":"嘉心糖今天吃什么","avatar_url":"http://test01-20200725.oss-cn-shenzhen.aliyuncs.com/image/1653601697278.gif?Expires=1968961688&OSSAccessKeyId=LTAI4G5RL7pjavqASCwc42kR&Signature=MJ1wFoThzUSd5vemDHpVKNWnCcA%3D"},"isCommentLike":-5,"dislike_count":0}],"any_name":"Kelly","relation":-2,"liked":-4,"anonymity":1,"dislike_count":0}