{"id":16421,"author":null,"author_avatar_url":null,"author_id":2918,"author_status":1,"gmt_create":1648966405476,"gmt_modified":1648966405476,"content":"\uD83D\uDE97~~ \uD83C\uDFC3\uD83C\uDFFB~~赵世勇你带我走吧赵世勇\uD83C\uDFC3\uD83C\uDFFB~~~~~\uD83E\uDDCE\uD83C\uDFFB世勇～～没有你我怎么活啊","title":"\uD83D\uDE97~~ \uD83C\uDFC3\uD83C\uDFFB~~赵世勇你带我走吧赵世勇\uD83C\uDFC3\uD83C\uDFFB~~~~~\uD83E\uDDCE\uD83C\uDFFB世勇～～没有你我怎么活啊","description":"no description yet","like_count":1,"comment_count":3,"view_count":274,"type":"post","tag":"not tag yet","imageList":"","content_source":null,"comments":[{"id":61694,"parent_id":16421,"type":1,"commentor":1295,"gmtCreate":null,"gmtModified":null,"like_count":0,"content":"为什么这么说？？？他要离开科大了吗？我现在正上着他的课狠狠吓了一跳","anonymity":1,"any_name":"咖哩鱼蛋","commentCount":null,"user":{"id":1295,"name":"U_637031633831","avatar_url":null},"isCommentLike":-5,"dislike_count":0},{"id":61695,"parent_id":16421,"type":1,"commentor":5924,"gmtCreate":null,"gmtModified":null,"like_count":0,"content":"说得好哈哈哈哈\uD83D\uDE02","anonymity":1,"any_name":"GRE精选","commentCount":null,"user":{"id":5924,"name":"发疯c","avatar_url":null},"isCommentLike":-5,"dislike_count":0},{"id":61710,"parent_id":16421,"type":1,"commentor":2263,"gmtCreate":null,"gmtModified":null,"like_count":0,"content":"？？？","anonymity":0,"any_name":null,"commentCount":null,"user":{"id":2263,"name":"昵称是啥","avatar_url":null},"isCommentLike":-5,"dislike_count":0}],"any_name":"芋圆奶茶","relation":-2,"liked":-4,"anonymity":1,"dislike_count":0}