{"id":16437,"author":"愤怒战士","author_avatar_url":"http://test01-20200725.oss-cn-shenzhen.aliyuncs.com/image/1663681422485.jpg?Expires=1979041417&OSSAccessKeyId=LTAI4G5RL7pjavqASCwc42kR&Signature=OaxEOUrLeAx82vj0yglZzpMNMjA%3D","author_id":450,"author_status":1,"gmt_create":1648974127118,"gmt_modified":1648974127118,"content":"高价求一个吉他背带锁扣","title":"高价求一个吉他背带锁扣","description":"no description yet","like_count":1,"comment_count":0,"view_count":7,"type":"post","tag":"not tag yet","imageList":"","content_source":null,"comments":null,"any_name":null,"relation":-2,"liked":-4,"anonymity":0,"dislike_count":0}