{"id":16460,"author":null,"author_avatar_url":null,"author_id":1340,"author_status":1,"gmt_create":1648993964407,"gmt_modified":1648993964407,"content":"有人有微观经济学的密码纸吗\uD83D\uDE2B","title":"有人有微观经济学的密码纸吗\uD83D\uDE2B","description":"no description yet","like_count":0,"comment_count":1,"view_count":55,"type":"post","tag":"not tag yet","imageList":"","content_source":null,"comments":[{"id":61840,"parent_id":16460,"type":1,"commentor":950,"gmtCreate":null,"gmtModified":null,"like_count":0,"content":"微经没有密码纸吧…","anonymity":0,"any_name":null,"commentCount":null,"user":{"id":950,"name":"嘉心糖今天吃什么","avatar_url":"http://test01-20200725.oss-cn-shenzhen.aliyuncs.com/image/1653601697278.gif?Expires=1968961688&OSSAccessKeyId=LTAI4G5RL7pjavqASCwc42kR&Signature=MJ1wFoThzUSd5vemDHpVKNWnCcA%3D"},"isCommentLike":-5,"dislike_count":0}],"any_name":"Redis设计与实现","relation":-2,"liked":-4,"anonymity":1,"dislike_count":0}