{"id":16572,"author":null,"author_avatar_url":null,"author_id":721,"author_status":1,"gmt_create":1649047239764,"gmt_modified":1649047239764,"content":"科大医院医保一般多久到账","title":"科大医院医保一般多久到账","description":"no description yet","like_count":0,"comment_count":5,"view_count":62,"type":"post","tag":"not tag yet","imageList":"","content_source":null,"comments":[{"id":62300,"parent_id":16572,"type":1,"commentor":5845,"gmtCreate":null,"gmtModified":null,"like_count":0,"content":"同问","anonymity":1,"any_name":"珠海小天使","commentCount":null,"user":{"id":5845,"name":"U_251671648913","avatar_url":null},"isCommentLike":-5,"dislike_count":0},{"id":62301,"parent_id":16572,"type":1,"commentor":550,"gmtCreate":null,"gmtModified":null,"like_count":0,"content":"请问学校会给我们交医保吗，还是要在内地自己交啊","anonymity":1,"any_name":"人生的智慧","commentCount":null,"user":{"id":550,"name":"W","avatar_url":"https://thirdwx.qlogo.cn/mmopen/vi_32/DYAIOgq83er3Oo2kKcJclA3hk1Sicv8zckVcQ4HdfaOd9IEGYoOrY8jDkZHtHCCRwqNaXGicN1tFia91gU8eAc9BQ/132"},"isCommentLike":-5,"dislike_count":0},{"id":62303,"parent_id":16572,"type":1,"commentor":1331,"gmtCreate":null,"gmtModified":null,"like_count":0,"content":"两到三个月，如果是医院没有报销，自己去友邦报的话","anonymity":1,"any_name":"咖哩鱼蛋","commentCount":null,"user":{"id":1331,"name":"T_13890992","avatar_url":"http://test01-20200725.oss-cn-shenzhen.aliyuncs.com/image/1649916959411.png?Expires=1965276954&OSSAccessKeyId=LTAI4G5RL7pjavqASCwc42kR&Signature=0pbK7koFoMA3L5nNususfi1XuG0%3D"},"isCommentLike":-5,"dislike_count":0},{"id":62384,"parent_id":16572,"type":1,"commentor":366,"gmtCreate":null,"gmtModified":null,"like_count":0,"content":"很久 我去年12月申请 今年三月份才到的","anonymity":1,"any_name":"Anton","commentCount":null,"user":{"id":366,"name":"和美女貼貼","avatar_url":"http://test01-20200725.oss-cn-shenzhen.aliyuncs.com/image/1663142907319.jpg?Expires=1978502904&OSSAccessKeyId=LTAI4G5RL7pjavqASCwc42kR&Signature=1JLyARGxgfYdi61y0XPh%2BQZidcE%3D"},"isCommentLike":-5,"dislike_count":0},{"id":62389,"parent_id":62300,"type":2,"commentor":721,"gmtCreate":null,"gmtModified":null,"like_count":0,"content":"到账了申诉到到账就三天 人傻了","anonymity":0,"any_name":null,"commentCount":null,"user":{"id":721,"name":"好好睡觉","avatar_url":"https://thirdwx.qlogo.cn/mmopen/vi_32/M9v0iasOnGJWIhV9whScVGQj9HhDLQqAhY3Olngo775G7xiczqjZDegia5znLgs7q1iaruXvyny9WJby8fsYiczicR6g/132"},"isCommentLike":-5,"dislike_count":0}],"any_name":"Redis设计与实现","relation":-2,"liked":-4,"anonymity":1,"dislike_count":0}