{"id":16837,"author":null,"author_avatar_url":null,"author_id":186,"author_status":1,"gmt_create":1649218574898,"gmt_modified":1649218574898,"content":"新传啥时候出分专业结果啊啊啊 看着工管出了 我也等不及了","title":"新传啥时候出分专业结果啊啊啊 看着工管出了 我也等不及了","description":"no description yet","like_count":0,"comment_count":1,"view_count":111,"type":"post","tag":"not tag yet","imageList":"","content_source":null,"comments":[{"id":63339,"parent_id":16837,"type":1,"commentor":161,"gmtCreate":null,"gmtModified":null,"like_count":0,"content":"新传选专业也有分数要求吗","anonymity":1,"any_name":"Tom","commentCount":null,"user":{"id":161,"name":"jellyfish","avatar_url":"https://thirdwx.qlogo.cn/mmopen/vi_32/Q0j4TwGTfTJcXqaZf7oI1NZpdrmqibVtIkq0CLyCOx3J4WvO771FtGLb7ZeliakYoTBAV5E6buWJQVsgrM7JA84g/132"},"isCommentLike":-5,"dislike_count":0}],"any_name":"六级词汇","relation":-2,"liked":-4,"anonymity":1,"dislike_count":0}