{"id":17158,"author":null,"author_avatar_url":null,"author_id":1295,"author_status":1,"gmt_create":1649422659366,"gmt_modified":1649422659366,"content":"想问一下p1这道题的a就是求导对吧？p2答案中为什么有一个（2）还有dx的形式呢？这种题能不能直接加一撇求导而不用dx、dy的形式？","title":"想问一下p1这道题的a就是求导对吧？p2答案中为什么有一个（2）还有dx的形式呢？这种题能不能直接加一撇求导而不用dx、dy的形式？","description":"no description yet","like_count":2,"comment_count":2,"view_count":50,"type":"post","tag":"not tag yet","imageList":"http://test01-20200725.oss-cn-shenzhen.aliyuncs.com/image/1649422560749.jpg?Expires=1964782555&OSSAccessKeyId=LTAI4G5RL7pjavqASCwc42kR&Signature=GpViYbAlAYHGFM%2FGi%2FgwMqOxTMg%3D;http://test01-20200725.oss-cn-shenzhen.aliyuncs.com/image/1649422557898.jpg?Expires=1964782555&OSSAccessKeyId=LTAI4G5RL7pjavqASCwc42kR&Signature=usQp1Z56OFwBAOzs4BtN%2Bxe6n%2F4%3D","content_source":null,"comments":[{"id":64611,"parent_id":17158,"type":1,"commentor":49,"gmtCreate":null,"gmtModified":null,"like_count":0,"content":"dy是微分，求导的话是dy/dx，微积分里面求导最好写成dy/dx","anonymity":1,"any_name":"多喝热水","commentCount":null,"user":{"id":49,"name":"锦鲤king","avatar_url":"http://test01-20200725.oss-cn-shenzhen.aliyuncs.com/image/1666265516382.jpg?Expires=1981625508&OSSAccessKeyId=LTAI4G5RL7pjavqASCwc42kR&Signature=2lsDp8dOMcReGEDHqMR8pKtdkKs%3D"},"isCommentLike":-5,"dislike_count":0},{"id":64788,"parent_id":64611,"type":2,"commentor":1295,"gmtCreate":null,"gmtModified":null,"like_count":0,"content":"非常感谢！！！","anonymity":1,"any_name":"珠海小天使","commentCount":null,"user":{"id":1295,"name":"U_637031633831","avatar_url":null},"isCommentLike":-5,"dislike_count":0}],"any_name":"珠海小天使","relation":-2,"liked":-4,"anonymity":1,"dislike_count":0}