{"id":17230,"author":null,"author_avatar_url":null,"author_id":1380,"author_status":1,"gmt_create":1649480970048,"gmt_modified":1649480970048,"content":"潮代收总有几个工作人员很好，也有几个nt每次一副臭脸凶的要死，觉得科大学生会不付快递费，每次都要盯着你手机看真的很反感，有的自己戴着手套觉得快递脏吗，然后还要去碰学生手机掰过来看她付款记录真的很过分，科大学生是会贪那五块十块吗，啊啊啊啊啊啊啊啊为什么最基本的信任都没有啊","title":"潮代收总有几个工作人员很好，也有几个nt每次一副臭脸凶的要死，觉得科大学生会不付快递费，每次都要盯着你手机看真的很反感，有的自己戴着手套觉得快递脏吗，然后还要去碰学生手机","description":"no description yet","like_count":5,"comment_count":1,"view_count":313,"type":"post","tag":"not tag yet","imageList":"","content_source":null,"comments":[{"id":64908,"parent_id":17230,"type":1,"commentor":1380,"gmtCreate":null,"gmtModified":null,"like_count":0,"content":"就有种谈恋爱被对象查手机的感觉，我没有犯事啊，为什么不信任我啊，不被信任真的很难过，而且真的一副马脸很无语，潮代收你家开的吗","anonymity":1,"any_name":"Tom","commentCount":null,"user":{"id":1380,"name":"47.","avatar_url":"https://thirdwx.qlogo.cn/mmopen/vi_32/Q0j4TwGTfTLxyECuhxq9G3srnuFopfaChyEdJTYQjeXQ74U9LVMfSEMOqac0iciaHqPXtxaUavsAX6LXTS7vHfow/132"},"isCommentLike":-5,"dislike_count":0}],"any_name":"Tom","relation":-2,"liked":-4,"anonymity":1,"dislike_count":0}