{"id":17621,"author":null,"author_avatar_url":null,"author_id":2681,"author_status":1,"gmt_create":1649747813230,"gmt_modified":1649747813230,"content":"有上过ckn的社会创新（之前是生涯规划老师）的嘛？这个老师怎么样啊？","title":"有上过ckn的社会创新（之前是生涯规划老师）的嘛？这个老师怎么样啊？","description":"no description yet","like_count":1,"comment_count":0,"view_count":41,"type":"post","tag":"not tag yet","imageList":"","content_source":null,"comments":null,"any_name":"大潭山车队","relation":-2,"liked":-4,"anonymity":1,"dislike_count":0}