{"id":17699,"author":"Moooohi","author_avatar_url":"https://thirdwx.qlogo.cn/mmopen/vi_32/g2T2gr7SqneMpkZyicqgUxk0ElaP9Toibaic7qRcU9YBQ7ZFdV2ib9Nsz8DmWn3HGrF7z5dPKqUZhXuP0pVvjup4Lw/132","author_id":1934,"author_status":1,"gmt_create":1649778584822,"gmt_modified":1649778584822,"content":"问一下12:00之前能出宿舍是吗","title":"问一下12:00之前能出宿舍是吗","description":"no description yet","like_count":0,"comment_count":1,"view_count":154,"type":"post","tag":"not tag yet","imageList":"","content_source":null,"comments":[{"id":66500,"parent_id":17699,"type":1,"commentor":506,"gmtCreate":null,"gmtModified":null,"like_count":0,"content":"11点","anonymity":1,"any_name":"珠海小天使","commentCount":null,"user":{"id":506,"name":" 望子zi 先生 17㎡ ","avatar_url":"https://thirdwx.qlogo.cn/mmopen/vi_32/Q0j4TwGTfTKewKLUkK8VZk7Calgdk6H30gReQrEZlsFjy1M9EaWOl4iarSrIfK99YXSOCSH61yJbMwRAvz7MLeA/132"},"isCommentLike":-5,"dislike_count":0}],"any_name":null,"relation":-2,"liked":-4,"anonymity":0,"dislike_count":0}