{"id":17733,"author":null,"author_avatar_url":null,"author_id":1677,"author_status":1,"gmt_create":1649818622366,"gmt_modified":1649818622366,"content":"共清团在干什么。。。","title":"共清团在干什么。。。","description":"no description yet","like_count":5,"comment_count":9,"view_count":516,"type":"post","tag":"not tag yet","imageList":"","content_source":null,"comments":[{"id":66585,"parent_id":17733,"type":1,"commentor":1683,"gmtCreate":null,"gmtModified":null,"like_count":5,"content":"说得很对啊，敢在微博开团，勇气可嘉","anonymity":1,"any_name":"水箭龟","commentCount":null,"user":{"id":1683,"name":"Rarity","avatar_url":"http://test01-20200725.oss-cn-shenzhen.aliyuncs.com/image/1661566204106.jpg?Expires=1976926200&OSSAccessKeyId=LTAI4G5RL7pjavqASCwc42kR&Signature=bkV9B%2FZEWNKBsMo%2BJxR0xngtBvI%3D"},"isCommentLike":-5,"dislike_count":0},{"id":66591,"parent_id":17733,"type":1,"commentor":1055,"gmtCreate":null,"gmtModified":null,"like_count":5,"content":"我只能说这次开团干得漂亮好吧","anonymity":1,"any_name":"亚古兽","commentCount":null,"user":{"id":1055,"name":"道德真空小伯纳","avatar_url":"http://test01-20200725.oss-cn-shenzhen.aliyuncs.com/image/1645783266362.jpg?Expires=1961143260&OSSAccessKeyId=LTAI4G5RL7pjavqASCwc42kR&Signature=m4OZ%2FDIwoOmPCN8doRVCqjZdMO8%3D"},"isCommentLike":-5,"dislike_count":0},{"id":66584,"parent_id":17733,"type":1,"commentor":928,"gmtCreate":null,"gmtModified":null,"like_count":0,"content":"gqt本来就烂。别忘了清明节直播的时候打游戏外放那件事","anonymity":1,"any_name":"四川麻辣烫","commentCount":null,"user":{"id":928,"name":"\uD83C\uDF4E","avatar_url":"https://thirdwx.qlogo.cn/mmopen/vi_32/dw6CkiaLXwTvwxQydO77iaxKp31fpkOpTUCxiayxjPMMPFQCyj0PKDx9JBb87ibkLBGv4S78CJpJrNIic8iaibwcmmq5w/132"},"isCommentLike":-5,"dislike_count":0},{"id":66764,"parent_id":17733,"type":1,"commentor":1989,"gmtCreate":null,"gmtModified":null,"like_count":0,"content":"这波我站团团","anonymity":1,"any_name":"允指原味鸡","commentCount":null,"user":{"id":1989,"name":"鲁路修","avatar_url":"https://thirdwx.qlogo.cn/mmopen/vi_32/Q0j4TwGTfTJfoY0dTdZicoqXkn8U6ms8wQFmH1pqj6pqh7OGYYtbI4NL7kicF3c3LIn0SPicNUNH5NZAnopAxCVqg/132"},"isCommentLike":-5,"dislike_count":0},{"id":66586,"parent_id":66584,"type":2,"commentor":4588,"gmtCreate":null,"gmtModified":null,"like_count":0,"content":"那个是广东共青团吧","anonymity":1,"any_name":"Redis设计与实现","commentCount":null,"user":{"id":4588,"name":"锂搪丁真","avatar_url":"http://test01-20200725.oss-cn-shenzhen.aliyuncs.com/image/1647518085776.jpg?Expires=1962878078&OSSAccessKeyId=LTAI4G5RL7pjavqASCwc42kR&Signature=INXKA9FhtEM4lPvRdjtAjbUHCHQ%3D"},"isCommentLike":-5,"dislike_count":0},{"id":66589,"parent_id":66586,"type":2,"commentor":928,"gmtCreate":null,"gmtModified":null,"like_count":0,"content":"我是觉得地方共青团也可以反应整体素质啦，还有之前某地共青团拟人形象抄袭那件事）","anonymity":1,"any_name":"四川麻辣烫","commentCount":null,"user":{"id":928,"name":"\uD83C\uDF4E","avatar_url":"https://thirdwx.qlogo.cn/mmopen/vi_32/dw6CkiaLXwTvwxQydO77iaxKp31fpkOpTUCxiayxjPMMPFQCyj0PKDx9JBb87ibkLBGv4S78CJpJrNIic8iaibwcmmq5w/132"},"isCommentLike":-5,"dislike_count":0},{"id":66597,"parent_id":66589,"type":2,"commentor":4588,"gmtCreate":null,"gmtModified":null,"like_count":0,"content":"倒也是，不过我记得的是他们彼此之间属于独立部门","anonymity":1,"any_name":"Redis设计与实现","commentCount":null,"user":{"id":4588,"name":"锂搪丁真","avatar_url":"http://test01-20200725.oss-cn-shenzhen.aliyuncs.com/image/1647518085776.jpg?Expires=1962878078&OSSAccessKeyId=LTAI4G5RL7pjavqASCwc42kR&Signature=INXKA9FhtEM4lPvRdjtAjbUHCHQ%3D"},"isCommentLike":-5,"dislike_count":0},{"id":66676,"parent_id":66584,"type":2,"commentor":1655,"gmtCreate":null,"gmtModified":null,"like_count":0,"content":"太典了，攻击gqt本身会影响对极端女权主义的批判？","anonymity":1,"any_name":"Jerry","commentCount":null,"user":{"id":1655,"name":"应急食品（毕业版）","avatar_url":"http://test01-20200725.oss-cn-shenzhen.aliyuncs.com/image/1636378464049.gif?Expires=1951738454&OSSAccessKeyId=LTAI4G5RL7pjavqASCwc42kR&Signature=Ay0yzvZwaOrfFrXfYrxsTdpLkwM%3D"},"isCommentLike":-5,"dislike_count":0},{"id":66739,"parent_id":66676,"type":2,"commentor":6306,"gmtCreate":null,"gmtModified":null,"like_count":0,"content":"站你","anonymity":1,"any_name":"和味牛杂","commentCount":null,"user":{"id":6306,"name":"懒羊羊","avatar_url":"http://test01-20200725.oss-cn-shenzhen.aliyuncs.com/image/1666801544789.jpg?Expires=1982161539&OSSAccessKeyId=LTAI4G5RL7pjavqASCwc42kR&Signature=bcgoDJIYOgA8YKbbJT9hZorvX%2BQ%3D"},"isCommentLike":-5,"dislike_count":0}],"any_name":"Kelly","relation":-2,"liked":-4,"anonymity":1,"dislike_count":0}