{"id":18079,"author":null,"author_avatar_url":null,"author_id":104,"author_status":1,"gmt_create":1650030927779,"gmt_modified":1650030927779,"content":"建议发表各种观点去微博知乎b站…………..科大树洞就这么点大地方你让人发下学校里的生活随便说点好玩的不就够了吗……在小天地初展拳脚校园里大打出手这爱好可真是狭窄","title":"建议发表各种观点去微博知乎b站…………..科大树洞就这么点大地方你让人发下学校里的生活随便说点好玩的不就够了吗……在小天地初展拳脚校园里大打出手这爱好可真是狭窄","description":"no description yet","like_count":4,"comment_count":8,"view_count":192,"type":"post","tag":"not tag yet","imageList":"","content_source":null,"comments":[{"id":67915,"parent_id":18079,"type":1,"commentor":1955,"gmtCreate":null,"gmtModified":null,"like_count":3,"content":"正确的，客观的，合理的","anonymity":1,"any_name":"老板","commentCount":null,"user":{"id":1955,"name":"Amber.","avatar_url":"https://thirdwx.qlogo.cn/mmopen/vi_32/4Jv2ibQpLNWmKIrN8wiaHyicOVp9kU5RLMlyLHKjvxqGOXh4vvL8taK8XiccqJqcoX6RT1bQa51PdyoDOFcMWf2taw/132"},"isCommentLike":-5,"dislike_count":0},{"id":67904,"parent_id":18079,"type":1,"commentor":1655,"gmtCreate":null,"gmtModified":null,"like_count":0,"content":"彼此彼此","anonymity":1,"any_name":"网瘾少年","commentCount":null,"user":{"id":1655,"name":"应急食品（毕业版）","avatar_url":"http://test01-20200725.oss-cn-shenzhen.aliyuncs.com/image/1636378464049.gif?Expires=1951738454&OSSAccessKeyId=LTAI4G5RL7pjavqASCwc42kR&Signature=Ay0yzvZwaOrfFrXfYrxsTdpLkwM%3D"},"isCommentLike":-5,"dislike_count":0},{"id":67913,"parent_id":18079,"type":1,"commentor":1166,"gmtCreate":null,"gmtModified":null,"like_count":0,"content":"正确的","anonymity":0,"any_name":null,"commentCount":null,"user":{"id":1166,"name":"2790345","avatar_url":"http://test01-20200725.oss-cn-shenzhen.aliyuncs.com/image/1660228993820.jpg?Expires=1975588986&OSSAccessKeyId=LTAI4G5RL7pjavqASCwc42kR&Signature=1JDOfg6QmiBeTlVbB6%2BFj3Wh1Is%3D"},"isCommentLike":-5,"dislike_count":0},{"id":67919,"parent_id":18079,"type":1,"commentor":2139,"gmtCreate":null,"gmtModified":null,"like_count":0,"content":"很难不支持，在这里谁都说服不了谁，除了让自己血压高以为没啥好处。","anonymity":0,"any_name":null,"commentCount":null,"user":{"id":2139,"name":"胜利牌杜松子酒","avatar_url":"http://test01-20200725.oss-cn-shenzhen.aliyuncs.com/image/1664416004324.jpg?Expires=1979775997&OSSAccessKeyId=LTAI4G5RL7pjavqASCwc42kR&Signature=Itcowd79GEjrEbvi36tlS2aDo6Q%3D"},"isCommentLike":-5,"dislike_count":0},{"id":67923,"parent_id":18079,"type":1,"commentor":964,"gmtCreate":null,"gmtModified":null,"like_count":0,"content":"正确的","anonymity":1,"any_name":"亚古兽","commentCount":null,"user":{"id":964,"name":"困得自杀","avatar_url":"http://test01-20200725.oss-cn-shenzhen.aliyuncs.com/image/1657803874292.jpg?Expires=1973163874&OSSAccessKeyId=LTAI4G5RL7pjavqASCwc42kR&Signature=0R83hIsv5NcTaMzXAw%2FoJaeKRSw%3D"},"isCommentLike":-5,"dislike_count":0},{"id":68078,"parent_id":18079,"type":1,"commentor":846,"gmtCreate":null,"gmtModified":null,"like_count":0,"content":"支持","anonymity":1,"any_name":"四川麻辣烫","commentCount":null,"user":{"id":846,"name":"Ideun","avatar_url":"https://thirdwx.qlogo.cn/mmopen/vi_32/whprSj9WZZd4aSbmLClpEWKteSyvXh2hglibicHHZrC9BUFf0L2BlBsLjRKb5UzzbD44dHfEpmyCX5I3V5y28LAQ/132"},"isCommentLike":-5,"dislike_count":0},{"id":67905,"parent_id":67904,"type":2,"commentor":104,"gmtCreate":null,"gmtModified":null,"like_count":0,"content":"我没有提出任何对立 而且这种事情本来就很不可控 这样小一个平台","anonymity":1,"any_name":"喷火龙","commentCount":null,"user":{"id":104,"name":"Oops","avatar_url":"https://thirdwx.qlogo.cn/mmopen/vi_32/whprSj9WZZd4aSbmLClpEWbL7lPVVRoSQaNeXO4NJfb0r9GcM8Ng8B8HkDPPia49VQNLDgu7Ad70MBZ9IIz9h5g/132"},"isCommentLike":-5,"dislike_count":0},{"id":67920,"parent_id":67919,"type":2,"commentor":2139,"gmtCreate":null,"gmtModified":null,"like_count":0,"content":"以外","anonymity":0,"any_name":null,"commentCount":null,"user":{"id":2139,"name":"胜利牌杜松子酒","avatar_url":"http://test01-20200725.oss-cn-shenzhen.aliyuncs.com/image/1664416004324.jpg?Expires=1979775997&OSSAccessKeyId=LTAI4G5RL7pjavqASCwc42kR&Signature=Itcowd79GEjrEbvi36tlS2aDo6Q%3D"},"isCommentLike":-5,"dislike_count":0}],"any_name":"喷火龙","relation":-2,"liked":-4,"anonymity":1,"dislike_count":0}