{"id":18215,"author":"U_505511650142","author_avatar_url":null,"author_id":6634,"author_status":1,"gmt_create":1650143326983,"gmt_modified":1650143326983,"content":"家人们，英雄联盟的通行证怎么刷最快？","title":"家人们，英雄联盟的通行证怎么刷最快？","description":"no description yet","like_count":0,"comment_count":1,"view_count":40,"type":"post","tag":"not tag yet","imageList":"","content_source":null,"comments":[{"id":68577,"parent_id":18215,"type":1,"commentor":130,"gmtCreate":null,"gmtModified":null,"like_count":0,"content":"找代刷","anonymity":0,"any_name":null,"commentCount":null,"user":{"id":130,"name":"右左右右左右左左","avatar_url":"http://test01-20200725.oss-cn-shenzhen.aliyuncs.com/image/1660713340799.jpg?Expires=1976073340&OSSAccessKeyId=LTAI4G5RL7pjavqASCwc42kR&Signature=FX7n5VZkXR4EwaLacI0PwUGyB7U%3D"},"isCommentLike":-5,"dislike_count":0}],"any_name":null,"relation":-2,"liked":-4,"anonymity":0,"dislike_count":0}