{"id":18307,"author":null,"author_avatar_url":null,"author_id":3563,"author_status":1,"gmt_create":1650196533146,"gmt_modified":1650196533146,"content":"大家考财会都出现了两个考试吗，为什么我只出现了下面那个不用插件的...\n图是群里别人发的","title":"大家考财会都出现了两个考试吗，为什么我只出现了下面那个不用插件的...\n图是群里别人发的","description":"no description yet","like_count":1,"comment_count":3,"view_count":106,"type":"post","tag":"not tag yet","imageList":"http://test01-20200725.oss-cn-shenzhen.aliyuncs.com/image/1650196451669.jpg?Expires=1965556446&OSSAccessKeyId=LTAI4G5RL7pjavqASCwc42kR&Signature=QNzQ36Kxf6MlymRygB6RU3rtlxM%3D","content_source":null,"comments":[{"id":68770,"parent_id":18307,"type":1,"commentor":1397,"gmtCreate":null,"gmtModified":null,"like_count":0,"content":"我只有一个","anonymity":1,"any_name":"多喝热水","commentCount":null,"user":{"id":1397,"name":"南加州的水果酒","avatar_url":"https://thirdwx.qlogo.cn/mmopen/vi_32/DyqPD7iaQcQWd3npX4BJyPQllyLwvvyrpbk7Du0yPVBgcI1Yaib03ribXLvib77YKtzmXKtn0BPAvx2d9AGcgr6Igg/132"},"isCommentLike":-5,"dislike_count":0},{"id":68798,"parent_id":68770,"type":2,"commentor":3563,"gmtCreate":null,"gmtModified":null,"like_count":0,"content":"你的是上面的还是下面的","anonymity":1,"any_name":"允指原味鸡","commentCount":null,"user":{"id":3563,"name":"帽子猫","avatar_url":"http://test01-20200725.oss-cn-shenzhen.aliyuncs.com/image/1645332074123.jpg?Expires=1960692066&OSSAccessKeyId=LTAI4G5RL7pjavqASCwc42kR&Signature=RZZe%2B9T54BDz1V0pOuqpFOGYhFc%3D"},"isCommentLike":-5,"dislike_count":0},{"id":68823,"parent_id":68798,"type":2,"commentor":1397,"gmtCreate":null,"gmtModified":null,"like_count":0,"content":"下面","anonymity":1,"any_name":"老板","commentCount":null,"user":{"id":1397,"name":"南加州的水果酒","avatar_url":"https://thirdwx.qlogo.cn/mmopen/vi_32/DyqPD7iaQcQWd3npX4BJyPQllyLwvvyrpbk7Du0yPVBgcI1Yaib03ribXLvib77YKtzmXKtn0BPAvx2d9AGcgr6Igg/132"},"isCommentLike":-5,"dislike_count":0}],"any_name":"允指原味鸡","relation":-2,"liked":-4,"anonymity":1,"dislike_count":0}