{"id":18350,"author":null,"author_avatar_url":null,"author_id":186,"author_status":1,"gmt_create":1650212835831,"gmt_modified":1650212835831,"content":"朋友圈装文青的真的很搞笑 每天输送着一些激烈而不成熟的观点 还是得多读书多思考少说话啊","title":"朋友圈装文青的真的很搞笑 每天输送着一些激烈而不成熟的观点 还是得多读书多思考少说话啊","description":"no description yet","like_count":3,"comment_count":10,"view_count":304,"type":"post","tag":"not tag yet","imageList":"","content_source":null,"comments":[{"id":68938,"parent_id":18350,"type":1,"commentor":1814,"gmtCreate":null,"gmtModified":null,"like_count":4,"content":"不过朋友圈是每个人自己的天地 也许ta就是想记录自己不成熟的观点呢","anonymity":1,"any_name":"拱北快递员","commentCount":null,"user":{"id":1814,"name":"kirakira","avatar_url":"https://thirdwx.qlogo.cn/mmopen/vi_32/Q0j4TwGTfTLVia94J5onHSfc3RYuLclVMvBUibPHIbLpPDynI1Lux43decbsk6sueyMBDNlGFkUA3Lmrd5hIq7xA/132"},"isCommentLike":-5,"dislike_count":0},{"id":68944,"parent_id":18350,"type":1,"commentor":1655,"gmtCreate":null,"gmtModified":null,"like_count":4,"content":"可以骂他，说他sb，抱怨他天天说b话，但这确实是他成长的方式，无关他人紧要","anonymity":1,"any_name":"多喝热水","commentCount":null,"user":{"id":1655,"name":"应急食品（毕业版）","avatar_url":"http://test01-20200725.oss-cn-shenzhen.aliyuncs.com/image/1636378464049.gif?Expires=1951738454&OSSAccessKeyId=LTAI4G5RL7pjavqASCwc42kR&Signature=Ay0yzvZwaOrfFrXfYrxsTdpLkwM%3D"},"isCommentLike":-5,"dislike_count":0},{"id":69010,"parent_id":18350,"type":1,"commentor":1214,"gmtCreate":null,"gmtModified":null,"like_count":0,"content":"可以屏蔽","anonymity":1,"any_name":"Redis设计与实现","commentCount":null,"user":{"id":1214,"name":"鸭鸭爱吃五花肉","avatar_url":"http://test01-20200725.oss-cn-shenzhen.aliyuncs.com/image/1666056579145.jpeg?Expires=1981416572&OSSAccessKeyId=LTAI4G5RL7pjavqASCwc42kR&Signature=pU5TDr%2FohkdhgeNUbL8Por6%2FB9Q%3D"},"isCommentLike":-5,"dislike_count":0},{"id":69013,"parent_id":18350,"type":1,"commentor":6586,"gmtCreate":null,"gmtModified":null,"like_count":0,"content":"关你屁事啊","anonymity":1,"any_name":"老板","commentCount":null,"user":{"id":6586,"name":"你老公","avatar_url":null},"isCommentLike":-5,"dislike_count":0},{"id":69028,"parent_id":18350,"type":1,"commentor":3061,"gmtCreate":null,"gmtModified":null,"like_count":0,"content":"认同你 不过反思一下 是因为我站在了他们那边去体验尴尬了 没必要耶他们能那么自信有勇气地发表出来也是厉害了哈哈哈哈哈","anonymity":1,"any_name":"喷火龙","commentCount":null,"user":{"id":3061,"name":"U_578721642410","avatar_url":null},"isCommentLike":-5,"dislike_count":0},{"id":68939,"parent_id":68938,"type":2,"commentor":1814,"gmtCreate":null,"gmtModified":null,"like_count":0,"content":"不一定要成熟才可以发表观点 倘若鲁迅活在今天能说话吗","anonymity":1,"any_name":"拱北快递员","commentCount":null,"user":{"id":1814,"name":"kirakira","avatar_url":"https://thirdwx.qlogo.cn/mmopen/vi_32/Q0j4TwGTfTLVia94J5onHSfc3RYuLclVMvBUibPHIbLpPDynI1Lux43decbsk6sueyMBDNlGFkUA3Lmrd5hIq7xA/132"},"isCommentLike":-5,"dislike_count":0},{"id":68947,"parent_id":68939,"type":2,"commentor":310,"gmtCreate":null,"gmtModified":null,"like_count":0,"content":"所以楼主不也在这里记录了自己的言论么？","anonymity":1,"any_name":"哥斯拉","commentCount":null,"user":{"id":310,"name":"momo","avatar_url":"https://thirdwx.qlogo.cn/mmopen/vi_32/Q3auHgzwzM41p6OicT6aadKXqffRm2f6eOsgxDjFy2ZaebAjoJwHRuic6ic4qOKALzFvlratJLlvZNccDnQgbyWLg/132"},"isCommentLike":-5,"dislike_count":0},{"id":68953,"parent_id":68944,"type":2,"commentor":186,"gmtCreate":null,"gmtModified":null,"like_count":0,"content":"有道理","anonymity":1,"any_name":"Kelly","commentCount":null,"user":{"id":186,"name":"哄哄","avatar_url":"https://thirdwx.qlogo.cn/mmopen/vi_32/Q3auHgzwzM6FlWWX47uibZUVbNHxS35uPCoXC35foGw1PPdbb2FmYQofGGCwewRoqKRd78icMB5ASoxbiaEm0eDQQ/132"},"isCommentLike":-5,"dislike_count":0},{"id":68955,"parent_id":68947,"type":2,"commentor":186,"gmtCreate":null,"gmtModified":null,"like_count":0,"content":"你说得对 我也有记录自己观点的权利 我也知道自己的观点也不成熟","anonymity":1,"any_name":"Kelly","commentCount":null,"user":{"id":186,"name":"哄哄","avatar_url":"https://thirdwx.qlogo.cn/mmopen/vi_32/Q3auHgzwzM6FlWWX47uibZUVbNHxS35uPCoXC35foGw1PPdbb2FmYQofGGCwewRoqKRd78icMB5ASoxbiaEm0eDQQ/132"},"isCommentLike":-5,"dislike_count":0},{"id":69026,"parent_id":69013,"type":2,"commentor":186,"gmtCreate":null,"gmtModified":null,"like_count":0,"content":"我能看到就关我事","anonymity":1,"any_name":"Kelly","commentCount":null,"user":{"id":186,"name":"哄哄","avatar_url":"https://thirdwx.qlogo.cn/mmopen/vi_32/Q3auHgzwzM6FlWWX47uibZUVbNHxS35uPCoXC35foGw1PPdbb2FmYQofGGCwewRoqKRd78icMB5ASoxbiaEm0eDQQ/132"},"isCommentLike":-5,"dislike_count":0}],"any_name":"Kelly","relation":-2,"liked":-4,"anonymity":1,"dislike_count":0}