{"id":18429,"author":null,"author_avatar_url":null,"author_id":635,"author_status":1,"gmt_create":1650282865983,"gmt_modified":1650282865983,"content":"求教怎么做绿茶","title":"求教怎么做绿茶","description":"no description yet","like_count":2,"comment_count":6,"view_count":214,"type":"post","tag":"not tag yet","imageList":"","content_source":null,"comments":[{"id":69343,"parent_id":18429,"type":1,"commentor":6250,"gmtCreate":null,"gmtModified":null,"like_count":11,"content":"终于遇到同样对茶文化感兴趣的小伙伴了！（｡ò ∀ ó｡）绿茶的制作工艺流程一般为萎凋、杀青、揉捻和干燥，制作时需要滚筒炒干机、揉捻机、萎凋机和烘干机等工具，一般来说没有相关工具自己是很难搓出绿茶来的哦(●—●)，如果家里有产业的话当我没说╯▂╰，你要是对哪一个流程有疑问欢迎开找我d(ŐдŐ๑)","anonymity":0,"any_name":null,"commentCount":null,"user":{"id":6250,"name":"西瓜霜","avatar_url":"http://test01-20200725.oss-cn-shenzhen.aliyuncs.com/image/1649475677420.jpg?Expires=1964835671&OSSAccessKeyId=LTAI4G5RL7pjavqASCwc42kR&Signature=EW9k73z739mdkpW1wBGQXjweiPs%3D"},"isCommentLike":-5,"dislike_count":0},{"id":69340,"parent_id":18429,"type":1,"commentor":6586,"gmtCreate":null,"gmtModified":null,"like_count":1,"content":"掠夺他人男友！","anonymity":1,"any_name":"葡挞","commentCount":null,"user":{"id":6586,"name":"你老公","avatar_url":null},"isCommentLike":-5,"dislike_count":0},{"id":69342,"parent_id":18429,"type":1,"commentor":1635,"gmtCreate":null,"gmtModified":null,"like_count":1,"content":"掠夺他人女友!","anonymity":1,"any_name":"老板","commentCount":null,"user":{"id":1635,"name":"藿香正气\uD83D\uDC8A","avatar_url":"https://thirdwx.qlogo.cn/mmopen/vi_32/PpflfJKhVu4TC8IlTvfe1V7snh4jWibYrPaHd8vtzicREJNHIiarS9SFpr8nHK2jN8TlFZqUjd8ajibFD8urbU9ZGQ/132"},"isCommentLike":-5,"dislike_count":0},{"id":69341,"parent_id":18429,"type":1,"commentor":583,"gmtCreate":null,"gmtModified":null,"like_count":0,"content":"多喝绿茶","anonymity":1,"any_name":"四川麻辣烫","commentCount":null,"user":{"id":583,"name":"Alan","avatar_url":"https://thirdwx.qlogo.cn/mmopen/vi_32/2ApDrSsQiaNtfJBDx0LSlBDEsiccLfIicF4tJX8icAHdAHyhnJV6r0kye9F0onL5Jb99uQXg7LstSBpibCZhCwALCYg/132"},"isCommentLike":-5,"dislike_count":0},{"id":69344,"parent_id":18429,"type":1,"commentor":583,"gmtCreate":null,"gmtModified":null,"like_count":0,"content":"绿茶的制作以及加工主要可以分为三个步骤：\n\n杀青\n揉捻\n干燥","anonymity":1,"any_name":"四川麻辣烫","commentCount":null,"user":{"id":583,"name":"Alan","avatar_url":"https://thirdwx.qlogo.cn/mmopen/vi_32/2ApDrSsQiaNtfJBDx0LSlBDEsiccLfIicF4tJX8icAHdAHyhnJV6r0kye9F0onL5Jb99uQXg7LstSBpibCZhCwALCYg/132"},"isCommentLike":-5,"dislike_count":0},{"id":70066,"parent_id":18429,"type":1,"commentor":6457,"gmtCreate":null,"gmtModified":null,"like_count":0,"content":"只要耐心足够多，情侣拆散不是事，不过你以后会不会被打成猪头就不确定了","anonymity":1,"any_name":"沊仔刘亦菲","commentCount":null,"user":{"id":6457,"name":"U_817451649759","avatar_url":"http://test01-20200725.oss-cn-shenzhen.aliyuncs.com/image/1650426087438.unknown?Expires=1965786081&OSSAccessKeyId=LTAI4G5RL7pjavqASCwc42kR&Signature=NJDZH5D8xlwf1V0b%2Bifn8HQgoPA%3D"},"isCommentLike":-5,"dislike_count":0}],"any_name":"摆烂到底","relation":-2,"liked":-4,"anonymity":1,"dislike_count":0}