{"id":18583,"author":null,"author_avatar_url":null,"author_id":186,"author_status":1,"gmt_create":1650376643040,"gmt_modified":1650376643040,"content":"好讨厌阿谀奉承的人，去抱大腿抱成功后和大腿组里的人在朋友圈假惺惺的评论互动………明明都没认识多久……","title":"好讨厌阿谀奉承的人，去抱大腿抱成功后和大腿组里的人在朋友圈假惺惺的评论互动………明明都没认识多久……","description":"no description yet","like_count":5,"comment_count":2,"view_count":169,"type":"post","tag":"not tag yet","imageList":"","content_source":null,"comments":[{"id":70079,"parent_id":18583,"type":1,"commentor":1655,"gmtCreate":null,"gmtModified":null,"like_count":0,"content":"那你讨厌的人还挺多的","anonymity":1,"any_name":"微积分","commentCount":null,"user":{"id":1655,"name":"应急食品（毕业版）","avatar_url":"http://test01-20200725.oss-cn-shenzhen.aliyuncs.com/image/1636378464049.gif?Expires=1951738454&OSSAccessKeyId=LTAI4G5RL7pjavqASCwc42kR&Signature=Ay0yzvZwaOrfFrXfYrxsTdpLkwM%3D"},"isCommentLike":-5,"dislike_count":0},{"id":70090,"parent_id":70079,"type":2,"commentor":186,"gmtCreate":null,"gmtModified":null,"like_count":0,"content":"可能关键是那个人之前做过很多更过分的事吧","anonymity":1,"any_name":"老板","commentCount":null,"user":{"id":186,"name":"哄哄","avatar_url":"https://thirdwx.qlogo.cn/mmopen/vi_32/Q3auHgzwzM6FlWWX47uibZUVbNHxS35uPCoXC35foGw1PPdbb2FmYQofGGCwewRoqKRd78icMB5ASoxbiaEm0eDQQ/132"},"isCommentLike":-5,"dislike_count":0}],"any_name":"老板","relation":-2,"liked":-4,"anonymity":1,"dislike_count":0}