{"id":18595,"author":null,"author_avatar_url":null,"author_id":1217,"author_status":1,"gmt_create":1650378527871,"gmt_modified":1650378527871,"content":"上个学期吧，从图书馆回来以后室友就说了一句“哟，回来了？卷王？”，就是那种很调侃的语气.....我正常的学习搞成绩难道不对吗？反正被她那么一说我真的挺不舒服的。然后后面我的其他舍友跟我说，只要我一出去她就到我桌子这里看看我拿了些啥，去干啥了……我真的....难道我学习都要偷偷摸摸吗？没必要吧……","title":"上个学期吧，从图书馆回来以后室友就说了一句“哟，回来了？卷王？”，就是那种很调侃的语气.....我正常的学习搞成绩难道不对吗？反正被她那么一说我真的挺不舒服的。然后后面我","description":"no description yet","like_count":1,"comment_count":10,"view_count":334,"type":"post","tag":"not tag yet","imageList":"","content_source":null,"comments":[{"id":70150,"parent_id":18595,"type":1,"commentor":5834,"gmtCreate":null,"gmtModified":null,"like_count":2,"content":"你管他们怎么看干啥 你学你的不就行","anonymity":1,"any_name":"多喝热水","commentCount":null,"user":{"id":5834,"name":"YOYO爱发呆","avatar_url":"http://test01-20200725.oss-cn-shenzhen.aliyuncs.com/image/1648900055409.jpg?Expires=1964260057&OSSAccessKeyId=LTAI4G5RL7pjavqASCwc42kR&Signature=rVAJN0HVwFqqTxtuio7fdMTHzkI%3D"},"isCommentLike":-5,"dislike_count":0},{"id":70152,"parent_id":18595,"type":1,"commentor":1217,"gmtCreate":null,"gmtModified":null,"like_count":2,"content":"就是看到树洞里在争论卷和努力了，我真的觉得卷或许不是一个贬义词，但是拿它来调侃人真的会让人很不舒服\uD83D\uDE14\uD83D\uDE14\uD83D\uDE14","anonymity":1,"any_name":"珠海小天使","commentCount":null,"user":{"id":1217,"name":"T.10","avatar_url":"http://test01-20200725.oss-cn-shenzhen.aliyuncs.com/image/1666866099412.jpg?Expires=1982226091&OSSAccessKeyId=LTAI4G5RL7pjavqASCwc42kR&Signature=%2BX9Muc%2FXHuQf3zhd6RlaxFH1zY0%3D"},"isCommentLike":-5,"dislike_count":0},{"id":70155,"parent_id":18595,"type":1,"commentor":186,"gmtCreate":null,"gmtModified":null,"like_count":2,"content":"去图书馆学习真的不算卷呀 图书馆学习是再正常不过的一件事了","anonymity":1,"any_name":"奥利奥","commentCount":null,"user":{"id":186,"name":"哄哄","avatar_url":"https://thirdwx.qlogo.cn/mmopen/vi_32/Q3auHgzwzM6FlWWX47uibZUVbNHxS35uPCoXC35foGw1PPdbb2FmYQofGGCwewRoqKRd78icMB5ASoxbiaEm0eDQQ/132"},"isCommentLike":-5,"dislike_count":0},{"id":70171,"parent_id":18595,"type":1,"commentor":1030,"gmtCreate":null,"gmtModified":null,"like_count":2,"content":"来学校学习是最正常不过的吧，可以试着想想自己想要什么，我是真的很喜欢那种学到点知识的感觉，如果有人说我其实是不在乎的，因为写到的才是你自己的，人际关系当然很有用，但也可以想想他们是否值得交往吧。","anonymity":0,"any_name":null,"commentCount":null,"user":{"id":1030,"name":"123","avatar_url":"https://thirdwx.qlogo.cn/mmopen/vi_32/Smk8O2z6R0icvg8tkqibbVKraxvIu5n9iaHeD0RHJUQm7ygiaOiauUsyETK96ZdS9rDIiaozYUo8rMa1EcM8fBdHibj4w/132"},"isCommentLike":-5,"dislike_count":0},{"id":70202,"parent_id":18595,"type":1,"commentor":864,"gmtCreate":null,"gmtModified":null,"like_count":0,"content":"我懂 就像在宿舍正常看个书 就有人叫哇 你居然在学习 你怎么老在学习？我室友也老爱偷瞄我书桌就真的很烦 不想被别人过多关注。室友不爱学习几乎不怎么学，每天说自己要摆烂就这样吧 过了一会又跑来找我要笔记 我真的很无语","anonymity":1,"any_name":"深海鳕鱼堡","commentCount":null,"user":{"id":864,"name":"JIA..YUAN","avatar_url":"https://thirdwx.qlogo.cn/mmopen/vi_32/Q0j4TwGTfTIgd5jM7sR3lt1vsLISib8rVTjDgcCJxOSOp6cPb3DkVILsX8hE7u5uXMdNMHmK0QtibjibFtwmXvtFw/132"},"isCommentLike":-5,"dislike_count":0},{"id":70222,"parent_id":18595,"type":1,"commentor":4683,"gmtCreate":null,"gmtModified":null,"like_count":0,"content":"这种人完全没必要理会吧，反正我是天天去图书馆，管别人怎么说呢，自己强大了就行","anonymity":1,"any_name":"offer收割机","commentCount":null,"user":{"id":4683,"name":"nlamnx","avatar_url":"http://test01-20200725.oss-cn-shenzhen.aliyuncs.com/image/1647320434006.jpg?Expires=1962680429&OSSAccessKeyId=LTAI4G5RL7pjavqASCwc42kR&Signature=hO7nwPxAWNZRKiM%2F%2FwEo3E38CgE%3D"},"isCommentLike":-5,"dislike_count":0},{"id":70154,"parent_id":70150,"type":2,"commentor":1217,"gmtCreate":null,"gmtModified":null,"like_count":0,"content":"就是那种感觉和行为....就会让我很不舒服，我也告诉自己别管这些，但是完全忽视真的做不到","anonymity":1,"any_name":"珠海小天使","commentCount":null,"user":{"id":1217,"name":"T.10","avatar_url":"http://test01-20200725.oss-cn-shenzhen.aliyuncs.com/image/1666866099412.jpg?Expires=1982226091&OSSAccessKeyId=LTAI4G5RL7pjavqASCwc42kR&Signature=%2BX9Muc%2FXHuQf3zhd6RlaxFH1zY0%3D"},"isCommentLike":-5,"dislike_count":0},{"id":70172,"parent_id":70171,"type":2,"commentor":1217,"gmtCreate":null,"gmtModified":null,"like_count":0,"content":"学到了，谢谢你","anonymity":1,"any_name":"珠海小天使","commentCount":null,"user":{"id":1217,"name":"T.10","avatar_url":"http://test01-20200725.oss-cn-shenzhen.aliyuncs.com/image/1666866099412.jpg?Expires=1982226091&OSSAccessKeyId=LTAI4G5RL7pjavqASCwc42kR&Signature=%2BX9Muc%2FXHuQf3zhd6RlaxFH1zY0%3D"},"isCommentLike":-5,"dislike_count":0},{"id":70177,"parent_id":70152,"type":2,"commentor":186,"gmtCreate":null,"gmtModified":null,"like_count":0,"content":"我站楼主但我觉得内卷就是一个贬义词 不适合形容努力","anonymity":1,"any_name":"沊仔刘亦菲","commentCount":null,"user":{"id":186,"name":"哄哄","avatar_url":"https://thirdwx.qlogo.cn/mmopen/vi_32/Q3auHgzwzM6FlWWX47uibZUVbNHxS35uPCoXC35foGw1PPdbb2FmYQofGGCwewRoqKRd78icMB5ASoxbiaEm0eDQQ/132"},"isCommentLike":-5,"dislike_count":0},{"id":70301,"parent_id":70150,"type":2,"commentor":3061,"gmtCreate":null,"gmtModified":null,"like_count":0,"content":"您能说这话是没被膈应过吧？共情能力满分了属于是","anonymity":1,"any_name":"Redis设计与实现","commentCount":null,"user":{"id":3061,"name":"U_578721642410","avatar_url":null},"isCommentLike":-5,"dislike_count":0}],"any_name":"珠海小天使","relation":-2,"liked":-4,"anonymity":1,"dislike_count":0}