{"id":18612,"author":null,"author_avatar_url":null,"author_id":176,"author_status":1,"gmt_create":1650383785507,"gmt_modified":1650383785507,"content":"澳门有什么剪头的店推荐吗，就想普通剪短就行了","title":"澳门有什么剪头的店推荐吗，就想普通剪短就行了","description":"no description yet","like_count":0,"comment_count":1,"view_count":23,"type":"post","tag":"not tag yet","imageList":"","content_source":null,"comments":[{"id":70345,"parent_id":18612,"type":1,"commentor":6457,"gmtCreate":null,"gmtModified":null,"like_count":0,"content":"去本岛吧那里有许多理发店很便宜","anonymity":1,"any_name":"亚古兽","commentCount":null,"user":{"id":6457,"name":"U_817451649759","avatar_url":"http://test01-20200725.oss-cn-shenzhen.aliyuncs.com/image/1650426087438.unknown?Expires=1965786081&OSSAccessKeyId=LTAI4G5RL7pjavqASCwc42kR&Signature=NJDZH5D8xlwf1V0b%2Bifn8HQgoPA%3D"},"isCommentLike":-5,"dislike_count":0}],"any_name":"拱北快递员","relation":-2,"liked":-4,"anonymity":1,"dislike_count":0}