{"id":18887,"author":null,"author_avatar_url":null,"author_id":6744,"author_status":1,"gmt_create":1650595664516,"gmt_modified":1650595664516,"content":"其实不是很懂网上说科大有钱就能进的 都不说到底要多少分能进的事 单从这句话字眼上来抠的话 你这个“有钱”“能进”联系起来 那是得有多有钱才能开后门让你进来啊 毕竟十几万也就是一学年的学费 某方面算日常开销 要想按这句话说的用这填满他分数的缺口 可能不够吧 \n纯属等外卖发散性乱想 别杠 杠就是你对","title":"其实不是很懂网上说科大有钱就能进的 都不说到底要多少分能进的事 单从这句话字眼上来抠的话 你这个“有钱”“能进”联系起来 那是得有多有钱才能开后门让你进来啊 毕竟十几万也","description":"no description yet","like_count":2,"comment_count":10,"view_count":405,"type":"post","tag":"not tag yet","imageList":"","content_source":null,"comments":[{"id":71315,"parent_id":18887,"type":1,"commentor":595,"gmtCreate":null,"gmtModified":null,"like_count":6,"content":"真的有点无语我们学校录取分数差距很大这件事…因为我高中毕竟拼死拼活考了那么多分，结果最后告诉我，二本分数的、甚至大专分数的，都跟我读一个学校。心里多少都觉得很不公平的。","anonymity":1,"any_name":"Anton","commentCount":null,"user":{"id":595,"name":"阳光彩虹小白马","avatar_url":"http://test01-20200725.oss-cn-shenzhen.aliyuncs.com/image/1664281007236.jpg?Expires=1979640998&OSSAccessKeyId=LTAI4G5RL7pjavqASCwc42kR&Signature=5nbxIckAXy%2B3EYgkKC1n8EmH%2FXY%3D"},"isCommentLike":-5,"dislike_count":0},{"id":71281,"parent_id":18887,"type":1,"commentor":4968,"gmtCreate":null,"gmtModified":null,"like_count":0,"content":"选修 有钱就进","anonymity":1,"any_name":"英国短毛猫","commentCount":null,"user":{"id":4968,"name":"U_644801647564","avatar_url":null},"isCommentLike":-5,"dislike_count":0},{"id":71282,"parent_id":18887,"type":1,"commentor":4968,"gmtCreate":null,"gmtModified":null,"like_count":0,"content":"先修班","anonymity":1,"any_name":"英国短毛猫","commentCount":null,"user":{"id":4968,"name":"U_644801647564","avatar_url":null},"isCommentLike":-5,"dislike_count":0},{"id":71285,"parent_id":71282,"type":2,"commentor":6744,"gmtCreate":null,"gmtModified":null,"like_count":0,"content":"都把这档子忘了 但是先修班好像也有分数限制的虽然真的超级低吧好像 那这样看样子外校的确实很难难分清楚本科和先修。。。哎","anonymity":1,"any_name":"皮卡丘","commentCount":null,"user":{"id":6744,"name":"要毕业了我去","avatar_url":"http://test01-20200725.oss-cn-shenzhen.aliyuncs.com/image/1650379976242.jpg?Expires=1965739974&OSSAccessKeyId=LTAI4G5RL7pjavqASCwc42kR&Signature=0y3NUJ578fM%2FeDeDDdyGOyfbs20%3D"},"isCommentLike":-5,"dislike_count":0},{"id":71286,"parent_id":71282,"type":2,"commentor":725,"gmtCreate":null,"gmtModified":null,"like_count":0,"content":"现在的外卖是早餐还是午餐hhh","anonymity":1,"any_name":"Redis设计与实现","commentCount":null,"user":{"id":725,"name":"修正带还是修正液","avatar_url":"https://thirdwx.qlogo.cn/mmopen/vi_32/SCBpWZw1RbabyOtzf1kQ5BkgnaLibFIYHZYLkONIzWVBCqhicEyZmRxsjLnRvIHt8DiacWy8FxoJib3a5qFocwPicbg/132"},"isCommentLike":-5,"dislike_count":0},{"id":71287,"parent_id":71282,"type":2,"commentor":725,"gmtCreate":null,"gmtModified":null,"like_count":0,"content":"回复错地方了…短毛猫忽略我","anonymity":1,"any_name":"Redis设计与实现","commentCount":null,"user":{"id":725,"name":"修正带还是修正液","avatar_url":"https://thirdwx.qlogo.cn/mmopen/vi_32/SCBpWZw1RbabyOtzf1kQ5BkgnaLibFIYHZYLkONIzWVBCqhicEyZmRxsjLnRvIHt8DiacWy8FxoJib3a5qFocwPicbg/132"},"isCommentLike":-5,"dislike_count":0},{"id":71288,"parent_id":71286,"type":2,"commentor":6744,"gmtCreate":null,"gmtModified":null,"like_count":0,"content":"午餐哈哈哈哈！","anonymity":1,"any_name":"皮卡丘","commentCount":null,"user":{"id":6744,"name":"要毕业了我去","avatar_url":"http://test01-20200725.oss-cn-shenzhen.aliyuncs.com/image/1650379976242.jpg?Expires=1965739974&OSSAccessKeyId=LTAI4G5RL7pjavqASCwc42kR&Signature=0y3NUJ578fM%2FeDeDDdyGOyfbs20%3D"},"isCommentLike":-5,"dislike_count":0},{"id":71322,"parent_id":71315,"type":2,"commentor":6744,"gmtCreate":null,"gmtModified":null,"like_count":0,"content":"我懂……摸摸你………确实不知道说什么好","anonymity":1,"any_name":"皮卡丘","commentCount":null,"user":{"id":6744,"name":"要毕业了我去","avatar_url":"http://test01-20200725.oss-cn-shenzhen.aliyuncs.com/image/1650379976242.jpg?Expires=1965739974&OSSAccessKeyId=LTAI4G5RL7pjavqASCwc42kR&Signature=0y3NUJ578fM%2FeDeDDdyGOyfbs20%3D"},"isCommentLike":-5,"dislike_count":0},{"id":71328,"parent_id":71285,"type":2,"commentor":1677,"gmtCreate":null,"gmtModified":null,"like_count":0,"content":"先修班有分数线限制，但是找关系交钱也可以进这也是事实","anonymity":1,"any_name":"允指原味鸡","commentCount":null,"user":{"id":1677,"name":"华峰食馆的鸡爪","avatar_url":"http://test01-20200725.oss-cn-shenzhen.aliyuncs.com/image/1664301461667.jpg?Expires=1979661459&OSSAccessKeyId=LTAI4G5RL7pjavqASCwc42kR&Signature=UHWtBtJfMOjmkPfvyVhZ5GUwt3E%3D"},"isCommentLike":-5,"dislike_count":0},{"id":71342,"parent_id":71328,"type":2,"commentor":6744,"gmtCreate":null,"gmtModified":null,"like_count":0,"content":"真的希望后者官方能好好管管……毕竟先修班的分数限制已经很低了","anonymity":1,"any_name":"皮卡丘","commentCount":null,"user":{"id":6744,"name":"要毕业了我去","avatar_url":"http://test01-20200725.oss-cn-shenzhen.aliyuncs.com/image/1650379976242.jpg?Expires=1965739974&OSSAccessKeyId=LTAI4G5RL7pjavqASCwc42kR&Signature=0y3NUJ578fM%2FeDeDDdyGOyfbs20%3D"},"isCommentLike":-5,"dislike_count":0}],"any_name":"皮卡丘","relation":-2,"liked":-4,"anonymity":1,"dislike_count":0}