{"id":18995,"author":null,"author_avatar_url":null,"author_id":3444,"author_status":1,"gmt_create":1650639525635,"gmt_modified":1650639525635,"content":"豁然开朗了\n所有支持受害者有罪论的人都是出于内心的恐惧\n他们害怕这样的事情发生在自己身上（尽管他们什么也没做）\n所以他们一直在自我欺骗 受害者一定是做了什么\n想通这件事了终于\uD83E\uDEE1","title":"豁然开朗了\n所有支持受害者有罪论的人都是出于内心的恐惧\n他们害怕这样的事情发生在自己身上（尽管他们什么也没做）\n所以他们一直在自我欺骗 受害者一定是做了什么\n想通这件事了","description":"no description yet","like_count":4,"comment_count":5,"view_count":88,"type":"post","tag":"not tag yet","imageList":"","content_source":null,"comments":[{"id":71561,"parent_id":18995,"type":1,"commentor":1194,"gmtCreate":null,"gmtModified":null,"like_count":0,"content":"很同意，希望乱泼脏水的闭上狗嘴","anonymity":1,"any_name":"四川麻辣烫","commentCount":null,"user":{"id":1194,"name":"神经蛙","avatar_url":"https://thirdwx.qlogo.cn/mmopen/vi_32/Q3auHgzwzM7pNkMMHY91xibhlhm06YjFvq6xpoNMEgFNfjyB2yHsl7afwibtLn8OYGOxMiciap8bK6mC67FxAwcPxA/132"},"isCommentLike":-5,"dislike_count":0},{"id":71589,"parent_id":18995,"type":1,"commentor":2011,"gmtCreate":null,"gmtModified":null,"like_count":0,"content":"但是那些男性指责受到性侵的女性受害者是因为害怕自己被性侵吗？（没有杠就是讨论性问问，不是想引起性别对立没有打拳只是问问）","anonymity":1,"any_name":"拱北吴彦祖","commentCount":null,"user":{"id":2011,"name":"芝士波奇塔","avatar_url":"https://thirdwx.qlogo.cn/mmopen/vi_32/qkJGD8TVtkQaSmRQ1dp6m0CEBhPXe8acZ1WX60IhqVnfxRFPBhkyeRZvLQ18fQUlmH3nJHsgchX8AIIDTIaicEg/132"},"isCommentLike":-5,"dislike_count":0},{"id":71635,"parent_id":18995,"type":1,"commentor":588,"gmtCreate":null,"gmtModified":null,"like_count":0,"content":"想起在B站看到一个姐妹怼人“你为什么害怕同gay接触？是担心他们对待你就像你对待女性一样吗？”","anonymity":1,"any_name":"喷火龙","commentCount":null,"user":{"id":588,"name":"鬼泣五天下第一","avatar_url":"http://test01-20200725.oss-cn-shenzhen.aliyuncs.com/image/1631640727142.jpg?Expires=1947000725&OSSAccessKeyId=LTAI4G5RL7pjavqASCwc42kR&Signature=42JwoQ22vRulPr3FxeFUnneCgk4%3D"},"isCommentLike":-5,"dislike_count":0},{"id":71634,"parent_id":71589,"type":2,"commentor":588,"gmtCreate":null,"gmtModified":null,"like_count":0,"content":"要这样理解的话我觉得他们是在害怕自己有一天也干出这样的烂事然后会被全网攻击，所以试图抢先制造一个受害者有罪的错误风气","anonymity":1,"any_name":"喷火龙","commentCount":null,"user":{"id":588,"name":"鬼泣五天下第一","avatar_url":"http://test01-20200725.oss-cn-shenzhen.aliyuncs.com/image/1631640727142.jpg?Expires=1947000725&OSSAccessKeyId=LTAI4G5RL7pjavqASCwc42kR&Signature=42JwoQ22vRulPr3FxeFUnneCgk4%3D"},"isCommentLike":-5,"dislike_count":0},{"id":71704,"parent_id":71634,"type":2,"commentor":2011,"gmtCreate":null,"gmtModified":null,"like_count":0,"content":"你说的很有道理，我明白了","anonymity":1,"any_name":"拱北吴彦祖","commentCount":null,"user":{"id":2011,"name":"芝士波奇塔","avatar_url":"https://thirdwx.qlogo.cn/mmopen/vi_32/qkJGD8TVtkQaSmRQ1dp6m0CEBhPXe8acZ1WX60IhqVnfxRFPBhkyeRZvLQ18fQUlmH3nJHsgchX8AIIDTIaicEg/132"},"isCommentLike":-5,"dislike_count":0}],"any_name":"Kelly","relation":-2,"liked":-4,"anonymity":1,"dislike_count":0}