{"id":19111,"author":null,"author_avatar_url":null,"author_id":154,"author_status":1,"gmt_create":1650717900313,"gmt_modified":1650717900313,"content":"想问问英腾英语的雅思班推荐吗，或者大家都报哪些机构学的雅思呢","title":"想问问英腾英语的雅思班推荐吗，或者大家都报哪些机构学的雅思呢","description":"no description yet","like_count":0,"comment_count":1,"view_count":30,"type":"post","tag":"not tag yet","imageList":"","content_source":null,"comments":[{"id":72220,"parent_id":19111,"type":1,"commentor":78,"gmtCreate":null,"gmtModified":null,"like_count":0,"content":"自学yyds","anonymity":1,"any_name":"布偶猫","commentCount":null,"user":{"id":78,"name":"Panxuenfj","avatar_url":"https://thirdwx.qlogo.cn/mmopen/vi_32/h48Vg1pMQCGLMNpWY0k61G2MLUlCpH7SehlrwPJhQZUVZSkZCObjxhNbQiaEjM3QYKiaLibJR2Pl6SoqPWuZcGv5g/132"},"isCommentLike":-5,"dislike_count":0}],"any_name":"英国短毛猫","relation":-2,"liked":-4,"anonymity":1,"dislike_count":0}