{"id":19146,"author":null,"author_avatar_url":null,"author_id":1471,"author_status":1,"gmt_create":1650730972458,"gmt_modified":1650730972458,"content":"是不是有些人规定了休息时间\n还离谱地违反啊\n这就是双标吗\uD83D\uDE05","title":"是不是有些人规定了休息时间\n还离谱地违反啊\n这就是双标吗\uD83D\uDE05","description":"no description yet","like_count":0,"comment_count":1,"view_count":82,"type":"post","tag":"not tag yet","imageList":"","content_source":null,"comments":[{"id":72147,"parent_id":19146,"type":1,"commentor":635,"gmtCreate":null,"gmtModified":null,"like_count":0,"content":"有","anonymity":1,"any_name":"Kelly","commentCount":null,"user":{"id":635,"name":"别理我，我比你牛逼","avatar_url":"http://test01-20200725.oss-cn-shenzhen.aliyuncs.com/image/1659496488044.gif?Expires=1974856478&OSSAccessKeyId=LTAI4G5RL7pjavqASCwc42kR&Signature=BDlc8M%2FBnAOuLIx8vfkdijTlje8%3D"},"isCommentLike":-5,"dislike_count":0}],"any_name":"亚古兽","relation":-2,"liked":-4,"anonymity":1,"dislike_count":0}