{"id":19238,"author":null,"author_avatar_url":null,"author_id":104,"author_status":1,"gmt_create":1650794649098,"gmt_modified":1650794649098,"content":"为什么某专业的轻轻松松就能读个好研究生 商学院拼死拼活什么都没有（骂就是你对）真的很难过很累","title":"为什么某专业的轻轻松松就能读个好研究生 商学院拼死拼活什么都没有（骂就是你对）真的很难过很累","description":"no description yet","like_count":1,"comment_count":46,"view_count":672,"type":"post","tag":"not tag yet","imageList":"","content_source":null,"comments":[{"id":72418,"parent_id":19238,"type":1,"commentor":1025,"gmtCreate":null,"gmtModified":null,"like_count":2,"content":"但是毕业以后，商学院出路可能会比那种专业好很多","anonymity":1,"any_name":"网瘾少年","commentCount":null,"user":{"id":1025,"name":"R_t","avatar_url":"https://thirdwx.qlogo.cn/mmopen/vi_32/sBJGEvylut78j3YCXXia4dULI3LrOicTuoHjR5f5pYxL94EWknlw1Z8ia0NGtDibhGpSmdfUtZQFfpZgbia8VYe1iaxQ/132"},"isCommentLike":-5,"dislike_count":0},{"id":72443,"parent_id":19238,"type":1,"commentor":6873,"gmtCreate":null,"gmtModified":null,"like_count":2,"content":"虽然但是，国旅酒管就得学跟别人端盘子，你想想每年花大几十万，出来还得跟别人低头在酒店服务别人","anonymity":0,"any_name":null,"commentCount":null,"user":{"id":6873,"name":"lZQ","avatar_url":null},"isCommentLike":-5,"dislike_count":0},{"id":72419,"parent_id":19238,"type":1,"commentor":964,"gmtCreate":null,"gmtModified":null,"like_count":1,"content":"就是会不会有一种可能你对别的学院有误解","anonymity":1,"any_name":"拱北快递员","commentCount":null,"user":{"id":964,"name":"困得自杀","avatar_url":"http://test01-20200725.oss-cn-shenzhen.aliyuncs.com/image/1657803874292.jpg?Expires=1973163874&OSSAccessKeyId=LTAI4G5RL7pjavqASCwc42kR&Signature=0R83hIsv5NcTaMzXAw%2FoJaeKRSw%3D"},"isCommentLike":-5,"dislike_count":0},{"id":72417,"parent_id":19238,"type":1,"commentor":1048,"gmtCreate":null,"gmtModified":null,"like_count":0,"content":"比如","anonymity":1,"any_name":"喷火龙","commentCount":null,"user":{"id":1048,"name":"Mxmtoon","avatar_url":"https://thirdwx.qlogo.cn/mmopen/vi_32/BgX1Kn6uGTJEd2EPsoR4dR9DUD9bOlSwHiae2D9R6ic78Hgqny8guZR5ibia8ua2xiajYjQkV54KJpnianxtd33deIkg/132"},"isCommentLike":-5,"dislike_count":0},{"id":72420,"parent_id":19238,"type":1,"commentor":1166,"gmtCreate":null,"gmtModified":null,"like_count":0,"content":"比如","anonymity":0,"any_name":null,"commentCount":null,"user":{"id":1166,"name":"2790345","avatar_url":"http://test01-20200725.oss-cn-shenzhen.aliyuncs.com/image/1660228993820.jpg?Expires=1975588986&OSSAccessKeyId=LTAI4G5RL7pjavqASCwc42kR&Signature=1JDOfg6QmiBeTlVbB6%2BFj3Wh1Is%3D"},"isCommentLike":-5,"dislike_count":0},{"id":72422,"parent_id":19238,"type":1,"commentor":677,"gmtCreate":null,"gmtModified":null,"like_count":0,"content":"你说！什么专业！","anonymity":1,"any_name":"葡挞","commentCount":null,"user":{"id":677,"name":"哔哔叭叭","avatar_url":"http://test01-20200725.oss-cn-shenzhen.aliyuncs.com/image/1666753774319.jpg?Expires=1982113766&OSSAccessKeyId=LTAI4G5RL7pjavqASCwc42kR&Signature=LRKJh434z3oEOmmZ89WhI0Dr97o%3D"},"isCommentLike":-5,"dislike_count":0},{"id":72431,"parent_id":19238,"type":1,"commentor":1655,"gmtCreate":null,"gmtModified":null,"like_count":0,"content":"it第一个不服","anonymity":1,"any_name":"沊仔刘亦菲","commentCount":null,"user":{"id":1655,"name":"应急食品（毕业版）","avatar_url":"http://test01-20200725.oss-cn-shenzhen.aliyuncs.com/image/1636378464049.gif?Expires=1951738454&OSSAccessKeyId=LTAI4G5RL7pjavqASCwc42kR&Signature=Ay0yzvZwaOrfFrXfYrxsTdpLkwM%3D"},"isCommentLike":-5,"dislike_count":0},{"id":72432,"parent_id":19238,"type":1,"commentor":1133,"gmtCreate":null,"gmtModified":null,"like_count":0,"content":"什么专业\uD83D\uDE22我也想知道","anonymity":1,"any_name":"Anton","commentCount":null,"user":{"id":1133,"name":"无事小神仙","avatar_url":"http://test01-20200725.oss-cn-shenzhen.aliyuncs.com/image/1666848003348.jpg?Expires=1982207995&OSSAccessKeyId=LTAI4G5RL7pjavqASCwc42kR&Signature=x51mAxQH5IM9JjWF9zcJntifllU%3D"},"isCommentLike":-5,"dislike_count":0},{"id":72439,"parent_id":19238,"type":1,"commentor":937,"gmtCreate":null,"gmtModified":null,"like_count":0,"content":"肯定是国旅咯","anonymity":1,"any_name":"大潭山车队","commentCount":null,"user":{"id":937,"name":"Paprika","avatar_url":"https://thirdwx.qlogo.cn/mmopen/vi_32/DYAIOgq83erXO0Hibm3qJlZAq1DEuggbNcFD7NCFFzJrk2VLe4pHwHvbA8JuV9oOibd44ibYWvprax9F18Ank1eibw/132"},"isCommentLike":-5,"dislike_count":0},{"id":72447,"parent_id":19238,"type":1,"commentor":643,"gmtCreate":null,"gmtModified":null,"like_count":0,"content":"怎么不看看有多少人吃不上饭有多人生下来亿万家产？怎么还会有人不平衡啊","anonymity":1,"any_name":"皮卡丘","commentCount":null,"user":{"id":643,"name":"脾气超级差","avatar_url":"http://test01-20200725.oss-cn-shenzhen.aliyuncs.com/image/1658825259833.jpg?Expires=1974185254&OSSAccessKeyId=LTAI4G5RL7pjavqASCwc42kR&Signature=cVqDAV6c37qT%2FyCkpGnFEKtS3TU%3D"},"isCommentLike":-5,"dislike_count":0},{"id":72449,"parent_id":19238,"type":1,"commentor":4683,"gmtCreate":null,"gmtModified":null,"like_count":0,"content":"您大几","anonymity":1,"any_name":"芋圆奶茶","commentCount":null,"user":{"id":4683,"name":"nlamnx","avatar_url":"http://test01-20200725.oss-cn-shenzhen.aliyuncs.com/image/1647320434006.jpg?Expires=1962680429&OSSAccessKeyId=LTAI4G5RL7pjavqASCwc42kR&Signature=hO7nwPxAWNZRKiM%2F%2FwEo3E38CgE%3D"},"isCommentLike":-5,"dislike_count":0},{"id":72476,"parent_id":19238,"type":1,"commentor":430,"gmtCreate":null,"gmtModified":null,"like_count":0,"content":"来新传试试吧 主观打分没有标准 B就是B A就是A 问就是老师like","anonymity":1,"any_name":"三鲜水饺","commentCount":null,"user":{"id":430,"name":"deserveW","avatar_url":"http://test01-20200725.oss-cn-shenzhen.aliyuncs.com/image/1663647322237.jpg?Expires=1979007335&OSSAccessKeyId=LTAI4G5RL7pjavqASCwc42kR&Signature=L5wGFgOcR80aUzlkmEOY3X7aCJs%3D"},"isCommentLike":-5,"dislike_count":0},{"id":72531,"parent_id":19238,"type":1,"commentor":404,"gmtCreate":null,"gmtModified":null,"like_count":0,"content":"我们学校有轻松的专业吗？真的别踩一捧一","anonymity":1,"any_name":"出前一丁","commentCount":null,"user":{"id":404,"name":"今天几点睡","avatar_url":"http://test01-20200725.oss-cn-shenzhen.aliyuncs.com/image/1662742355253.jpg?Expires=1978102346&OSSAccessKeyId=LTAI4G5RL7pjavqASCwc42kR&Signature=qLC0mRwv34mgUsW2URH%2FdQ3lxXw%3D"},"isCommentLike":-5,"dislike_count":0},{"id":72535,"parent_id":19238,"type":1,"commentor":404,"gmtCreate":null,"gmtModified":null,"like_count":0,"content":"自己学的差怪专业？","anonymity":1,"any_name":"Tom","commentCount":null,"user":{"id":404,"name":"今天几点睡","avatar_url":"http://test01-20200725.oss-cn-shenzhen.aliyuncs.com/image/1662742355253.jpg?Expires=1978102346&OSSAccessKeyId=LTAI4G5RL7pjavqASCwc42kR&Signature=qLC0mRwv34mgUsW2URH%2FdQ3lxXw%3D"},"isCommentLike":-5,"dislike_count":0},{"id":72612,"parent_id":19238,"type":1,"commentor":2982,"gmtCreate":null,"gmtModified":null,"like_count":0,"content":"我学国旅的最近已经快累死了 一万个报告和pre堆在一起真的太轻松啦\uD83D\uDE0A","anonymity":1,"any_name":"咖哩鱼蛋","commentCount":null,"user":{"id":2982,"name":"FTW","avatar_url":"http://test01-20200725.oss-cn-shenzhen.aliyuncs.com/image/1656438242558.jpg?Expires=1971798239&OSSAccessKeyId=LTAI4G5RL7pjavqASCwc42kR&Signature=xQAD6SfFXMaeAJJFKHCm8%2F733h0%3D"},"isCommentLike":-5,"dislike_count":0},{"id":72426,"parent_id":72419,"type":2,"commentor":104,"gmtCreate":null,"gmtModified":null,"like_count":0,"content":"我是转专业的 不会有误解的了","anonymity":1,"any_name":"GRE精选","commentCount":null,"user":{"id":104,"name":"Oops","avatar_url":"https://thirdwx.qlogo.cn/mmopen/vi_32/whprSj9WZZd4aSbmLClpEWbL7lPVVRoSQaNeXO4NJfb0r9GcM8Ng8B8HkDPPia49VQNLDgu7Ad70MBZ9IIz9h5g/132"},"isCommentLike":-5,"dislike_count":0},{"id":72427,"parent_id":72422,"type":2,"commentor":104,"gmtCreate":null,"gmtModified":null,"like_count":0,"content":"我怕说了被打哈哈哈哈","anonymity":1,"any_name":"GRE精选","commentCount":null,"user":{"id":104,"name":"Oops","avatar_url":"https://thirdwx.qlogo.cn/mmopen/vi_32/whprSj9WZZd4aSbmLClpEWbL7lPVVRoSQaNeXO4NJfb0r9GcM8Ng8B8HkDPPia49VQNLDgu7Ad70MBZ9IIz9h5g/132"},"isCommentLike":-5,"dislike_count":0},{"id":72428,"parent_id":72419,"type":2,"commentor":104,"gmtCreate":null,"gmtModified":null,"like_count":0,"content":"不是博雅 我也不是那一届的了","anonymity":1,"any_name":"GRE精选","commentCount":null,"user":{"id":104,"name":"Oops","avatar_url":"https://thirdwx.qlogo.cn/mmopen/vi_32/whprSj9WZZd4aSbmLClpEWbL7lPVVRoSQaNeXO4NJfb0r9GcM8Ng8B8HkDPPia49VQNLDgu7Ad70MBZ9IIz9h5g/132"},"isCommentLike":-5,"dislike_count":0},{"id":72430,"parent_id":72418,"type":2,"commentor":104,"gmtCreate":null,"gmtModified":null,"like_count":0,"content":"真的吗 但有些专业性质其实也是经管这种","anonymity":1,"any_name":"GRE精选","commentCount":null,"user":{"id":104,"name":"Oops","avatar_url":"https://thirdwx.qlogo.cn/mmopen/vi_32/whprSj9WZZd4aSbmLClpEWbL7lPVVRoSQaNeXO4NJfb0r9GcM8Ng8B8HkDPPia49VQNLDgu7Ad70MBZ9IIz9h5g/132"},"isCommentLike":-5,"dislike_count":0},{"id":72433,"parent_id":72431,"type":2,"commentor":104,"gmtCreate":null,"gmtModified":null,"like_count":0,"content":"我不是it的！肯定没有拿it做对比哈哈哈哈哈我有it朋友哈哈哈哈it挺好的","anonymity":1,"any_name":"GRE精选","commentCount":null,"user":{"id":104,"name":"Oops","avatar_url":"https://thirdwx.qlogo.cn/mmopen/vi_32/whprSj9WZZd4aSbmLClpEWbL7lPVVRoSQaNeXO4NJfb0r9GcM8Ng8B8HkDPPia49VQNLDgu7Ad70MBZ9IIz9h5g/132"},"isCommentLike":-5,"dislike_count":0},{"id":72434,"parent_id":72427,"type":2,"commentor":677,"gmtCreate":null,"gmtModified":null,"like_count":0,"content":"你不说就更奇怪了，为啥会被打？","anonymity":1,"any_name":"葡挞","commentCount":null,"user":{"id":677,"name":"哔哔叭叭","avatar_url":"http://test01-20200725.oss-cn-shenzhen.aliyuncs.com/image/1666753774319.jpg?Expires=1982113766&OSSAccessKeyId=LTAI4G5RL7pjavqASCwc42kR&Signature=LRKJh434z3oEOmmZ89WhI0Dr97o%3D"},"isCommentLike":-5,"dislike_count":0},{"id":72436,"parent_id":72433,"type":2,"commentor":1655,"gmtCreate":null,"gmtModified":null,"like_count":0,"content":"只能说，选择大于努力","anonymity":1,"any_name":"哥斯拉","commentCount":null,"user":{"id":1655,"name":"应急食品（毕业版）","avatar_url":"http://test01-20200725.oss-cn-shenzhen.aliyuncs.com/image/1636378464049.gif?Expires=1951738454&OSSAccessKeyId=LTAI4G5RL7pjavqASCwc42kR&Signature=Ay0yzvZwaOrfFrXfYrxsTdpLkwM%3D"},"isCommentLike":-5,"dislike_count":0},{"id":72437,"parent_id":72434,"type":2,"commentor":104,"gmtCreate":null,"gmtModified":null,"like_count":0,"content":"我本意就是牢骚几句不想引起这两个专业的对立啊","anonymity":1,"any_name":"GRE精选","commentCount":null,"user":{"id":104,"name":"Oops","avatar_url":"https://thirdwx.qlogo.cn/mmopen/vi_32/whprSj9WZZd4aSbmLClpEWbL7lPVVRoSQaNeXO4NJfb0r9GcM8Ng8B8HkDPPia49VQNLDgu7Ad70MBZ9IIz9h5g/132"},"isCommentLike":-5,"dislike_count":0},{"id":72438,"parent_id":72436,"type":2,"commentor":104,"gmtCreate":null,"gmtModified":null,"like_count":0,"content":"这句话不能同意更多…","anonymity":1,"any_name":"GRE精选","commentCount":null,"user":{"id":104,"name":"Oops","avatar_url":"https://thirdwx.qlogo.cn/mmopen/vi_32/whprSj9WZZd4aSbmLClpEWbL7lPVVRoSQaNeXO4NJfb0r9GcM8Ng8B8HkDPPia49VQNLDgu7Ad70MBZ9IIz9h5g/132"},"isCommentLike":-5,"dislike_count":0},{"id":72444,"parent_id":72443,"type":2,"commentor":2011,"gmtCreate":null,"gmtModified":null,"like_count":0,"content":"别对酒旅专业这么刻板好不好，别踩一捧一啊\uD83D\uDE13","anonymity":1,"any_name":"内卷狂魔","commentCount":null,"user":{"id":2011,"name":"芝士波奇塔","avatar_url":"https://thirdwx.qlogo.cn/mmopen/vi_32/qkJGD8TVtkQaSmRQ1dp6m0CEBhPXe8acZ1WX60IhqVnfxRFPBhkyeRZvLQ18fQUlmH3nJHsgchX8AIIDTIaicEg/132"},"isCommentLike":-5,"dislike_count":0},{"id":72445,"parent_id":72443,"type":2,"commentor":1694,"gmtCreate":null,"gmtModified":null,"like_count":0,"content":"说得好，我就是因为这个从酒管转到工管的……","anonymity":1,"any_name":"微积分","commentCount":null,"user":{"id":1694,"name":"momo","avatar_url":"https://thirdwx.qlogo.cn/mmopen/vi_32/Q3auHgzwzM7ic4Wv1gc7Uic2nACddMnmzib1XTLr5AjMgj8S0mEVJNJzHAskTJ06Bb8Mt4eh5AVW6KHfbHuficDvVA/132"},"isCommentLike":-5,"dislike_count":0},{"id":72446,"parent_id":72443,"type":2,"commentor":1225,"gmtCreate":null,"gmtModified":null,"like_count":0,"content":"酒旅毕业后不一定在酒店工作啊","anonymity":1,"any_name":"珠海小天使","commentCount":null,"user":{"id":1225,"name":"风","avatar_url":"http://test01-20200725.oss-cn-shenzhen.aliyuncs.com/image/1665830740553.jpg?Expires=1981190737&OSSAccessKeyId=LTAI4G5RL7pjavqASCwc42kR&Signature=wG2C4kASfrzcDMVXQHd1zq89hrM%3D"},"isCommentLike":-5,"dislike_count":0},{"id":72448,"parent_id":72447,"type":2,"commentor":104,"gmtCreate":null,"gmtModified":null,"like_count":0,"content":"你的逻辑令人叹为观止","anonymity":1,"any_name":"GRE精选","commentCount":null,"user":{"id":104,"name":"Oops","avatar_url":"https://thirdwx.qlogo.cn/mmopen/vi_32/whprSj9WZZd4aSbmLClpEWbL7lPVVRoSQaNeXO4NJfb0r9GcM8Ng8B8HkDPPia49VQNLDgu7Ad70MBZ9IIz9h5g/132"},"isCommentLike":-5,"dislike_count":0},{"id":72450,"parent_id":72443,"type":2,"commentor":104,"gmtCreate":null,"gmtModified":null,"like_count":0,"content":"我的意思是他们很容易研究生转正经商科嘛 又回到同一起跑线了只不过人家平台高多了","anonymity":1,"any_name":"GRE精选","commentCount":null,"user":{"id":104,"name":"Oops","avatar_url":"https://thirdwx.qlogo.cn/mmopen/vi_32/whprSj9WZZd4aSbmLClpEWbL7lPVVRoSQaNeXO4NJfb0r9GcM8Ng8B8HkDPPia49VQNLDgu7Ad70MBZ9IIz9h5g/132"},"isCommentLike":-5,"dislike_count":0},{"id":72451,"parent_id":72444,"type":2,"commentor":6873,"gmtCreate":null,"gmtModified":null,"like_count":0,"content":"我没有踩，这就是事实。有专门的课程教你一只手怎么端三个盘子，你还要在餐厅实习当服务员。","anonymity":0,"any_name":null,"commentCount":null,"user":{"id":6873,"name":"lZQ","avatar_url":null},"isCommentLike":-5,"dislike_count":0},{"id":72452,"parent_id":72449,"type":2,"commentor":104,"gmtCreate":null,"gmtModified":null,"like_count":0,"content":"离毕业不远了","anonymity":1,"any_name":"GRE精选","commentCount":null,"user":{"id":104,"name":"Oops","avatar_url":"https://thirdwx.qlogo.cn/mmopen/vi_32/whprSj9WZZd4aSbmLClpEWbL7lPVVRoSQaNeXO4NJfb0r9GcM8Ng8B8HkDPPia49VQNLDgu7Ad70MBZ9IIz9h5g/132"},"isCommentLike":-5,"dislike_count":0},{"id":72453,"parent_id":72446,"type":2,"commentor":6873,"gmtCreate":null,"gmtModified":null,"like_count":0,"content":"当然，但是还是要学，要是想考研就得实习，实习就得去餐厅当服务员","anonymity":0,"any_name":null,"commentCount":null,"user":{"id":6873,"name":"lZQ","avatar_url":null},"isCommentLike":-5,"dislike_count":0},{"id":72454,"parent_id":72450,"type":2,"commentor":6873,"gmtCreate":null,"gmtModified":null,"like_count":0,"content":"这倒是不错，酒管可以跨专业考商科的研究生，就看这大学四年受不受得起这委屈，受了这委屈后还能不能不改初心了。","anonymity":0,"any_name":null,"commentCount":null,"user":{"id":6873,"name":"lZQ","avatar_url":null},"isCommentLike":-5,"dislike_count":0},{"id":72455,"parent_id":72454,"type":2,"commentor":104,"gmtCreate":null,"gmtModified":null,"like_count":0,"content":"是 所以我感觉其实还是算本科轻松四年最后也title很好的 这样想下来忧虑不平衡就无解了✋","anonymity":1,"any_name":"GRE精选","commentCount":null,"user":{"id":104,"name":"Oops","avatar_url":"https://thirdwx.qlogo.cn/mmopen/vi_32/whprSj9WZZd4aSbmLClpEWbL7lPVVRoSQaNeXO4NJfb0r9GcM8Ng8B8HkDPPia49VQNLDgu7Ad70MBZ9IIz9h5g/132"},"isCommentLike":-5,"dislike_count":0},{"id":72466,"parent_id":72451,"type":2,"commentor":693,"gmtCreate":null,"gmtModified":null,"like_count":0,"content":"好强！一个手端三个盘子！","anonymity":1,"any_name":"六级词汇","commentCount":null,"user":{"id":693,"name":"复 习 不 完 了","avatar_url":"https://thirdwx.qlogo.cn/mmopen/vi_32/DKaaFjYaLuot756YU7Wtj0uORNNfHbyvgrvEdgvtswibBYZqYCWOjd6gHLby6zbrQv0mWy8xQegk8EGCmbI1OlQ/132"},"isCommentLike":-5,"dislike_count":0},{"id":72468,"parent_id":72439,"type":2,"commentor":1225,"gmtCreate":null,"gmtModified":null,"like_count":0,"content":"我感觉也是","anonymity":1,"any_name":"珠海小天使","commentCount":null,"user":{"id":1225,"name":"风","avatar_url":"http://test01-20200725.oss-cn-shenzhen.aliyuncs.com/image/1665830740553.jpg?Expires=1981190737&OSSAccessKeyId=LTAI4G5RL7pjavqASCwc42kR&Signature=wG2C4kASfrzcDMVXQHd1zq89hrM%3D"},"isCommentLike":-5,"dislike_count":0},{"id":72492,"parent_id":72476,"type":2,"commentor":161,"gmtCreate":null,"gmtModified":null,"like_count":0,"content":"你们不是B就是A，商学院不是B就是C。。。","anonymity":1,"any_name":"亚古兽","commentCount":null,"user":{"id":161,"name":"jellyfish","avatar_url":"https://thirdwx.qlogo.cn/mmopen/vi_32/Q0j4TwGTfTJcXqaZf7oI1NZpdrmqibVtIkq0CLyCOx3J4WvO771FtGLb7ZeliakYoTBAV5E6buWJQVsgrM7JA84g/132"},"isCommentLike":-5,"dislike_count":0},{"id":72493,"parent_id":72476,"type":2,"commentor":161,"gmtCreate":null,"gmtModified":null,"like_count":0,"content":"还有C-。。。","anonymity":1,"any_name":"亚古兽","commentCount":null,"user":{"id":161,"name":"jellyfish","avatar_url":"https://thirdwx.qlogo.cn/mmopen/vi_32/Q0j4TwGTfTJcXqaZf7oI1NZpdrmqibVtIkq0CLyCOx3J4WvO771FtGLb7ZeliakYoTBAV5E6buWJQVsgrM7JA84g/132"},"isCommentLike":-5,"dislike_count":0},{"id":72525,"parent_id":72493,"type":2,"commentor":430,"gmtCreate":null,"gmtModified":null,"like_count":0,"content":"朋友这是偏见 我们有课会挂一半个班哦","anonymity":1,"any_name":"英国短毛猫","commentCount":null,"user":{"id":430,"name":"deserveW","avatar_url":"http://test01-20200725.oss-cn-shenzhen.aliyuncs.com/image/1663647322237.jpg?Expires=1979007335&OSSAccessKeyId=LTAI4G5RL7pjavqASCwc42kR&Signature=L5wGFgOcR80aUzlkmEOY3X7aCJs%3D"},"isCommentLike":-5,"dislike_count":0},{"id":72533,"parent_id":72443,"type":2,"commentor":404,"gmtCreate":null,"gmtModified":null,"like_count":0,"content":"你有去了解过课程吗？你去看看上课上的什么，没看到后面有管理二字吗？","anonymity":1,"any_name":"Tom","commentCount":null,"user":{"id":404,"name":"今天几点睡","avatar_url":"http://test01-20200725.oss-cn-shenzhen.aliyuncs.com/image/1662742355253.jpg?Expires=1978102346&OSSAccessKeyId=LTAI4G5RL7pjavqASCwc42kR&Signature=qLC0mRwv34mgUsW2URH%2FdQ3lxXw%3D"},"isCommentLike":-5,"dislike_count":0},{"id":72548,"parent_id":72533,"type":2,"commentor":6873,"gmtCreate":null,"gmtModified":null,"like_count":0,"content":"我怎么不了解呢。它上管理类的课程，比如管理导论等，所以如果你转专业到商科类或者跨专业考研都很好，因为算是一个圈子里。但是也上像餐饮运作的专业课，就会学端盘子夹面包，老师还会带你去后厨。","anonymity":0,"any_name":null,"commentCount":null,"user":{"id":6873,"name":"lZQ","avatar_url":null},"isCommentLike":-5,"dislike_count":0},{"id":72549,"parent_id":72476,"type":2,"commentor":6873,"gmtCreate":null,"gmtModified":null,"like_count":0,"content":"好可怕","anonymity":1,"any_name":"人生的智慧","commentCount":null,"user":{"id":6873,"name":"lZQ","avatar_url":null},"isCommentLike":-5,"dislike_count":0},{"id":72573,"parent_id":72531,"type":2,"commentor":104,"gmtCreate":null,"gmtModified":null,"like_count":0,"content":"大姐啊 哪里踩一捧一了啊","anonymity":1,"any_name":"GRE精选","commentCount":null,"user":{"id":104,"name":"Oops","avatar_url":"https://thirdwx.qlogo.cn/mmopen/vi_32/whprSj9WZZd4aSbmLClpEWbL7lPVVRoSQaNeXO4NJfb0r9GcM8Ng8B8HkDPPia49VQNLDgu7Ad70MBZ9IIz9h5g/132"},"isCommentLike":-5,"dislike_count":0},{"id":72576,"parent_id":72535,"type":2,"commentor":104,"gmtCreate":null,"gmtModified":null,"like_count":0,"content":"我说的是付出的努力对等的情况下结果可以完全不同 看清楚再来b谢谢","anonymity":1,"any_name":"GRE精选","commentCount":null,"user":{"id":104,"name":"Oops","avatar_url":"https://thirdwx.qlogo.cn/mmopen/vi_32/whprSj9WZZd4aSbmLClpEWbL7lPVVRoSQaNeXO4NJfb0r9GcM8Ng8B8HkDPPia49VQNLDgu7Ad70MBZ9IIz9h5g/132"},"isCommentLike":-5,"dislike_count":0},{"id":72583,"parent_id":72476,"type":2,"commentor":104,"gmtCreate":null,"gmtModified":null,"like_count":0,"content":"新传也事情多多","anonymity":1,"any_name":"GRE精选","commentCount":null,"user":{"id":104,"name":"Oops","avatar_url":"https://thirdwx.qlogo.cn/mmopen/vi_32/whprSj9WZZd4aSbmLClpEWbL7lPVVRoSQaNeXO4NJfb0r9GcM8Ng8B8HkDPPia49VQNLDgu7Ad70MBZ9IIz9h5g/132"},"isCommentLike":-5,"dislike_count":0},{"id":72683,"parent_id":72612,"type":2,"commentor":104,"gmtCreate":null,"gmtModified":null,"like_count":0,"content":"哈哈 辛苦","anonymity":1,"any_name":"GRE精选","commentCount":null,"user":{"id":104,"name":"Oops","avatar_url":"https://thirdwx.qlogo.cn/mmopen/vi_32/whprSj9WZZd4aSbmLClpEWbL7lPVVRoSQaNeXO4NJfb0r9GcM8Ng8B8HkDPPia49VQNLDgu7Ad70MBZ9IIz9h5g/132"},"isCommentLike":-5,"dislike_count":0}],"any_name":"GRE精选","relation":-2,"liked":-4,"anonymity":1,"dislike_count":0}