{"id":19384,"author":null,"author_avatar_url":null,"author_id":1677,"author_status":1,"gmt_create":1650881897334,"gmt_modified":1650881897334,"content":"采蝶坊什么好吃的推推\uD83D\uDE0B","title":"采蝶坊什么好吃的推推\uD83D\uDE0B","description":"no description yet","like_count":1,"comment_count":3,"view_count":105,"type":"post","tag":"not tag yet","imageList":"","content_source":null,"comments":[{"id":73052,"parent_id":19384,"type":1,"commentor":772,"gmtCreate":null,"gmtModified":null,"like_count":3,"content":"酸辣粉永远滴神","anonymity":1,"any_name":"沊仔刘亦菲","commentCount":null,"user":{"id":772,"name":"人鱼岛","avatar_url":"http://test01-20200725.oss-cn-shenzhen.aliyuncs.com/image/1655263848705.jpg?Expires=1970623841&OSSAccessKeyId=LTAI4G5RL7pjavqASCwc42kR&Signature=4LGv6mJQXC2XZHHRZzUDAlYKc1U%3D"},"isCommentLike":-5,"dislike_count":0},{"id":73071,"parent_id":19384,"type":1,"commentor":6744,"gmtCreate":null,"gmtModified":null,"like_count":0,"content":"脆炸大鸡腿薯角饭 豉油鸡翼菜 以及酸辣粉yyds","anonymity":1,"any_name":"皮卡丘","commentCount":null,"user":{"id":6744,"name":"要毕业了我去","avatar_url":"http://test01-20200725.oss-cn-shenzhen.aliyuncs.com/image/1650379976242.jpg?Expires=1965739974&OSSAccessKeyId=LTAI4G5RL7pjavqASCwc42kR&Signature=0y3NUJ578fM%2FeDeDDdyGOyfbs20%3D"},"isCommentLike":-5,"dislike_count":0},{"id":73076,"parent_id":19384,"type":1,"commentor":389,"gmtCreate":null,"gmtModified":null,"like_count":0,"content":"夏威夷炒饭","anonymity":1,"any_name":"哈士奇","commentCount":null,"user":{"id":389,"name":"Ye","avatar_url":"http://test01-20200725.oss-cn-shenzhen.aliyuncs.com/image/1666692616794.jpg?Expires=1982052609&OSSAccessKeyId=LTAI4G5RL7pjavqASCwc42kR&Signature=TFev3d8OQ74D%2FdfZp4gmLfTGqjM%3D"},"isCommentLike":-5,"dislike_count":0}],"any_name":"拱北吴彦祖","relation":-2,"liked":-4,"anonymity":1,"dislike_count":0}