{"id":19404,"author":null,"author_avatar_url":null,"author_id":1986,"author_status":1,"gmt_create":1650889032229,"gmt_modified":1650889032229,"content":"家人们，救救孩子论文查重用哪个软件好啊","title":"家人们，救救孩子论文查重用哪个软件好啊","description":"no description yet","like_count":0,"comment_count":2,"view_count":181,"type":"post","tag":"not tag yet","imageList":"","content_source":null,"comments":[{"id":73109,"parent_id":19404,"type":1,"commentor":104,"gmtCreate":null,"gmtModified":null,"like_count":0,"content":"turnitin","anonymity":1,"any_name":"网瘾少年","commentCount":null,"user":{"id":104,"name":"Oops","avatar_url":"https://thirdwx.qlogo.cn/mmopen/vi_32/whprSj9WZZd4aSbmLClpEWbL7lPVVRoSQaNeXO4NJfb0r9GcM8Ng8B8HkDPPia49VQNLDgu7Ad70MBZ9IIz9h5g/132"},"isCommentLike":-5,"dislike_count":0},{"id":73116,"parent_id":19404,"type":1,"commentor":1217,"gmtCreate":null,"gmtModified":null,"like_count":0,"content":"turnitin，但是一次我觉得不便宜","anonymity":1,"any_name":"葡挞","commentCount":null,"user":{"id":1217,"name":"T.10","avatar_url":"http://test01-20200725.oss-cn-shenzhen.aliyuncs.com/image/1666866099412.jpg?Expires=1982226091&OSSAccessKeyId=LTAI4G5RL7pjavqASCwc42kR&Signature=%2BX9Muc%2FXHuQf3zhd6RlaxFH1zY0%3D"},"isCommentLike":-5,"dislike_count":0}],"any_name":"Tom","relation":-2,"liked":-4,"anonymity":1,"dislike_count":0}