{"id":19453,"author":null,"author_avatar_url":null,"author_id":1092,"author_status":1,"gmt_create":1650911797353,"gmt_modified":1650911797353,"content":"微博有一个往年今日的功能，我每次点开那个页面都会觉得之前的自己真的好勇敢，好像日剧里的元气少女，跌倒不怕可以继续大步向前，可是看看现在，我可能没有那么敢不计后果地作出抉择了。","title":"微博有一个往年今日的功能，我每次点开那个页面都会觉得之前的自己真的好勇敢，好像日剧里的元气少女，跌倒不怕可以继续大步向前，可是看看现在，我可能没有那么敢不计后果地作出抉择","description":"no description yet","like_count":2,"comment_count":0,"view_count":24,"type":"post","tag":"not tag yet","imageList":"","content_source":null,"comments":null,"any_name":"GRE精选","relation":-2,"liked":-4,"anonymity":1,"dislike_count":0}