{"id":19516,"author":null,"author_avatar_url":null,"author_id":2905,"author_status":1,"gmt_create":1650960371537,"gmt_modified":1650960371537,"content":"请问暑假回家之前通行证在澳门这边还需要办什么手续吗？孩子怕暑假回来入不了境了.","title":"请问暑假回家之前通行证在澳门这边还需要办什么手续吗？孩子怕暑假回来入不了境了.","description":"no description yet","like_count":0,"comment_count":4,"view_count":157,"type":"post","tag":"not tag yet","imageList":"","content_source":null,"comments":[{"id":73622,"parent_id":19516,"type":1,"commentor":950,"gmtCreate":null,"gmtModified":null,"like_count":0,"content":"不用 把在读证明带回家就行","anonymity":0,"any_name":null,"commentCount":null,"user":{"id":950,"name":"嘉心糖今天吃什么","avatar_url":"http://test01-20200725.oss-cn-shenzhen.aliyuncs.com/image/1653601697278.gif?Expires=1968961688&OSSAccessKeyId=LTAI4G5RL7pjavqASCwc42kR&Signature=MJ1wFoThzUSd5vemDHpVKNWnCcA%3D"},"isCommentLike":-5,"dislike_count":0},{"id":73767,"parent_id":73622,"type":2,"commentor":1785,"gmtCreate":null,"gmtModified":null,"like_count":0,"content":"在读证明？哪里可以领啊？","anonymity":0,"any_name":null,"commentCount":null,"user":{"id":1785,"name":"werido","avatar_url":"https://thirdwx.qlogo.cn/mmopen/vi_32/RV5IjsLjhsiaNRndp0wA7GIDvkic43cticGDc0PAibNU2Uhx8HCqeF9iaVkyFILuuavXkKEcfuHp8ZqBm74SYRe0zSA/132"},"isCommentLike":-5,"dislike_count":0},{"id":73788,"parent_id":73622,"type":2,"commentor":2905,"gmtCreate":null,"gmtModified":null,"like_count":0,"content":"是要去学生事务处开一份在读证明吗？","anonymity":0,"any_name":null,"commentCount":null,"user":{"id":2905,"name":"U_246601642175","avatar_url":null},"isCommentLike":-5,"dislike_count":0},{"id":73789,"parent_id":73767,"type":2,"commentor":950,"gmtCreate":null,"gmtModified":null,"like_count":0,"content":"如果wemust填写了通行证信息，那就等通知就行了，没填的话找宿管","anonymity":0,"any_name":null,"commentCount":null,"user":{"id":950,"name":"嘉心糖今天吃什么","avatar_url":"http://test01-20200725.oss-cn-shenzhen.aliyuncs.com/image/1653601697278.gif?Expires=1968961688&OSSAccessKeyId=LTAI4G5RL7pjavqASCwc42kR&Signature=MJ1wFoThzUSd5vemDHpVKNWnCcA%3D"},"isCommentLike":-5,"dislike_count":0}],"any_name":"水箭龟","relation":-2,"liked":-4,"anonymity":1,"dislike_count":0}