{"id":19541,"author":null,"author_avatar_url":null,"author_id":657,"author_status":1,"gmt_create":1650968041523,"gmt_modified":1650968041523,"content":"请问uu们还没到自己选课，在哪里能看到自己可以选哪些科目呢","title":"请问uu们还没到自己选课，在哪里能看到自己可以选哪些科目呢","description":"no description yet","like_count":0,"comment_count":9,"view_count":182,"type":"post","tag":"not tag yet","imageList":"","content_source":null,"comments":[{"id":73698,"parent_id":19541,"type":1,"commentor":1198,"gmtCreate":null,"gmtModified":null,"like_count":0,"content":"官网啊","anonymity":1,"any_name":"拱北快递员","commentCount":null,"user":{"id":1198,"name":"冰冰","avatar_url":"https://thirdwx.qlogo.cn/mmopen/vi_32/Q3auHgzwzM7iaibbplTYuHyA4sL75266znalNO07AWRL6TMHqTn19uCtkqibiabVMAbh99icqbEPwTztHL37pa91LIQ/132"},"isCommentLike":-5,"dislike_count":0},{"id":73700,"parent_id":19541,"type":1,"commentor":1198,"gmtCreate":null,"gmtModified":null,"like_count":0,"content":"官网啥都有","anonymity":1,"any_name":"拱北快递员","commentCount":null,"user":{"id":1198,"name":"冰冰","avatar_url":"https://thirdwx.qlogo.cn/mmopen/vi_32/Q3auHgzwzM7iaibbplTYuHyA4sL75266znalNO07AWRL6TMHqTn19uCtkqibiabVMAbh99icqbEPwTztHL37pa91LIQ/132"},"isCommentLike":-5,"dislike_count":0},{"id":73752,"parent_id":19541,"type":1,"commentor":1887,"gmtCreate":null,"gmtModified":null,"like_count":0,"content":"蹲一个官网哪里呀","anonymity":1,"any_name":"布偶猫","commentCount":null,"user":{"id":1887,"name":"I","avatar_url":"http://test01-20200725.oss-cn-shenzhen.aliyuncs.com/image/1650262442932.gif?Expires=1965622441&OSSAccessKeyId=LTAI4G5RL7pjavqASCwc42kR&Signature=5OPMm1zWBicaIbe%2FshMRrISWdZY%3D"},"isCommentLike":-5,"dislike_count":0},{"id":73754,"parent_id":19541,"type":1,"commentor":1198,"gmtCreate":null,"gmtModified":null,"like_count":0,"content":"google 百度 了解一下","anonymity":1,"any_name":"拱北快递员","commentCount":null,"user":{"id":1198,"name":"冰冰","avatar_url":"https://thirdwx.qlogo.cn/mmopen/vi_32/Q3auHgzwzM7iaibbplTYuHyA4sL75266znalNO07AWRL6TMHqTn19uCtkqibiabVMAbh99icqbEPwTztHL37pa91LIQ/132"},"isCommentLike":-5,"dislike_count":0},{"id":73743,"parent_id":73698,"type":2,"commentor":657,"gmtCreate":null,"gmtModified":null,"like_count":0,"content":"谢谢谢谢","anonymity":1,"any_name":"亚古兽","commentCount":null,"user":{"id":657,"name":"\uD83C\uDF4B","avatar_url":"https://thirdwx.qlogo.cn/mmopen/vi_32/NjmReVxBMgO9crVBhSnib28yf1YSf3ex4eriba7SkiaXmEYegYczicwAOp7OibeCdqKsicQPN2u5sh8qiacNbZ35uGjGw/132"},"isCommentLike":-5,"dislike_count":0},{"id":73744,"parent_id":73700,"type":2,"commentor":657,"gmtCreate":null,"gmtModified":null,"like_count":0,"content":"好的好的谢谢","anonymity":1,"any_name":"亚古兽","commentCount":null,"user":{"id":657,"name":"\uD83C\uDF4B","avatar_url":"https://thirdwx.qlogo.cn/mmopen/vi_32/NjmReVxBMgO9crVBhSnib28yf1YSf3ex4eriba7SkiaXmEYegYczicwAOp7OibeCdqKsicQPN2u5sh8qiacNbZ35uGjGw/132"},"isCommentLike":-5,"dislike_count":0},{"id":73755,"parent_id":73752,"type":2,"commentor":1198,"gmtCreate":null,"gmtModified":null,"like_count":0,"content":"google 百度了解一下","anonymity":1,"any_name":"拱北快递员","commentCount":null,"user":{"id":1198,"name":"冰冰","avatar_url":"https://thirdwx.qlogo.cn/mmopen/vi_32/Q3auHgzwzM7iaibbplTYuHyA4sL75266znalNO07AWRL6TMHqTn19uCtkqibiabVMAbh99icqbEPwTztHL37pa91LIQ/132"},"isCommentLike":-5,"dislike_count":0},{"id":73756,"parent_id":73752,"type":2,"commentor":1198,"gmtCreate":null,"gmtModified":null,"like_count":0,"content":"之前难道不是在官网报名的？","anonymity":1,"any_name":"拱北快递员","commentCount":null,"user":{"id":1198,"name":"冰冰","avatar_url":"https://thirdwx.qlogo.cn/mmopen/vi_32/Q3auHgzwzM7iaibbplTYuHyA4sL75266znalNO07AWRL6TMHqTn19uCtkqibiabVMAbh99icqbEPwTztHL37pa91LIQ/132"},"isCommentLike":-5,"dislike_count":0},{"id":73841,"parent_id":73756,"type":2,"commentor":1887,"gmtCreate":null,"gmtModified":null,"like_count":0,"content":"官网里面哪里","anonymity":1,"any_name":"奥利奥","commentCount":null,"user":{"id":1887,"name":"I","avatar_url":"http://test01-20200725.oss-cn-shenzhen.aliyuncs.com/image/1650262442932.gif?Expires=1965622441&OSSAccessKeyId=LTAI4G5RL7pjavqASCwc42kR&Signature=5OPMm1zWBicaIbe%2FshMRrISWdZY%3D"},"isCommentLike":-5,"dislike_count":0}],"any_name":"亚古兽","relation":-2,"liked":-4,"anonymity":1,"dislike_count":0}