{"id":19687,"author":null,"author_avatar_url":null,"author_id":673,"author_status":1,"gmt_create":1651053638575,"gmt_modified":1651053638575,"content":"人生第一次睡过头上课打卡，课上还有pre\uD83D\uDE22\n永远不要低估自己的睡眠能力……（我是在房间开着灯的情况下睡着的，而且一下睡了近12个小时）\n永远要在意识清醒的时候订好第二天的闹钟，尤其是前一晚身体不适的时候，因为早睡并不意味着早起\uD83D\uDE02","title":"人生第一次睡过头上课打卡，课上还有pre\uD83D\uDE22\n永远不要低估自己的睡眠能力……（我是在房间开着灯的情况下睡着的，而且一下睡了近12个小时）\n永远要在意识清醒的时候订好第二天","description":"no description yet","like_count":4,"comment_count":2,"view_count":158,"type":"post","tag":"not tag yet","imageList":"","content_source":null,"comments":[{"id":74358,"parent_id":19687,"type":1,"commentor":772,"gmtCreate":null,"gmtModified":null,"like_count":1,"content":"可能最近太累了吧 多休息一下","anonymity":1,"any_name":"芋圆奶茶","commentCount":null,"user":{"id":772,"name":"人鱼岛","avatar_url":"http://test01-20200725.oss-cn-shenzhen.aliyuncs.com/image/1655263848705.jpg?Expires=1970623841&OSSAccessKeyId=LTAI4G5RL7pjavqASCwc42kR&Signature=4LGv6mJQXC2XZHHRZzUDAlYKc1U%3D"},"isCommentLike":-5,"dislike_count":0},{"id":74359,"parent_id":74358,"type":2,"commentor":673,"gmtCreate":null,"gmtModified":null,"like_count":0,"content":"哈哈哈，感谢姐妹的建议！这学期好几个pre都集中在一起了","anonymity":1,"any_name":"网瘾少年","commentCount":null,"user":{"id":673,"name":"江浙沪混血酷Girl","avatar_url":"http://test01-20200725.oss-cn-shenzhen.aliyuncs.com/image/1655819531248.jpg?Expires=1971179522&OSSAccessKeyId=LTAI4G5RL7pjavqASCwc42kR&Signature=OKb%2Bew33ZQ5ENen29Fcl56nwibM%3D"},"isCommentLike":-5,"dislike_count":0}],"any_name":"网瘾少年","relation":-2,"liked":-4,"anonymity":1,"dislike_count":0}