{"id":19812,"author":"w","author_avatar_url":"https://thirdwx.qlogo.cn/mmopen/vi_32/csuyfGVLlQDFwrQY1v21eLhIZLhMcmqia0VybXibhRO8cRVx5zhsy6u20xhtOFncwOibDI81ecIRLhMHDfBibjvlhA/132","author_id":1150,"author_status":1,"gmt_create":1651125462796,"gmt_modified":1651125462796,"content":"天文摄影 /天文科学 /现代物理 /宇宙，太阳 /有推荐的摸","title":"天文摄影 /天文科学 /现代物理 /宇宙，太阳 /有推荐的摸","description":"no description yet","like_count":0,"comment_count":4,"view_count":284,"type":"post","tag":"not tag yet","imageList":"","content_source":null,"comments":[{"id":74807,"parent_id":19812,"type":1,"commentor":1150,"gmtCreate":null,"gmtModified":null,"like_count":0,"content":"这种课会不会期末压力很大啊","anonymity":1,"any_name":"珠海小天使","commentCount":null,"user":{"id":1150,"name":"w","avatar_url":"https://thirdwx.qlogo.cn/mmopen/vi_32/csuyfGVLlQDFwrQY1v21eLhIZLhMcmqia0VybXibhRO8cRVx5zhsy6u20xhtOFncwOibDI81ecIRLhMHDfBibjvlhA/132"},"isCommentLike":-5,"dislike_count":0},{"id":74815,"parent_id":19812,"type":1,"commentor":5107,"gmtCreate":null,"gmtModified":null,"like_count":0,"content":"天文科学不错","anonymity":1,"any_name":"大潭山车队","commentCount":null,"user":{"id":5107,"name":"北京智障疗养所刘主任","avatar_url":"http://test01-20200725.oss-cn-shenzhen.aliyuncs.com/image/1660154476908.jpg?Expires=1975514475&OSSAccessKeyId=LTAI4G5RL7pjavqASCwc42kR&Signature=12vGc93U4Q1Ksub1iUHarkK9qGc%3D"},"isCommentLike":-5,"dislike_count":0},{"id":74822,"parent_id":19812,"type":1,"commentor":682,"gmtCreate":null,"gmtModified":null,"like_count":0,"content":"现代物理挺好的，事少给分多","anonymity":0,"any_name":null,"commentCount":null,"user":{"id":682,"name":"~Xenon~","avatar_url":"http://test01-20200725.oss-cn-shenzhen.aliyuncs.com/image/1662451495431.gif?Expires=1977811496&OSSAccessKeyId=LTAI4G5RL7pjavqASCwc42kR&Signature=tLEL737zMefpEHXZzQlS%2Bxz88Ts%3D"},"isCommentLike":-5,"dislike_count":0},{"id":74823,"parent_id":74822,"type":2,"commentor":682,"gmtCreate":null,"gmtModified":null,"like_count":0,"content":"*给分好","anonymity":0,"any_name":null,"commentCount":null,"user":{"id":682,"name":"~Xenon~","avatar_url":"http://test01-20200725.oss-cn-shenzhen.aliyuncs.com/image/1662451495431.gif?Expires=1977811496&OSSAccessKeyId=LTAI4G5RL7pjavqASCwc42kR&Signature=tLEL737zMefpEHXZzQlS%2Bxz88Ts%3D"},"isCommentLike":-5,"dislike_count":0}],"any_name":null,"relation":-2,"liked":-4,"anonymity":0,"dislike_count":0}