{"id":1989,"author":null,"author_avatar_url":null,"author_id":917,"author_status":1,"gmt_create":1633184422509,"gmt_modified":1633184422509,"content":"有没有新传的学姐想知道新传怎么学","title":"有没有新传的学姐想知道新传怎么学","description":"no description yet","like_count":0,"comment_count":2,"view_count":127,"type":"post","tag":"not tag yet","imageList":"","content_source":null,"comments":[{"id":6654,"parent_id":1989,"type":1,"commentor":773,"gmtCreate":null,"gmtModified":null,"like_count":0,"content":"真的很想知道","anonymity":1,"any_name":"微积分","commentCount":null,"user":{"id":773,"name":"바보","avatar_url":"https://thirdwx.qlogo.cn/mmopen/vi_32/ibib6xictyJOE94mYiaD7UO4rO6XSuQ1yib9DiccCiamhAjKjaez8kNJibqftVPBKO588aVP8ad6ZsIgwfoOH5BGx12Elg/132"},"isCommentLike":-5,"dislike_count":0},{"id":6661,"parent_id":1989,"type":1,"commentor":1072,"gmtCreate":null,"gmtModified":null,"like_count":0,"content":"有pre的好好准备pre，要考试的认真看slides","anonymity":1,"any_name":"皮卡丘","commentCount":null,"user":{"id":1072,"name":"kcxsx","avatar_url":"http://test01-20200725.oss-cn-shenzhen.aliyuncs.com/image/1648338663336.jpg?Expires=1963698657&OSSAccessKeyId=LTAI4G5RL7pjavqASCwc42kR&Signature=pihtsdm5sr9J5YepGCfXHuq2fWg%3D"},"isCommentLike":-5,"dislike_count":0}],"any_name":"四川麻辣烫","relation":-2,"liked":-4,"anonymity":1,"dislike_count":0}