{"id":19900,"author":null,"author_avatar_url":null,"author_id":212,"author_status":1,"gmt_create":1651162604045,"gmt_modified":1651162604045,"content":"求助！\n“hh”一般来说是什么意思哇\n是嘿嘿还是哈哈还是呵呵…\n有好几个不是很熟的人和我聊天时总发“hh”我又不好意思直接问，结合语境的话，三个意思经常还都能带入\n弄得我不知道回复啥","title":"求助！\n“hh”一般来说是什么意思哇\n是嘿嘿还是哈哈还是呵呵…\n有好几个不是很熟的人和我聊天时总发“hh”我又不好意思直接问，结合语境的话，三个意思经常还都能带入\n弄得我","description":"no description yet","like_count":0,"comment_count":7,"view_count":188,"type":"post","tag":"not tag yet","imageList":"","content_source":null,"comments":[{"id":75116,"parent_id":19900,"type":1,"commentor":725,"gmtCreate":null,"gmtModified":null,"like_count":1,"content":"就是那种有点好笑但不是很好笑","anonymity":1,"any_name":"微积分","commentCount":null,"user":{"id":725,"name":"修正带还是修正液","avatar_url":"https://thirdwx.qlogo.cn/mmopen/vi_32/SCBpWZw1RbabyOtzf1kQ5BkgnaLibFIYHZYLkONIzWVBCqhicEyZmRxsjLnRvIHt8DiacWy8FxoJib3a5qFocwPicbg/132"},"isCommentLike":-5,"dislike_count":0},{"id":75113,"parent_id":19900,"type":1,"commentor":4969,"gmtCreate":null,"gmtModified":null,"like_count":0,"content":"哈哈","anonymity":1,"any_name":"Redis设计与实现","commentCount":null,"user":{"id":4969,"name":"沸羊羊我讨厌你","avatar_url":"http://test01-20200725.oss-cn-shenzhen.aliyuncs.com/image/1649230332091.jpg?Expires=1964590327&OSSAccessKeyId=LTAI4G5RL7pjavqASCwc42kR&Signature=ooj7WupWnf%2F4h7S1MMPw5FyepE0%3D"},"isCommentLike":-5,"dislike_count":0},{"id":75117,"parent_id":19900,"type":1,"commentor":6933,"gmtCreate":null,"gmtModified":null,"like_count":0,"content":"你也回复hh呀，别人就会理解它所表达出来的理解啦\uD83D\uDE01","anonymity":1,"any_name":"拉面小路","commentCount":null,"user":{"id":6933,"name":"只是个小孩","avatar_url":"http://test01-20200725.oss-cn-shenzhen.aliyuncs.com/image/1654520328967.jpg?Expires=1969880326&OSSAccessKeyId=LTAI4G5RL7pjavqASCwc42kR&Signature=Int9SGjhhR5uwyIdZnGz3ob%2Bv2w%3D"},"isCommentLike":-5,"dislike_count":0},{"id":75121,"parent_id":19900,"type":1,"commentor":657,"gmtCreate":null,"gmtModified":null,"like_count":0,"content":"哈哈","anonymity":1,"any_name":"咖哩鱼蛋","commentCount":null,"user":{"id":657,"name":"\uD83C\uDF4B","avatar_url":"https://thirdwx.qlogo.cn/mmopen/vi_32/NjmReVxBMgO9crVBhSnib28yf1YSf3ex4eriba7SkiaXmEYegYczicwAOp7OibeCdqKsicQPN2u5sh8qiacNbZ35uGjGw/132"},"isCommentLike":-5,"dislike_count":0},{"id":75127,"parent_id":19900,"type":1,"commentor":681,"gmtCreate":null,"gmtModified":null,"like_count":0,"content":"就是哈哈哈 hhh打起来方便我就爱打","anonymity":0,"any_name":null,"commentCount":null,"user":{"id":681,"name":"南京脑科医院呸主任","avatar_url":"http://test01-20200725.oss-cn-shenzhen.aliyuncs.com/image/1661102216736.jpg?Expires=1976462214&OSSAccessKeyId=LTAI4G5RL7pjavqASCwc42kR&Signature=23iIb49A4NaaWymi6TGSZcnplkQ%3D"},"isCommentLike":-5,"dislike_count":0},{"id":75130,"parent_id":19900,"type":1,"commentor":1164,"gmtCreate":null,"gmtModified":null,"like_count":0,"content":"其实是嗨害","anonymity":0,"any_name":null,"commentCount":null,"user":{"id":1164,"name":"秦志远","avatar_url":"http://test01-20200725.oss-cn-shenzhen.aliyuncs.com/image/1663173791451.jpg?Expires=1978533787&OSSAccessKeyId=LTAI4G5RL7pjavqASCwc42kR&Signature=yvspJQ2abRRvN8CzkVxwwlk2TT0%3D"},"isCommentLike":-5,"dislike_count":0},{"id":75168,"parent_id":19900,"type":1,"commentor":504,"gmtCreate":null,"gmtModified":null,"like_count":0,"content":"hh就是hh啊好笑的意思","anonymity":0,"any_name":null,"commentCount":null,"user":{"id":504,"name":"maito","avatar_url":"https://thirdwx.qlogo.cn/mmopen/vi_32/ILBrJqNk3JEwZswoaDQ5RghfFWOf6PToUEUze5shr1icVFI7oT6TbcGUZuibdpictDibwicVUkKDiaT4FFgmwNN43yPQ/132"},"isCommentLike":-5,"dislike_count":0}],"any_name":"奥利奥","relation":-2,"liked":-4,"anonymity":1,"dislike_count":0}