{"id":19957,"author":null,"author_avatar_url":null,"author_id":2086,"author_status":1,"gmt_create":1651213903339,"gmt_modified":1651213903339,"content":"为什么我的wemust资讯看不到4.22以后的消息 连续几天这样了","title":"为什么我的wemust资讯看不到4.22以后的消息 连续几天这样了","description":"no description yet","like_count":0,"comment_count":4,"view_count":174,"type":"post","tag":"not tag yet","imageList":"","content_source":null,"comments":[{"id":75371,"parent_id":19957,"type":1,"commentor":992,"gmtCreate":null,"gmtModified":null,"like_count":0,"content":"我也是","anonymity":1,"any_name":"奥利奥","commentCount":null,"user":{"id":992,"name":"啵鸭","avatar_url":"http://test01-20200725.oss-cn-shenzhen.aliyuncs.com/image/1665479739137.jpg?Expires=1980839735&OSSAccessKeyId=LTAI4G5RL7pjavqASCwc42kR&Signature=%2BQTbVVGtv6dwA%2B12CUcF%2FquWUtA%3D"},"isCommentLike":-5,"dislike_count":0},{"id":75373,"parent_id":19957,"type":1,"commentor":1133,"gmtCreate":null,"gmtModified":null,"like_count":0,"content":"me2","anonymity":1,"any_name":"哥斯拉","commentCount":null,"user":{"id":1133,"name":"无事小神仙","avatar_url":"http://test01-20200725.oss-cn-shenzhen.aliyuncs.com/image/1666848003348.jpg?Expires=1982207995&OSSAccessKeyId=LTAI4G5RL7pjavqASCwc42kR&Signature=x51mAxQH5IM9JjWF9zcJntifllU%3D"},"isCommentLike":-5,"dislike_count":0},{"id":75375,"parent_id":19957,"type":1,"commentor":3444,"gmtCreate":null,"gmtModified":null,"like_count":0,"content":"长按然后强制更新","anonymity":0,"any_name":null,"commentCount":null,"user":{"id":3444,"name":"猪柳蛋汉堡","avatar_url":"http://test01-20200725.oss-cn-shenzhen.aliyuncs.com/image/1650069093745.jpg?Expires=1965429091&OSSAccessKeyId=LTAI4G5RL7pjavqASCwc42kR&Signature=x17x8ICLLgtVMKshbqMVrSdf4xA%3D"},"isCommentLike":-5,"dislike_count":0},{"id":75404,"parent_id":19957,"type":1,"commentor":1295,"gmtCreate":null,"gmtModified":null,"like_count":0,"content":"我也是 手机这样但是ipad看得到","anonymity":1,"any_name":"拱北吴彦祖","commentCount":null,"user":{"id":1295,"name":"U_637031633831","avatar_url":null},"isCommentLike":-5,"dislike_count":0}],"any_name":"哈士奇","relation":-2,"liked":-4,"anonymity":1,"dislike_count":0}