{"id":20010,"author":"和","author_avatar_url":"http://test01-20200725.oss-cn-shenzhen.aliyuncs.com/image/1631153037917.jpg?Expires=1946513033&OSSAccessKeyId=LTAI4G5RL7pjavqASCwc42kR&Signature=ySd5Qh4cyvb%2FyrBI8w3nFuAmR6Y%3D","author_id":676,"author_status":1,"gmt_create":1651238018274,"gmt_modified":1651238018274,"content":"五一飞行表演已就位了","title":"五一飞行表演已就位了","description":"no description yet","like_count":10,"comment_count":1,"view_count":68,"type":"post","tag":"not tag yet","imageList":"http://test01-20200725.oss-cn-shenzhen.aliyuncs.com/image/1651238000891.jpg?Expires=1966598005&OSSAccessKeyId=LTAI4G5RL7pjavqASCwc42kR&Signature=%2F5MqjYW9zwW8JMHUcfJegV22R04%3D","content_source":null,"comments":[{"id":75547,"parent_id":20010,"type":1,"commentor":1635,"gmtCreate":null,"gmtModified":null,"like_count":0,"content":"什么时候，在哪呀","anonymity":1,"any_name":"老板","commentCount":null,"user":{"id":1635,"name":"藿香正气\uD83D\uDC8A","avatar_url":"https://thirdwx.qlogo.cn/mmopen/vi_32/PpflfJKhVu4TC8IlTvfe1V7snh4jWibYrPaHd8vtzicREJNHIiarS9SFpr8nHK2jN8TlFZqUjd8ajibFD8urbU9ZGQ/132"},"isCommentLike":-5,"dislike_count":0}],"any_name":null,"relation":-2,"liked":-4,"anonymity":0,"dislike_count":0}