{"id":20102,"author":null,"author_avatar_url":null,"author_id":2034,"author_status":1,"gmt_create":1651308301885,"gmt_modified":1651308301885,"content":"最近真的很emo了 不知道是别人的问题还是我的问题 同专业班的舍友经过我介绍后认识了另一个朋友 现在他们玩的很好 于是我就被排除在外面了 特别是一起出去玩的时候被冷落忽视太可怕了\uD83D\uDE2D结果我和那个另一个朋友单独一起玩舍友还不高兴 \n我只是想要一起开开心心玩 被关注被分享生活…怎么会变成这个样子啊","title":"最近真的很emo了 不知道是别人的问题还是我的问题 同专业班的舍友经过我介绍后认识了另一个朋友 现在他们玩的很好 于是我就被排除在外面了 特别是一起出去玩的时候被冷落忽视","description":"no description yet","like_count":0,"comment_count":3,"view_count":165,"type":"post","tag":"not tag yet","imageList":"","content_source":null,"comments":[{"id":75933,"parent_id":20102,"type":1,"commentor":2034,"gmtCreate":null,"gmtModified":null,"like_count":1,"content":"有的时候真的很累 这样去小心翼翼维持关系","anonymity":1,"any_name":"哈士奇","commentCount":null,"user":{"id":2034,"name":"明天吃幼儿园午餐","avatar_url":"https://thirdwx.qlogo.cn/mmopen/vi_32/k8H4Z9WXU9btic7gEMibiaXQeu5d2sx8tsZ7PS63aebNgCzTiajDudPUIxfolhPzCsx482OeaaM01yPzKcGibJVZ6gw/132"},"isCommentLike":-5,"dislike_count":0},{"id":75948,"parent_id":20102,"type":1,"commentor":1471,"gmtCreate":null,"gmtModified":null,"like_count":0,"content":"曾经我有玩的好的两个人，我感觉我总被忽视或者有一些细节感到不舒服，我就远离了","anonymity":1,"any_name":"四川麻辣烫","commentCount":null,"user":{"id":1471,"name":"塔可","avatar_url":null},"isCommentLike":-5,"dislike_count":0},{"id":76028,"parent_id":20102,"type":1,"commentor":448,"gmtCreate":null,"gmtModified":null,"like_count":0,"content":"确实 不该的","anonymity":0,"any_name":null,"commentCount":null,"user":{"id":448,"name":"momo","avatar_url":"https://thirdwx.qlogo.cn/mmopen/vi_32/Q3auHgzwzM5ToRVGIMnggUeK6eniafIRKUrOicobX8bUV9aicJ3fFmrnmVx3AA5RE1cNic7ibLPUnSZpjWNI87zVMcw/132"},"isCommentLike":-5,"dislike_count":0}],"any_name":"哈士奇","relation":-2,"liked":-4,"anonymity":1,"dislike_count":0}