{"id":20143,"author":null,"author_avatar_url":null,"author_id":1471,"author_status":1,"gmt_create":1651328300721,"gmt_modified":1651328300721,"content":"请问一个你之前玩的挺好的人之后发现它是牛马烂人之后，你要把它删除，你会发一段信息骂它然后立马删除好友让它无法还嘴，还是就直接删除","title":"请问一个你之前玩的挺好的人之后发现它是牛马烂人之后，你要把它删除，你会发一段信息骂它然后立马删除好友让它无法还嘴，还是就直接删除","description":"no description yet","like_count":1,"comment_count":18,"view_count":262,"type":"post","tag":"not tag yet","imageList":"","content_source":null,"comments":[{"id":76109,"parent_id":20143,"type":1,"commentor":643,"gmtCreate":null,"gmtModified":null,"like_count":2,"content":"关于我把人删了然后她通过好友申请骂了我一顿然后拉黑我这件事\uD83E\uDD7A\uD83E\uDD7A\uD83E\uDD7A","anonymity":0,"any_name":null,"commentCount":null,"user":{"id":643,"name":"脾气超级差","avatar_url":"http://test01-20200725.oss-cn-shenzhen.aliyuncs.com/image/1658825259833.jpg?Expires=1974185254&OSSAccessKeyId=LTAI4G5RL7pjavqASCwc42kR&Signature=cVqDAV6c37qT%2FyCkpGnFEKtS3TU%3D"},"isCommentLike":-5,"dislike_count":0},{"id":76100,"parent_id":20143,"type":1,"commentor":6933,"gmtCreate":null,"gmtModified":null,"like_count":0,"content":"直接删吧，最好","anonymity":1,"any_name":"老板","commentCount":null,"user":{"id":6933,"name":"只是个小孩","avatar_url":"http://test01-20200725.oss-cn-shenzhen.aliyuncs.com/image/1654520328967.jpg?Expires=1969880326&OSSAccessKeyId=LTAI4G5RL7pjavqASCwc42kR&Signature=Int9SGjhhR5uwyIdZnGz3ob%2Bv2w%3D"},"isCommentLike":-5,"dislike_count":0},{"id":76101,"parent_id":20143,"type":1,"commentor":6933,"gmtCreate":null,"gmtModified":null,"like_count":0,"content":"好聚好散","anonymity":1,"any_name":"老板","commentCount":null,"user":{"id":6933,"name":"只是个小孩","avatar_url":"http://test01-20200725.oss-cn-shenzhen.aliyuncs.com/image/1654520328967.jpg?Expires=1969880326&OSSAccessKeyId=LTAI4G5RL7pjavqASCwc42kR&Signature=Int9SGjhhR5uwyIdZnGz3ob%2Bv2w%3D"},"isCommentLike":-5,"dislike_count":0},{"id":76106,"parent_id":20143,"type":1,"commentor":964,"gmtCreate":null,"gmtModified":null,"like_count":0,"content":"他怎么得罪你了","anonymity":1,"any_name":"芋圆奶茶","commentCount":null,"user":{"id":964,"name":"困得自杀","avatar_url":"http://test01-20200725.oss-cn-shenzhen.aliyuncs.com/image/1657803874292.jpg?Expires=1973163874&OSSAccessKeyId=LTAI4G5RL7pjavqASCwc42kR&Signature=0R83hIsv5NcTaMzXAw%2FoJaeKRSw%3D"},"isCommentLike":-5,"dislike_count":0},{"id":76120,"parent_id":20143,"type":1,"commentor":2120,"gmtCreate":null,"gmtModified":null,"like_count":0,"content":"就是说，可以骂完再删\uD83D\uDE0F\uD83D\uDE0F\uD83D\uDE0F彼此都知道","anonymity":1,"any_name":"和味牛杂","commentCount":null,"user":{"id":2120,"name":"加蟹小笼包","avatar_url":"http://test01-20200725.oss-cn-shenzhen.aliyuncs.com/image/1647943162040.jpg?Expires=1963303155&OSSAccessKeyId=LTAI4G5RL7pjavqASCwc42kR&Signature=zOd6gkhFk%2Bipbrl1pTEEu3%2FnSTI%3D"},"isCommentLike":-5,"dislike_count":0},{"id":76130,"parent_id":20143,"type":1,"commentor":404,"gmtCreate":null,"gmtModified":null,"like_count":0,"content":"不要为他浪费时间 直接删了","anonymity":1,"any_name":"亚古兽","commentCount":null,"user":{"id":404,"name":"今天几点睡","avatar_url":"http://test01-20200725.oss-cn-shenzhen.aliyuncs.com/image/1662742355253.jpg?Expires=1978102346&OSSAccessKeyId=LTAI4G5RL7pjavqASCwc42kR&Signature=qLC0mRwv34mgUsW2URH%2FdQ3lxXw%3D"},"isCommentLike":-5,"dislike_count":0},{"id":76139,"parent_id":20143,"type":1,"commentor":588,"gmtCreate":null,"gmtModified":null,"like_count":0,"content":"骂完再删 也没什么浪费时间的 骂人也是图自己爽","anonymity":1,"any_name":"葡挞","commentCount":null,"user":{"id":588,"name":"鬼泣五天下第一","avatar_url":"http://test01-20200725.oss-cn-shenzhen.aliyuncs.com/image/1631640727142.jpg?Expires=1947000725&OSSAccessKeyId=LTAI4G5RL7pjavqASCwc42kR&Signature=42JwoQ22vRulPr3FxeFUnneCgk4%3D"},"isCommentLike":-5,"dislike_count":0},{"id":76158,"parent_id":20143,"type":1,"commentor":3444,"gmtCreate":null,"gmtModified":null,"like_count":0,"content":"呃 好幼稚","anonymity":1,"any_name":"Kelly","commentCount":null,"user":{"id":3444,"name":"猪柳蛋汉堡","avatar_url":"http://test01-20200725.oss-cn-shenzhen.aliyuncs.com/image/1650069093745.jpg?Expires=1965429091&OSSAccessKeyId=LTAI4G5RL7pjavqASCwc42kR&Signature=x17x8ICLLgtVMKshbqMVrSdf4xA%3D"},"isCommentLike":-5,"dislike_count":0},{"id":76104,"parent_id":76100,"type":2,"commentor":1471,"gmtCreate":null,"gmtModified":null,"like_count":0,"content":"可是好想骂人……","anonymity":1,"any_name":"深海鳕鱼堡","commentCount":null,"user":{"id":1471,"name":"塔可","avatar_url":null},"isCommentLike":-5,"dislike_count":0},{"id":76105,"parent_id":76101,"type":2,"commentor":1471,"gmtCreate":null,"gmtModified":null,"like_count":0,"content":"不想再做好人了，做不到好聚好散\uD83E\uDD72","anonymity":1,"any_name":"深海鳕鱼堡","commentCount":null,"user":{"id":1471,"name":"塔可","avatar_url":null},"isCommentLike":-5,"dislike_count":0},{"id":76108,"parent_id":76106,"type":2,"commentor":1471,"gmtCreate":null,"gmtModified":null,"like_count":0,"content":"总之是个烂人就对了，交友不慎了\uD83D\uDE05","anonymity":1,"any_name":"深海鳕鱼堡","commentCount":null,"user":{"id":1471,"name":"塔可","avatar_url":null},"isCommentLike":-5,"dislike_count":0},{"id":76111,"parent_id":76109,"type":2,"commentor":1471,"gmtCreate":null,"gmtModified":null,"like_count":0,"content":"哈哈，那我还是把它骂一顿然后拉黑删除吧","anonymity":1,"any_name":"深海鳕鱼堡","commentCount":null,"user":{"id":1471,"name":"塔可","avatar_url":null},"isCommentLike":-5,"dislike_count":0},{"id":76112,"parent_id":76109,"type":2,"commentor":1471,"gmtCreate":null,"gmtModified":null,"like_count":0,"content":"这样对方无法还嘴你也爽了","anonymity":1,"any_name":"深海鳕鱼堡","commentCount":null,"user":{"id":1471,"name":"塔可","avatar_url":null},"isCommentLike":-5,"dislike_count":0},{"id":76115,"parent_id":76112,"type":2,"commentor":643,"gmtCreate":null,"gmtModified":null,"like_count":0,"content":"从我的惨痛经历中获得了秘籍是嘛\uD83E\uDD79\uD83E\uDD79","anonymity":0,"any_name":null,"commentCount":null,"user":{"id":643,"name":"脾气超级差","avatar_url":"http://test01-20200725.oss-cn-shenzhen.aliyuncs.com/image/1658825259833.jpg?Expires=1974185254&OSSAccessKeyId=LTAI4G5RL7pjavqASCwc42kR&Signature=cVqDAV6c37qT%2FyCkpGnFEKtS3TU%3D"},"isCommentLike":-5,"dislike_count":0},{"id":76231,"parent_id":76120,"type":2,"commentor":1471,"gmtCreate":null,"gmtModified":null,"like_count":0,"content":"哈哈可以","anonymity":1,"any_name":"深海鳕鱼堡","commentCount":null,"user":{"id":1471,"name":"塔可","avatar_url":null},"isCommentLike":-5,"dislike_count":0},{"id":76232,"parent_id":76130,"type":2,"commentor":1471,"gmtCreate":null,"gmtModified":null,"like_count":0,"content":"但是很不爽诶","anonymity":1,"any_name":"深海鳕鱼堡","commentCount":null,"user":{"id":1471,"name":"塔可","avatar_url":null},"isCommentLike":-5,"dislike_count":0},{"id":76233,"parent_id":76139,"type":2,"commentor":1471,"gmtCreate":null,"gmtModified":null,"like_count":0,"content":"正解","anonymity":1,"any_name":"深海鳕鱼堡","commentCount":null,"user":{"id":1471,"name":"塔可","avatar_url":null},"isCommentLike":-5,"dislike_count":0},{"id":76234,"parent_id":76158,"type":2,"commentor":1471,"gmtCreate":null,"gmtModified":null,"like_count":0,"content":"?","anonymity":1,"any_name":"深海鳕鱼堡","commentCount":null,"user":{"id":1471,"name":"塔可","avatar_url":null},"isCommentLike":-5,"dislike_count":0}],"any_name":"深海鳕鱼堡","relation":-2,"liked":-4,"anonymity":1,"dislike_count":0}