{"id":20155,"author":null,"author_avatar_url":null,"author_id":1090,"author_status":1,"gmt_create":1651333882222,"gmt_modified":1651333882222,"content":"你起码在每一句问完的话，后面说一句麻烦了，谢谢了，都不至于这么讨厌","title":"你起码在每一句问完的话，后面说一句麻烦了，谢谢了，都不至于这么讨厌","description":"no description yet","like_count":1,"comment_count":0,"view_count":7,"type":"post","tag":"not tag yet","imageList":"","content_source":null,"comments":null,"any_name":"摆烂到底","relation":-2,"liked":-4,"anonymity":1,"dislike_count":0}