{"id":20293,"author":null,"author_avatar_url":null,"author_id":1628,"author_status":1,"gmt_create":1651461328142,"gmt_modified":1651461328142,"content":"请问珠海学雅思有什么推荐的机构吗，价位咋样啊","title":"请问珠海学雅思有什么推荐的机构吗，价位咋样啊","description":"no description yet","like_count":0,"comment_count":2,"view_count":130,"type":"post","tag":"not tag yet","imageList":"","content_source":null,"comments":[{"id":76617,"parent_id":20293,"type":1,"commentor":6933,"gmtCreate":null,"gmtModified":null,"like_count":0,"content":"\uD83D\uDC42","anonymity":1,"any_name":"大潭山车队","commentCount":null,"user":{"id":6933,"name":"只是个小孩","avatar_url":"http://test01-20200725.oss-cn-shenzhen.aliyuncs.com/image/1654520328967.jpg?Expires=1969880326&OSSAccessKeyId=LTAI4G5RL7pjavqASCwc42kR&Signature=Int9SGjhhR5uwyIdZnGz3ob%2Bv2w%3D"},"isCommentLike":-5,"dislike_count":0},{"id":76623,"parent_id":20293,"type":1,"commentor":4173,"gmtCreate":null,"gmtModified":null,"like_count":0,"content":"横琴很坑","anonymity":0,"any_name":null,"commentCount":null,"user":{"id":4173,"name":"U_363901646371","avatar_url":null},"isCommentLike":-5,"dislike_count":0}],"any_name":"喷火龙","relation":-2,"liked":-4,"anonymity":1,"dislike_count":0}