{"id":20339,"author":null,"author_avatar_url":null,"author_id":1864,"author_status":1,"gmt_create":1651489863664,"gmt_modified":1651489863664,"content":"想问下英4 选话题要跟money有关系的  我选的是why the income has a positive relationship with happiness?这样可以吗？","title":"想问下英4 选话题要跟money有关系的  我选的是why the income has a positive relationship with happiness?这","description":"no description yet","like_count":0,"comment_count":2,"view_count":160,"type":"post","tag":"not tag yet","imageList":"","content_source":null,"comments":[{"id":76724,"parent_id":20339,"type":1,"commentor":4662,"gmtCreate":null,"gmtModified":null,"like_count":0,"content":"这你应该问你的老师，他觉得可以就可以，我当时就是问老师的","anonymity":0,"any_name":null,"commentCount":null,"user":{"id":4662,"name":"U_352451647171","avatar_url":"http://test01-20200725.oss-cn-shenzhen.aliyuncs.com/image/1650449041864.jpg?Expires=1965809058&OSSAccessKeyId=LTAI4G5RL7pjavqASCwc42kR&Signature=TIQdpvvrAExU3%2Fn8O20LBuVa5W4%3D"},"isCommentLike":-5,"dislike_count":0},{"id":76726,"parent_id":20339,"type":1,"commentor":1295,"gmtCreate":null,"gmtModified":null,"like_count":0,"content":"我个人觉得还不错，不过可以问问老师，我就是问了老师，还把自己的提纲给老师看了，老师帮我修改了一下","anonymity":1,"any_name":"Kelly","commentCount":null,"user":{"id":1295,"name":"U_637031633831","avatar_url":null},"isCommentLike":-5,"dislike_count":0}],"any_name":"内卷狂魔","relation":-2,"liked":-4,"anonymity":1,"dislike_count":0}