{"id":20381,"author":null,"author_avatar_url":null,"author_id":981,"author_status":1,"gmt_create":1651507889342,"gmt_modified":1651507889342,"content":"好像不改变自己就不会有人爱我，改变了我又是谁，我欢笑着回头张望，原来的那个我还是躲在角落，灰扑扑的，不被看见，不被爱着。","title":"好像不改变自己就不会有人爱我，改变了我又是谁，我欢笑着回头张望，原来的那个我还是躲在角落，灰扑扑的，不被看见，不被爱着。","description":"no description yet","like_count":2,"comment_count":2,"view_count":67,"type":"post","tag":"not tag yet","imageList":"","content_source":null,"comments":[{"id":76833,"parent_id":20381,"type":1,"commentor":5451,"gmtCreate":null,"gmtModified":null,"like_count":0,"content":"害总会有人偷偷躲在更小的角落爱着你的，加油吧","anonymity":1,"any_name":"珠海小天使","commentCount":null,"user":{"id":5451,"name":"U_638551648353","avatar_url":"http://test01-20200725.oss-cn-shenzhen.aliyuncs.com/image/1651421730012.jpg?Expires=1966781720&OSSAccessKeyId=LTAI4G5RL7pjavqASCwc42kR&Signature=iPDMvdA%2Ftajc8M7ASTHhNwhOVb0%3D"},"isCommentLike":-5,"dislike_count":0},{"id":76876,"parent_id":20381,"type":1,"commentor":1044,"gmtCreate":null,"gmtModified":null,"like_count":0,"content":"破防了 我和你一样的感觉","anonymity":1,"any_name":"微积分","commentCount":null,"user":{"id":1044,"name":"丸子","avatar_url":"http://test01-20200725.oss-cn-shenzhen.aliyuncs.com/image/1643939649574.jpg?Expires=1959299650&OSSAccessKeyId=LTAI4G5RL7pjavqASCwc42kR&Signature=LsC8yKMd1RfltOTI2L5bwLzDDoU%3D"},"isCommentLike":-5,"dislike_count":0}],"any_name":"Redis设计与实现","relation":-2,"liked":-4,"anonymity":1,"dislike_count":0}