{"id":20440,"author":null,"author_avatar_url":null,"author_id":2069,"author_status":1,"gmt_create":1651563519989,"gmt_modified":1651563519989,"content":"请问科大医院可以单独做血常规，尿常规，心电图吗","title":"请问科大医院可以单独做血常规，尿常规，心电图吗","description":"no description yet","like_count":0,"comment_count":5,"view_count":100,"type":"post","tag":"not tag yet","imageList":"","content_source":null,"comments":[{"id":77048,"parent_id":20440,"type":1,"commentor":635,"gmtCreate":null,"gmtModified":null,"like_count":0,"content":"前两个绝对可，之前入学体检的时候不都做过了吗？","anonymity":1,"any_name":"出前一丁","commentCount":null,"user":{"id":635,"name":"别理我，我比你牛逼","avatar_url":"http://test01-20200725.oss-cn-shenzhen.aliyuncs.com/image/1659496488044.gif?Expires=1974856478&OSSAccessKeyId=LTAI4G5RL7pjavqASCwc42kR&Signature=BDlc8M%2FBnAOuLIx8vfkdijTlje8%3D"},"isCommentLike":-5,"dislike_count":0},{"id":77065,"parent_id":20440,"type":1,"commentor":1751,"gmtCreate":null,"gmtModified":null,"like_count":0,"content":"可以","anonymity":0,"any_name":null,"commentCount":null,"user":{"id":1751,"name":"\uD83D\uDC1D\uD83D\uDC96\uD83D\uDD12\uD83D\uDC93","avatar_url":"http://test01-20200725.oss-cn-shenzhen.aliyuncs.com/image/1654747810230.jpg?Expires=1970107803&OSSAccessKeyId=LTAI4G5RL7pjavqASCwc42kR&Signature=KahWaPknZKH%2BMug469QddEs%2FSvI%3D"},"isCommentLike":-5,"dislike_count":0},{"id":77113,"parent_id":20440,"type":1,"commentor":6080,"gmtCreate":null,"gmtModified":null,"like_count":0,"content":"可以 之前晚上挂急诊 这些都有问题","anonymity":0,"any_name":null,"commentCount":null,"user":{"id":6080,"name":"myy","avatar_url":"http://test01-20200725.oss-cn-shenzhen.aliyuncs.com/image/1666268927147.jpg?Expires=1981628923&OSSAccessKeyId=LTAI4G5RL7pjavqASCwc42kR&Signature=W6D0%2FE0iCEwQlVvncfBbUsYLHCQ%3D"},"isCommentLike":-5,"dislike_count":0},{"id":77058,"parent_id":77048,"type":2,"commentor":2069,"gmtCreate":null,"gmtModified":null,"like_count":0,"content":"好的谢谢","anonymity":1,"any_name":"六级词汇","commentCount":null,"user":{"id":2069,"name":"山雨欲来风满楼","avatar_url":"http://test01-20200725.oss-cn-shenzhen.aliyuncs.com/image/1648293673418.jpg?Expires=1963653674&OSSAccessKeyId=LTAI4G5RL7pjavqASCwc42kR&Signature=f2gsinBAF%2Bew9E70lGkY6Ys3UaE%3D"},"isCommentLike":-5,"dislike_count":0},{"id":77071,"parent_id":77065,"type":2,"commentor":2069,"gmtCreate":null,"gmtModified":null,"like_count":0,"content":"好的谢谢","anonymity":1,"any_name":"六级词汇","commentCount":null,"user":{"id":2069,"name":"山雨欲来风满楼","avatar_url":"http://test01-20200725.oss-cn-shenzhen.aliyuncs.com/image/1648293673418.jpg?Expires=1963653674&OSSAccessKeyId=LTAI4G5RL7pjavqASCwc42kR&Signature=f2gsinBAF%2Bew9E70lGkY6Ys3UaE%3D"},"isCommentLike":-5,"dislike_count":0}],"any_name":"六级词汇","relation":-2,"liked":-4,"anonymity":1,"dislike_count":0}