{"id":20513,"author":null,"author_avatar_url":null,"author_id":873,"author_status":1,"gmt_create":1651595211177,"gmt_modified":1651595211177,"content":"每学期有规定最多只能修多少学分吗，还是说想修多少学分都可以","title":"每学期有规定最多只能修多少学分吗，还是说想修多少学分都可以","description":"no description yet","like_count":0,"comment_count":1,"view_count":158,"type":"post","tag":"not tag yet","imageList":"","content_source":null,"comments":[{"id":77346,"parent_id":20513,"type":1,"commentor":635,"gmtCreate":null,"gmtModified":null,"like_count":0,"content":"有规定，但是你可以多花钱加修","anonymity":1,"any_name":"出前一丁","commentCount":null,"user":{"id":635,"name":"别理我，我比你牛逼","avatar_url":"http://test01-20200725.oss-cn-shenzhen.aliyuncs.com/image/1659496488044.gif?Expires=1974856478&OSSAccessKeyId=LTAI4G5RL7pjavqASCwc42kR&Signature=BDlc8M%2FBnAOuLIx8vfkdijTlje8%3D"},"isCommentLike":-5,"dislike_count":0}],"any_name":"Tom","relation":-2,"liked":-4,"anonymity":1,"dislike_count":0}