{"id":20786,"author":null,"author_avatar_url":null,"author_id":1150,"author_status":1,"gmt_create":1651757863187,"gmt_modified":1651757863187,"content":"大二开始申请转学澳洲或者英国要从大一开始读吗","title":"大二开始申请转学澳洲或者英国要从大一开始读吗","description":"no description yet","like_count":0,"comment_count":11,"view_count":454,"type":"post","tag":"not tag yet","imageList":"","content_source":null,"comments":[{"id":78166,"parent_id":20786,"type":1,"commentor":2266,"gmtCreate":null,"gmtModified":null,"like_count":2,"content":"考虑下美国吧","anonymity":0,"any_name":null,"commentCount":null,"user":{"id":2266,"name":"圆周率","avatar_url":null},"isCommentLike":-5,"dislike_count":0},{"id":78157,"parent_id":20786,"type":1,"commentor":6080,"gmtCreate":null,"gmtModified":null,"like_count":0,"content":"看学分 不管去哪都是看带走了多少学分","anonymity":0,"any_name":null,"commentCount":null,"user":{"id":6080,"name":"myy","avatar_url":"http://test01-20200725.oss-cn-shenzhen.aliyuncs.com/image/1666268927147.jpg?Expires=1981628923&OSSAccessKeyId=LTAI4G5RL7pjavqASCwc42kR&Signature=W6D0%2FE0iCEwQlVvncfBbUsYLHCQ%3D"},"isCommentLike":-5,"dislike_count":0},{"id":78159,"parent_id":20786,"type":1,"commentor":1397,"gmtCreate":null,"gmtModified":null,"like_count":0,"content":"英国基本上都大一开始","anonymity":1,"any_name":"Kelly","commentCount":null,"user":{"id":1397,"name":"南加州的水果酒","avatar_url":"https://thirdwx.qlogo.cn/mmopen/vi_32/DyqPD7iaQcQWd3npX4BJyPQllyLwvvyrpbk7Du0yPVBgcI1Yaib03ribXLvib77YKtzmXKtn0BPAvx2d9AGcgr6Igg/132"},"isCommentLike":-5,"dislike_count":0},{"id":78169,"parent_id":78166,"type":2,"commentor":1150,"gmtCreate":null,"gmtModified":null,"like_count":0,"content":"美国不用吗","anonymity":1,"any_name":"Anton","commentCount":null,"user":{"id":1150,"name":"w","avatar_url":"https://thirdwx.qlogo.cn/mmopen/vi_32/csuyfGVLlQDFwrQY1v21eLhIZLhMcmqia0VybXibhRO8cRVx5zhsy6u20xhtOFncwOibDI81ecIRLhMHDfBibjvlhA/132"},"isCommentLike":-5,"dislike_count":0},{"id":78198,"parent_id":78157,"type":2,"commentor":1753,"gmtCreate":null,"gmtModified":null,"like_count":0,"content":"不，好学校是不认科大学分的","anonymity":1,"any_name":"水箭龟","commentCount":null,"user":{"id":1753,"name":"礼堂测码中心","avatar_url":"http://test01-20200725.oss-cn-shenzhen.aliyuncs.com/image/1664193891349.jpg?Expires=1979553887&OSSAccessKeyId=LTAI4G5RL7pjavqASCwc42kR&Signature=JQWDS%2F90raIRZKKisocdzF63wes%3D"},"isCommentLike":-5,"dislike_count":0},{"id":78208,"parent_id":78169,"type":2,"commentor":2266,"gmtCreate":null,"gmtModified":null,"like_count":0,"content":"是的，感兴趣可以和我交流，我是这样转的","anonymity":0,"any_name":null,"commentCount":null,"user":{"id":2266,"name":"圆周率","avatar_url":null},"isCommentLike":-5,"dislike_count":0},{"id":78211,"parent_id":78198,"type":2,"commentor":1147,"gmtCreate":null,"gmtModified":null,"like_count":0,"content":"那认啥啊","anonymity":1,"any_name":"Jerry","commentCount":null,"user":{"id":1147,"name":"皇上","avatar_url":"http://test01-20200725.oss-cn-shenzhen.aliyuncs.com/image/1666022149877.jpg?Expires=1981382148&OSSAccessKeyId=LTAI4G5RL7pjavqASCwc42kR&Signature=DZnibx8tOC%2FLMhZtq%2BSmnp39Dys%3D"},"isCommentLike":-5,"dislike_count":0},{"id":78212,"parent_id":78198,"type":2,"commentor":6080,"gmtCreate":null,"gmtModified":null,"like_count":0,"content":"认哦 认的少罢了","anonymity":0,"any_name":null,"commentCount":null,"user":{"id":6080,"name":"myy","avatar_url":"http://test01-20200725.oss-cn-shenzhen.aliyuncs.com/image/1666268927147.jpg?Expires=1981628923&OSSAccessKeyId=LTAI4G5RL7pjavqASCwc42kR&Signature=W6D0%2FE0iCEwQlVvncfBbUsYLHCQ%3D"},"isCommentLike":-5,"dislike_count":0},{"id":78417,"parent_id":78208,"type":2,"commentor":716,"gmtCreate":null,"gmtModified":null,"like_count":0,"content":"同学给你点赞啦，请问可以交流一下么谢谢！","anonymity":1,"any_name":"珠海小天使","commentCount":null,"user":{"id":716,"name":"ynoc","avatar_url":"http://test01-20200725.oss-cn-shenzhen.aliyuncs.com/image/1662291222771.jpg?Expires=1977651214&OSSAccessKeyId=LTAI4G5RL7pjavqASCwc42kR&Signature=f7fcpiSkaG9Ds967ij6mNDsTYPE%3D"},"isCommentLike":-5,"dislike_count":0},{"id":84200,"parent_id":78166,"type":2,"commentor":860,"gmtCreate":null,"gmtModified":null,"like_count":0,"content":"同学能跟你了解下情况吗，我也想转","anonymity":1,"any_name":"人生的智慧","commentCount":null,"user":{"id":860,"name":"阿白","avatar_url":"https://thirdwx.qlogo.cn/mmopen/vi_32/Q3auHgzwzM4MqpUoS1JKlPFImtysjVUYbb0H8xnGUtCjndV1ic50MXC42ncuc0fH75suc5oBC4IyEfmO6sEWibRQ/132"},"isCommentLike":-5,"dislike_count":0},{"id":84424,"parent_id":84200,"type":2,"commentor":2266,"gmtCreate":null,"gmtModified":null,"like_count":0,"content":"私我","anonymity":0,"any_name":null,"commentCount":null,"user":{"id":2266,"name":"圆周率","avatar_url":null},"isCommentLike":-5,"dislike_count":0}],"any_name":"Anton","relation":-2,"liked":-4,"anonymity":1,"dislike_count":0}