{"id":20840,"author":null,"author_avatar_url":null,"author_id":309,"author_status":1,"gmt_create":1651774839494,"gmt_modified":1651774839494,"content":"大家大二暑期的时候怎么找实习啊，感觉自己啥也不会，狠狠焦虑了","title":"大家大二暑期的时候怎么找实习啊，感觉自己啥也不会，狠狠焦虑了","description":"no description yet","like_count":1,"comment_count":3,"view_count":207,"type":"post","tag":"not tag yet","imageList":"","content_source":null,"comments":[{"id":78307,"parent_id":20840,"type":1,"commentor":271,"gmtCreate":null,"gmtModified":null,"like_count":0,"content":"\uD83D\uDE4B啥也不会不知道咋找实习➕1，蹲一波回答","anonymity":1,"any_name":"深海鳕鱼堡","commentCount":null,"user":{"id":271,"name":"那个鱼有这么大","avatar_url":"http://test01-20200725.oss-cn-shenzhen.aliyuncs.com/image/1640916700110.jpg?Expires=1956276695&OSSAccessKeyId=LTAI4G5RL7pjavqASCwc42kR&Signature=scskOi6IEXEQuCbpDhk64OHZ0I8%3D"},"isCommentLike":-5,"dislike_count":0},{"id":78310,"parent_id":20840,"type":1,"commentor":6933,"gmtCreate":null,"gmtModified":null,"like_count":0,"content":"我有大三之后才可以的实习，有需要的话评论","anonymity":1,"any_name":"老板","commentCount":null,"user":{"id":6933,"name":"只是个小孩","avatar_url":"http://test01-20200725.oss-cn-shenzhen.aliyuncs.com/image/1654520328967.jpg?Expires=1969880326&OSSAccessKeyId=LTAI4G5RL7pjavqASCwc42kR&Signature=Int9SGjhhR5uwyIdZnGz3ob%2Bv2w%3D"},"isCommentLike":-5,"dislike_count":0},{"id":78383,"parent_id":78310,"type":2,"commentor":3564,"gmtCreate":null,"gmtModified":null,"like_count":0,"content":"dd","anonymity":0,"any_name":null,"commentCount":null,"user":{"id":3564,"name":"U_331151645277","avatar_url":null},"isCommentLike":-5,"dislike_count":0}],"any_name":"哈士奇","relation":-2,"liked":-4,"anonymity":1,"dislike_count":0}