{"id":20856,"author":null,"author_avatar_url":null,"author_id":6855,"author_status":1,"gmt_create":1651778997315,"gmt_modified":1651778997315,"content":"jrm 跨学院解刨及生物学还有位置吗","title":"jrm 跨学院解刨及生物学还有位置吗","description":"no description yet","like_count":0,"comment_count":2,"view_count":87,"type":"post","tag":"not tag yet","imageList":"","content_source":null,"comments":[{"id":78369,"parent_id":20856,"type":1,"commentor":1922,"gmtCreate":null,"gmtModified":null,"like_count":0,"content":"人家叫解剖生理学..","anonymity":1,"any_name":"大潭山车队","commentCount":null,"user":{"id":1922,"name":"Karina","avatar_url":"http://test01-20200725.oss-cn-shenzhen.aliyuncs.com/image/1646718623272.jpg?Expires=1962078620&OSSAccessKeyId=LTAI4G5RL7pjavqASCwc42kR&Signature=NWv3wbaWhj2wWDP5lExeJqhJMvM%3D"},"isCommentLike":-5,"dislike_count":0},{"id":78428,"parent_id":20856,"type":1,"commentor":1451,"gmtCreate":null,"gmtModified":null,"like_count":0,"content":"哈哈哈哈哈哈解刨","anonymity":1,"any_name":"允指原味鸡","commentCount":null,"user":{"id":1451,"name":"嘿\uD83C\uDE51️","avatar_url":"http://test01-20200725.oss-cn-shenzhen.aliyuncs.com/image/1656346717487.gif?Expires=1971706745&OSSAccessKeyId=LTAI4G5RL7pjavqASCwc42kR&Signature=%2FNnQl70m9ws2SDcg1yGogtguiiw%3D"},"isCommentLike":-5,"dislike_count":0}],"any_name":"拱北快递员","relation":-2,"liked":-4,"anonymity":1,"dislike_count":0}