{"id":20913,"author":null,"author_avatar_url":null,"author_id":5024,"author_status":1,"gmt_create":1651816254503,"gmt_modified":1651816254503,"content":"怎么让内地的同学帮抢呀，我们的系统内地可以登录吗","title":"怎么让内地的同学帮抢呀，我们的系统内地可以登录吗","description":"no description yet","like_count":0,"comment_count":4,"view_count":188,"type":"post","tag":"not tag yet","imageList":"","content_source":null,"comments":[{"id":78536,"parent_id":20913,"type":1,"commentor":1747,"gmtCreate":null,"gmtModified":null,"like_count":1,"content":"大一在内地四十分钟登上去，昨天在内地抢课一点半都还没登上去真的很玄学","anonymity":1,"any_name":"Jerry","commentCount":null,"user":{"id":1747,"name":"U_271721637123","avatar_url":null},"isCommentLike":-5,"dislike_count":0},{"id":78495,"parent_id":20913,"type":1,"commentor":6933,"gmtCreate":null,"gmtModified":null,"like_count":0,"content":"不如在珠海抢","anonymity":1,"any_name":"拱北快递员","commentCount":null,"user":{"id":6933,"name":"只是个小孩","avatar_url":"http://test01-20200725.oss-cn-shenzhen.aliyuncs.com/image/1654520328967.jpg?Expires=1969880326&OSSAccessKeyId=LTAI4G5RL7pjavqASCwc42kR&Signature=Int9SGjhhR5uwyIdZnGz3ob%2Bv2w%3D"},"isCommentLike":-5,"dislike_count":0},{"id":78510,"parent_id":20913,"type":1,"commentor":366,"gmtCreate":null,"gmtModified":null,"like_count":0,"content":"可以 但是都一样","anonymity":1,"any_name":"六级词汇","commentCount":null,"user":{"id":366,"name":"和美女貼貼","avatar_url":"http://test01-20200725.oss-cn-shenzhen.aliyuncs.com/image/1663142907319.jpg?Expires=1978502904&OSSAccessKeyId=LTAI4G5RL7pjavqASCwc42kR&Signature=1JLyARGxgfYdi61y0XPh%2BQZidcE%3D"},"isCommentLike":-5,"dislike_count":0},{"id":78511,"parent_id":78510,"type":2,"commentor":366,"gmtCreate":null,"gmtModified":null,"like_count":0,"content":"还是靠玄学","anonymity":1,"any_name":"六级词汇","commentCount":null,"user":{"id":366,"name":"和美女貼貼","avatar_url":"http://test01-20200725.oss-cn-shenzhen.aliyuncs.com/image/1663142907319.jpg?Expires=1978502904&OSSAccessKeyId=LTAI4G5RL7pjavqASCwc42kR&Signature=1JLyARGxgfYdi61y0XPh%2BQZidcE%3D"},"isCommentLike":-5,"dislike_count":0}],"any_name":"四川麻辣烫","relation":-2,"liked":-4,"anonymity":1,"dislike_count":0}