{"id":21085,"author":null,"author_avatar_url":null,"author_id":842,"author_status":1,"gmt_create":1651923411572,"gmt_modified":1651923411572,"content":"高貴的順直人健全b，每一個性少數人的不幸都有你們的一份力","title":"高貴的順直人健全b，每一個性少數人的不幸都有你們的一份力","description":"no description yet","like_count":2,"comment_count":29,"view_count":323,"type":"post","tag":"not tag yet","imageList":"http://test01-20200725.oss-cn-shenzhen.aliyuncs.com/image/1651923345483.jpg?Expires=1967283338&OSSAccessKeyId=LTAI4G5RL7pjavqASCwc42kR&Signature=ttUusFZTYrT3wBJGaIr3QAncT20%3D;http://test01-20200725.oss-cn-shenzhen.aliyuncs.com/image/1651923341879.jpg?Expires=1967283338&OSSAccessKeyId=LTAI4G5RL7pjavqASCwc42kR&Signature=b7dYt6UzqNCWMx8MsHYifQfial0%3D;http://test01-20200725.oss-cn-shenzhen.aliyuncs.com/image/1651923339026.jpg?Expires=1967283338&OSSAccessKeyId=LTAI4G5RL7pjavqASCwc42kR&Signature=JHngRngNZgQC3pgbXfM7OtrGGGE%3D","content_source":null,"comments":[{"id":79174,"parent_id":21085,"type":1,"commentor":643,"gmtCreate":null,"gmtModified":null,"like_count":5,"content":"同样，我认为你也没有可以代表性少数群体的能力，这点你应该不会否认。我相信大部分同学都是支持同性恋的，因为我们的观念已经放开了。然而现在的确还有人抗拒。","anonymity":1,"any_name":"三鲜水饺","commentCount":null,"user":{"id":643,"name":"脾气超级差","avatar_url":"http://test01-20200725.oss-cn-shenzhen.aliyuncs.com/image/1658825259833.jpg?Expires=1974185254&OSSAccessKeyId=LTAI4G5RL7pjavqASCwc42kR&Signature=cVqDAV6c37qT%2FyCkpGnFEKtS3TU%3D"},"isCommentLike":-5,"dislike_count":0},{"id":79152,"parent_id":21085,"type":1,"commentor":310,"gmtCreate":null,"gmtModified":null,"like_count":2,"content":"断章取义截取部分，属于是BBC的好活了","anonymity":1,"any_name":"沊仔刘亦菲","commentCount":null,"user":{"id":310,"name":"momo","avatar_url":"https://thirdwx.qlogo.cn/mmopen/vi_32/Q3auHgzwzM41p6OicT6aadKXqffRm2f6eOsgxDjFy2ZaebAjoJwHRuic6ic4qOKALzFvlratJLlvZNccDnQgbyWLg/132"},"isCommentLike":-5,"dislike_count":0},{"id":79158,"parent_id":21085,"type":1,"commentor":693,"gmtCreate":null,"gmtModified":null,"like_count":2,"content":"人不行怪路不平","anonymity":1,"any_name":"拱北吴彦祖","commentCount":null,"user":{"id":693,"name":"复 习 不 完 了","avatar_url":"https://thirdwx.qlogo.cn/mmopen/vi_32/DKaaFjYaLuot756YU7Wtj0uORNNfHbyvgrvEdgvtswibBYZqYCWOjd6gHLby6zbrQv0mWy8xQegk8EGCmbI1OlQ/132"},"isCommentLike":-5,"dislike_count":0},{"id":79167,"parent_id":21085,"type":1,"commentor":643,"gmtCreate":null,"gmtModified":null,"like_count":2,"content":"我不太能理解你。当然你也可以说这是因为我不是性少数群体。你一开始把一个性少数者的死亡归咎到这个国家，说我们没有同性恋。那么你是没有看到也有同性恋情侣大大方方受到祝福吗。","anonymity":1,"any_name":"GRE精选","commentCount":null,"user":{"id":643,"name":"脾气超级差","avatar_url":"http://test01-20200725.oss-cn-shenzhen.aliyuncs.com/image/1658825259833.jpg?Expires=1974185254&OSSAccessKeyId=LTAI4G5RL7pjavqASCwc42kR&Signature=cVqDAV6c37qT%2FyCkpGnFEKtS3TU%3D"},"isCommentLike":-5,"dislike_count":0},{"id":79184,"parent_id":21085,"type":1,"commentor":643,"gmtCreate":null,"gmtModified":null,"like_count":1,"content":"还是我，还是大道理。每天有太多人死去了，被校园霸凌，被强奸，被殴打，被欺骗，绝望，失望，歇斯底里。一个人的死亡，可大可小，但绝不是说这个国家的问题。","anonymity":1,"any_name":"哥斯拉","commentCount":null,"user":{"id":643,"name":"脾气超级差","avatar_url":"http://test01-20200725.oss-cn-shenzhen.aliyuncs.com/image/1658825259833.jpg?Expires=1974185254&OSSAccessKeyId=LTAI4G5RL7pjavqASCwc42kR&Signature=cVqDAV6c37qT%2FyCkpGnFEKtS3TU%3D"},"isCommentLike":-5,"dislike_count":0},{"id":79149,"parent_id":21085,"type":1,"commentor":842,"gmtCreate":null,"gmtModified":null,"like_count":0,"content":"沒有地圖炮，不是說所有的順直人和健全人，僅針對自以為高貴的順直人和健全b","anonymity":1,"any_name":"内卷狂魔","commentCount":null,"user":{"id":842,"name":"\uD83C\uDF80","avatar_url":"https://thirdwx.qlogo.cn/mmopen/vi_32/QBySItkygOaT4rVgFnKTjib8ouuTKSEl52qoPReYJHq4YzVibqsGIBYRfCGsYDeGH0BJlnIEWGMoiaEA7mq3qFVxw/132"},"isCommentLike":-5,"dislike_count":0},{"id":79172,"parent_id":21085,"type":1,"commentor":643,"gmtCreate":null,"gmtModified":null,"like_count":0,"content":"当然有些人说你蹭热度，我觉得没必要。这是他们的错。但是我认为现在的情况的确不适合彻底放开同性恋群体的曝光，具体可以看看一些小学生的教育问题——他们疯狂迷恋同性恋文学。","anonymity":1,"any_name":"多喝热水","commentCount":null,"user":{"id":643,"name":"脾气超级差","avatar_url":"http://test01-20200725.oss-cn-shenzhen.aliyuncs.com/image/1658825259833.jpg?Expires=1974185254&OSSAccessKeyId=LTAI4G5RL7pjavqASCwc42kR&Signature=cVqDAV6c37qT%2FyCkpGnFEKtS3TU%3D"},"isCommentLike":-5,"dislike_count":0},{"id":79177,"parent_id":21085,"type":1,"commentor":643,"gmtCreate":null,"gmtModified":null,"like_count":0,"content":"没有哪一种人是高贵的，也不必万事都上升到一群人，一个集体。现在的现象就是很多人被迫闭嘴很多事不被曝光。不如看看这些404。","anonymity":1,"any_name":"亚古兽","commentCount":null,"user":{"id":643,"name":"脾气超级差","avatar_url":"http://test01-20200725.oss-cn-shenzhen.aliyuncs.com/image/1658825259833.jpg?Expires=1974185254&OSSAccessKeyId=LTAI4G5RL7pjavqASCwc42kR&Signature=cVqDAV6c37qT%2FyCkpGnFEKtS3TU%3D"},"isCommentLike":-5,"dislike_count":0},{"id":79182,"parent_id":21085,"type":1,"commentor":643,"gmtCreate":null,"gmtModified":null,"like_count":0,"content":"以上几条大道理都是我一个人，不知道怎么做到的一下子就换一个名字。","anonymity":1,"any_name":"摆烂到底","commentCount":null,"user":{"id":643,"name":"脾气超级差","avatar_url":"http://test01-20200725.oss-cn-shenzhen.aliyuncs.com/image/1658825259833.jpg?Expires=1974185254&OSSAccessKeyId=LTAI4G5RL7pjavqASCwc42kR&Signature=cVqDAV6c37qT%2FyCkpGnFEKtS3TU%3D"},"isCommentLike":-5,"dislike_count":0},{"id":79367,"parent_id":21085,"type":1,"commentor":1656,"gmtCreate":null,"gmtModified":null,"like_count":0,"content":"只知道老友记b站版本把同性恋内容删掉了","anonymity":1,"any_name":"皮卡丘","commentCount":null,"user":{"id":1656,"name":"10001","avatar_url":"http://test01-20200725.oss-cn-shenzhen.aliyuncs.com/image/1636377423305.jpg?Expires=1951737419&OSSAccessKeyId=LTAI4G5RL7pjavqASCwc42kR&Signature=DPXbU%2BU%2B3BOjloGo8U70Wn0RL34%3D"},"isCommentLike":-5,"dislike_count":0},{"id":79155,"parent_id":79152,"type":2,"commentor":842,"gmtCreate":null,"gmtModified":null,"like_count":0,"content":"寶寶看下原帖\uD83E\uDD2B看完之後你要還說我斷章取義的話我覺得你強詞奪理了","anonymity":1,"any_name":"内卷狂魔","commentCount":null,"user":{"id":842,"name":"\uD83C\uDF80","avatar_url":"https://thirdwx.qlogo.cn/mmopen/vi_32/QBySItkygOaT4rVgFnKTjib8ouuTKSEl52qoPReYJHq4YzVibqsGIBYRfCGsYDeGH0BJlnIEWGMoiaEA7mq3qFVxw/132"},"isCommentLike":-5,"dislike_count":0},{"id":79170,"parent_id":79158,"type":2,"commentor":842,"gmtCreate":null,"gmtModified":null,"like_count":0,"content":"是嘛，原來性少數群體在你眼裡是人不行\uD83E\uDD2B","anonymity":1,"any_name":"内卷狂魔","commentCount":null,"user":{"id":842,"name":"\uD83C\uDF80","avatar_url":"https://thirdwx.qlogo.cn/mmopen/vi_32/QBySItkygOaT4rVgFnKTjib8ouuTKSEl52qoPReYJHq4YzVibqsGIBYRfCGsYDeGH0BJlnIEWGMoiaEA7mq3qFVxw/132"},"isCommentLike":-5,"dislike_count":0},{"id":79171,"parent_id":79155,"type":2,"commentor":310,"gmtCreate":null,"gmtModified":null,"like_count":0,"content":"那你干嘛不直接截原贴还要我自己翻呢？高贵的性少数群体?需要我给你支教?","anonymity":1,"any_name":"沊仔刘亦菲","commentCount":null,"user":{"id":310,"name":"momo","avatar_url":"https://thirdwx.qlogo.cn/mmopen/vi_32/Q3auHgzwzM41p6OicT6aadKXqffRm2f6eOsgxDjFy2ZaebAjoJwHRuic6ic4qOKALzFvlratJLlvZNccDnQgbyWLg/132"},"isCommentLike":-5,"dislike_count":0},{"id":79176,"parent_id":79170,"type":2,"commentor":693,"gmtCreate":null,"gmtModified":null,"like_count":0,"content":"自己去不争取只会叽叽歪歪的你果然很行\uD83C\uDF39","anonymity":1,"any_name":"鸡蛋仔","commentCount":null,"user":{"id":693,"name":"复 习 不 完 了","avatar_url":"https://thirdwx.qlogo.cn/mmopen/vi_32/DKaaFjYaLuot756YU7Wtj0uORNNfHbyvgrvEdgvtswibBYZqYCWOjd6gHLby6zbrQv0mWy8xQegk8EGCmbI1OlQ/132"},"isCommentLike":-5,"dislike_count":0},{"id":79183,"parent_id":79171,"type":2,"commentor":842,"gmtCreate":null,"gmtModified":null,"like_count":0,"content":"哎呀是你呀，換了個皮我沒看出來，高貴的健全b順直人，失敬失敬","anonymity":1,"any_name":"内卷狂魔","commentCount":null,"user":{"id":842,"name":"\uD83C\uDF80","avatar_url":"https://thirdwx.qlogo.cn/mmopen/vi_32/QBySItkygOaT4rVgFnKTjib8ouuTKSEl52qoPReYJHq4YzVibqsGIBYRfCGsYDeGH0BJlnIEWGMoiaEA7mq3qFVxw/132"},"isCommentLike":-5,"dislike_count":0},{"id":79190,"parent_id":79183,"type":2,"commentor":310,"gmtCreate":null,"gmtModified":null,"like_count":0,"content":"彼此彼此，其人之道还治其人之身而已\uD83D\uDE04","anonymity":1,"any_name":"沊仔刘亦菲","commentCount":null,"user":{"id":310,"name":"momo","avatar_url":"https://thirdwx.qlogo.cn/mmopen/vi_32/Q3auHgzwzM41p6OicT6aadKXqffRm2f6eOsgxDjFy2ZaebAjoJwHRuic6ic4qOKALzFvlratJLlvZNccDnQgbyWLg/132"},"isCommentLike":-5,"dislike_count":0},{"id":79191,"parent_id":79167,"type":2,"commentor":842,"gmtCreate":null,"gmtModified":null,"like_count":0,"content":"你認為我歸咎於這個國家可能是因為我一開始那條帖子沒有貼上原博，原博的情況是死者表明自己是同性戀的告別視頻被禁轉，在媒體通報時\"我是gay\"這一行字被打上馬賽克。以目前性少數群體的處境來看真正可以收到祝福的人是少之又少的，大部分人都像這樣被禁轉，被捂嘴，大環境如此。","anonymity":1,"any_name":"内卷狂魔","commentCount":null,"user":{"id":842,"name":"\uD83C\uDF80","avatar_url":"https://thirdwx.qlogo.cn/mmopen/vi_32/QBySItkygOaT4rVgFnKTjib8ouuTKSEl52qoPReYJHq4YzVibqsGIBYRfCGsYDeGH0BJlnIEWGMoiaEA7mq3qFVxw/132"},"isCommentLike":-5,"dislike_count":0},{"id":79193,"parent_id":79176,"type":2,"commentor":842,"gmtCreate":null,"gmtModified":null,"like_count":0,"content":"我知道我很行，謝謝你啊還知道誇我，看來不是一無是處\uD83E\uDD19","anonymity":1,"any_name":"内卷狂魔","commentCount":null,"user":{"id":842,"name":"\uD83C\uDF80","avatar_url":"https://thirdwx.qlogo.cn/mmopen/vi_32/QBySItkygOaT4rVgFnKTjib8ouuTKSEl52qoPReYJHq4YzVibqsGIBYRfCGsYDeGH0BJlnIEWGMoiaEA7mq3qFVxw/132"},"isCommentLike":-5,"dislike_count":0},{"id":79194,"parent_id":79191,"type":2,"commentor":643,"gmtCreate":null,"gmtModified":null,"like_count":0,"content":"事实上类似的有太多了，有太多人被捂嘴了，不只是性少数群体。有人有勇气站出来，有人决定过自己的生活。他们都是性少数群体。一个性少数者的幸福不在于这个国家有没有不让他在公众场合说他是不是同性恋。","anonymity":1,"any_name":"深海鳕鱼堡","commentCount":null,"user":{"id":643,"name":"脾气超级差","avatar_url":"http://test01-20200725.oss-cn-shenzhen.aliyuncs.com/image/1658825259833.jpg?Expires=1974185254&OSSAccessKeyId=LTAI4G5RL7pjavqASCwc42kR&Signature=cVqDAV6c37qT%2FyCkpGnFEKtS3TU%3D"},"isCommentLike":-5,"dislike_count":0},{"id":79195,"parent_id":79191,"type":2,"commentor":643,"gmtCreate":null,"gmtModified":null,"like_count":0,"content":"我想我只能归咎于他身边的人，他的家人他的朋友没有支持他。","anonymity":1,"any_name":"深海鳕鱼堡","commentCount":null,"user":{"id":643,"name":"脾气超级差","avatar_url":"http://test01-20200725.oss-cn-shenzhen.aliyuncs.com/image/1658825259833.jpg?Expires=1974185254&OSSAccessKeyId=LTAI4G5RL7pjavqASCwc42kR&Signature=cVqDAV6c37qT%2FyCkpGnFEKtS3TU%3D"},"isCommentLike":-5,"dislike_count":0},{"id":79198,"parent_id":79184,"type":2,"commentor":2139,"gmtCreate":null,"gmtModified":null,"like_count":0,"content":"有一说一这里边有些事件确实可以归因于公权力，但也不能全都赖在暴力机关身上，要分清楚故意与过错，还要考虑复杂的社会因素。出什么事不讲具体的原因、不看问题的本质，轻飘飘的一句“你国不行”实在太唯心了。","anonymity":0,"any_name":null,"commentCount":null,"user":{"id":2139,"name":"胜利牌杜松子酒","avatar_url":"http://test01-20200725.oss-cn-shenzhen.aliyuncs.com/image/1664416004324.jpg?Expires=1979775997&OSSAccessKeyId=LTAI4G5RL7pjavqASCwc42kR&Signature=Itcowd79GEjrEbvi36tlS2aDo6Q%3D"},"isCommentLike":-5,"dislike_count":0},{"id":79199,"parent_id":79195,"type":2,"commentor":842,"gmtCreate":null,"gmtModified":null,"like_count":0,"content":"，好吧，我也不知道怎麼和你說，你會這樣想也許是因為你不是性少數群體，不知道因為這樣的大環境導致絕大部分人活得多痛苦，當然我不是在指責你，不理解是正常的，你能認真看我說的我就很感謝了，謝謝你，祝你生活愉快","anonymity":1,"any_name":"内卷狂魔","commentCount":null,"user":{"id":842,"name":"\uD83C\uDF80","avatar_url":"https://thirdwx.qlogo.cn/mmopen/vi_32/QBySItkygOaT4rVgFnKTjib8ouuTKSEl52qoPReYJHq4YzVibqsGIBYRfCGsYDeGH0BJlnIEWGMoiaEA7mq3qFVxw/132"},"isCommentLike":-5,"dislike_count":0},{"id":79219,"parent_id":79198,"type":2,"commentor":643,"gmtCreate":null,"gmtModified":null,"like_count":0,"content":"我觉得这个世界真的很多不应该出现的，我也觉得这个国家很多问题，但是不能一棒子打死。","anonymity":1,"any_name":"深海鳕鱼堡","commentCount":null,"user":{"id":643,"name":"脾气超级差","avatar_url":"http://test01-20200725.oss-cn-shenzhen.aliyuncs.com/image/1658825259833.jpg?Expires=1974185254&OSSAccessKeyId=LTAI4G5RL7pjavqASCwc42kR&Signature=cVqDAV6c37qT%2FyCkpGnFEKtS3TU%3D"},"isCommentLike":-5,"dislike_count":0},{"id":79220,"parent_id":79198,"type":2,"commentor":643,"gmtCreate":null,"gmtModified":null,"like_count":0,"content":"或者说，这个地方很多问题，但是不妨碍我觉得他很好。","anonymity":1,"any_name":"深海鳕鱼堡","commentCount":null,"user":{"id":643,"name":"脾气超级差","avatar_url":"http://test01-20200725.oss-cn-shenzhen.aliyuncs.com/image/1658825259833.jpg?Expires=1974185254&OSSAccessKeyId=LTAI4G5RL7pjavqASCwc42kR&Signature=cVqDAV6c37qT%2FyCkpGnFEKtS3TU%3D"},"isCommentLike":-5,"dislike_count":0},{"id":79234,"parent_id":79220,"type":2,"commentor":2139,"gmtCreate":null,"gmtModified":null,"like_count":0,"content":"国家无所谓你去爱恨，它就是一台统治机器。对于国家的爱是有条件的，取决于谁在当家做主，但你必须要爱这个国家的人民，因为对于大多数人而言，脱离人民你什么都不是。因此，就算国家出了什么问题，你也要一直秉持一种对人民负责、相信群众能把事办好的态度，而不能直接自暴自弃，怪罪什么子虚乌有的“劣根性”。","anonymity":0,"any_name":null,"commentCount":null,"user":{"id":2139,"name":"胜利牌杜松子酒","avatar_url":"http://test01-20200725.oss-cn-shenzhen.aliyuncs.com/image/1664416004324.jpg?Expires=1979775997&OSSAccessKeyId=LTAI4G5RL7pjavqASCwc42kR&Signature=Itcowd79GEjrEbvi36tlS2aDo6Q%3D"},"isCommentLike":-5,"dislike_count":0},{"id":79249,"parent_id":79167,"type":2,"commentor":1972,"gmtCreate":null,"gmtModified":null,"like_count":0,"content":"我们生活在一个中国吗？不会是平行世界吧？我怎么从没看过官方对性少数群体有哪怕一丝的支持呢？喔，有一次China daily发在推特了，可在墙内该打压的还是打压，怎么还有两幅面孔呢。","anonymity":1,"any_name":"葡挞","commentCount":null,"user":{"id":1972,"name":"阿白","avatar_url":"https://thirdwx.qlogo.cn/mmopen/vi_32/Q3auHgzwzM5a2UxPy88fl8CtqmhLQRfUmcLbAbOZYOLECDeNCYKNeKlUBL7nicy6wV6FCgxcawgy8HGXpSvvdOw/132"},"isCommentLike":-5,"dislike_count":0},{"id":79274,"parent_id":79249,"type":2,"commentor":643,"gmtCreate":null,"gmtModified":null,"like_count":0,"content":"的确没有支持啊，我也没有说有支持吧……？","anonymity":1,"any_name":"深海鳕鱼堡","commentCount":null,"user":{"id":643,"name":"脾气超级差","avatar_url":"http://test01-20200725.oss-cn-shenzhen.aliyuncs.com/image/1658825259833.jpg?Expires=1974185254&OSSAccessKeyId=LTAI4G5RL7pjavqASCwc42kR&Signature=cVqDAV6c37qT%2FyCkpGnFEKtS3TU%3D"},"isCommentLike":-5,"dislike_count":0},{"id":79275,"parent_id":79234,"type":2,"commentor":643,"gmtCreate":null,"gmtModified":null,"like_count":0,"content":"你说的好对好厉害，我属于和你想法一样但是我感觉你说的好高级。就是我觉得他有问题，他努力改正就好，不要摆烂。","anonymity":1,"any_name":"深海鳕鱼堡","commentCount":null,"user":{"id":643,"name":"脾气超级差","avatar_url":"http://test01-20200725.oss-cn-shenzhen.aliyuncs.com/image/1658825259833.jpg?Expires=1974185254&OSSAccessKeyId=LTAI4G5RL7pjavqASCwc42kR&Signature=cVqDAV6c37qT%2FyCkpGnFEKtS3TU%3D"},"isCommentLike":-5,"dislike_count":0},{"id":79277,"parent_id":79199,"type":2,"commentor":643,"gmtCreate":null,"gmtModified":null,"like_count":0,"content":"你是说这种不被官方认可的环境吗，没有不好的意思我是真的想了解，当然如果你要是觉得我的问题会让你感受到不愉快可以不用回答我。","anonymity":1,"any_name":"深海鳕鱼堡","commentCount":null,"user":{"id":643,"name":"脾气超级差","avatar_url":"http://test01-20200725.oss-cn-shenzhen.aliyuncs.com/image/1658825259833.jpg?Expires=1974185254&OSSAccessKeyId=LTAI4G5RL7pjavqASCwc42kR&Signature=cVqDAV6c37qT%2FyCkpGnFEKtS3TU%3D"},"isCommentLike":-5,"dislike_count":0}],"any_name":"内卷狂魔","relation":-2,"liked":-4,"anonymity":1,"dislike_count":0}