{"id":21178,"author":null,"author_avatar_url":null,"author_id":1295,"author_status":1,"gmt_create":1651991525493,"gmt_modified":1651991525493,"content":"今天翻了很多很多老照片，妈妈年轻的时候真的好漂亮啊，像八九十年代的港星一样，简直是是女神一样的存在\uD83D\uDE0D可是看到我出生以后的照片，就老了很多…我才是偷走妈妈青春的那个小偷啊\uD83D\uDE2D还看到了外婆的照片，可是我最爱的外婆已经不在了\uD83D\uDE2D\uD83D\uDE2D…岁月真的…变化好大啊","title":"今天翻了很多很多老照片，妈妈年轻的时候真的好漂亮啊，像八九十年代的港星一样，简直是是女神一样的存在\uD83D\uDE0D可是看到我出生以后的照片，就老了很多…我才是偷走妈妈青春的那个小偷啊","description":"no description yet","like_count":7,"comment_count":0,"view_count":28,"type":"post","tag":"not tag yet","imageList":"","content_source":null,"comments":null,"any_name":"水箭龟","relation":-2,"liked":-4,"anonymity":1,"dislike_count":0}