{"id":21197,"author":null,"author_avatar_url":null,"author_id":1300,"author_status":1,"gmt_create":1651999135196,"gmt_modified":1651999135196,"content":"有没有人知道 重剑课能使用真剑吗还是只练基础动作？","title":"有没有人知道 重剑课能使用真剑吗还是只练基础动作？","description":"no description yet","like_count":0,"comment_count":1,"view_count":170,"type":"post","tag":"not tag yet","imageList":"","content_source":null,"comments":[{"id":79515,"parent_id":21197,"type":1,"commentor":161,"gmtCreate":null,"gmtModified":null,"like_count":0,"content":"真剑","anonymity":1,"any_name":"六级词汇","commentCount":null,"user":{"id":161,"name":"jellyfish","avatar_url":"https://thirdwx.qlogo.cn/mmopen/vi_32/Q0j4TwGTfTJcXqaZf7oI1NZpdrmqibVtIkq0CLyCOx3J4WvO771FtGLb7ZeliakYoTBAV5E6buWJQVsgrM7JA84g/132"},"isCommentLike":-5,"dislike_count":0}],"any_name":"沊仔刘亦菲","relation":-2,"liked":-4,"anonymity":1,"dislike_count":0}