{"id":21343,"author":null,"author_avatar_url":null,"author_id":864,"author_status":1,"gmt_create":1652085109712,"gmt_modified":1652085109712,"content":"想问一下p座二楼上体育课会很热嘛","title":"想问一下p座二楼上体育课会很热嘛","description":"no description yet","like_count":0,"comment_count":1,"view_count":110,"type":"post","tag":"not tag yet","imageList":"","content_source":null,"comments":[{"id":80030,"parent_id":21343,"type":1,"commentor":657,"gmtCreate":null,"gmtModified":null,"like_count":0,"content":"体育课运动量我不清楚，但我在那里练舞有的时候还蛮闷的","anonymity":1,"any_name":"拱北吴彦祖","commentCount":null,"user":{"id":657,"name":"\uD83C\uDF4B","avatar_url":"https://thirdwx.qlogo.cn/mmopen/vi_32/NjmReVxBMgO9crVBhSnib28yf1YSf3ex4eriba7SkiaXmEYegYczicwAOp7OibeCdqKsicQPN2u5sh8qiacNbZ35uGjGw/132"},"isCommentLike":-5,"dislike_count":0}],"any_name":"拱北快递员","relation":-2,"liked":-4,"anonymity":1,"dislike_count":0}