{"id":21528,"author":null,"author_avatar_url":null,"author_id":2086,"author_status":1,"gmt_create":1652114551613,"gmt_modified":1652114551613,"content":"组织行为学韩老师怎么样","title":"组织行为学韩老师怎么样","description":"no description yet","like_count":1,"comment_count":3,"view_count":247,"type":"post","tag":"not tag yet","imageList":"","content_source":null,"comments":[{"id":80510,"parent_id":21528,"type":1,"commentor":161,"gmtCreate":null,"gmtModified":null,"like_count":0,"content":"很好 快选","anonymity":1,"any_name":"深海鳕鱼堡","commentCount":null,"user":{"id":161,"name":"jellyfish","avatar_url":"https://thirdwx.qlogo.cn/mmopen/vi_32/Q0j4TwGTfTJcXqaZf7oI1NZpdrmqibVtIkq0CLyCOx3J4WvO771FtGLb7ZeliakYoTBAV5E6buWJQVsgrM7JA84g/132"},"isCommentLike":-5,"dislike_count":0},{"id":80531,"parent_id":80510,"type":2,"commentor":1295,"gmtCreate":null,"gmtModified":null,"like_count":0,"content":"组织行为学事商学院的跨专业吗","anonymity":1,"any_name":"布偶猫","commentCount":null,"user":{"id":1295,"name":"U_637031633831","avatar_url":null},"isCommentLike":-5,"dislike_count":0},{"id":86866,"parent_id":80510,"type":2,"commentor":2086,"gmtCreate":null,"gmtModified":null,"like_count":0,"content":"想问一下他上课有课本吗","anonymity":1,"any_name":"offer收割机","commentCount":null,"user":{"id":2086,"name":"U_543701639323","avatar_url":null},"isCommentLike":-5,"dislike_count":0}],"any_name":"offer收割机","relation":-2,"liked":-4,"anonymity":1,"dislike_count":0}