{"id":21601,"author":"猪柳蛋汉堡","author_avatar_url":"http://test01-20200725.oss-cn-shenzhen.aliyuncs.com/image/1650069093745.jpg?Expires=1965429091&OSSAccessKeyId=LTAI4G5RL7pjavqASCwc42kR&Signature=x17x8ICLLgtVMKshbqMVrSdf4xA%3D","author_id":3444,"author_status":1,"gmt_create":1652120133406,"gmt_modified":1652120133406,"content":"跨专业选财务学原理吗？","title":"跨专业选财务学原理吗？","description":"no description yet","like_count":0,"comment_count":1,"view_count":84,"type":"post","tag":"not tag yet","imageList":"","content_source":null,"comments":[{"id":80676,"parent_id":21601,"type":1,"commentor":2015,"gmtCreate":null,"gmtModified":null,"like_count":0,"content":"你在找死，这门课跨学院去年只有一个A-","anonymity":0,"any_name":null,"commentCount":null,"user":{"id":2015,"name":"腿毛多","avatar_url":"http://test01-20200725.oss-cn-shenzhen.aliyuncs.com/image/1662058836104.jpg?Expires=1977418836&OSSAccessKeyId=LTAI4G5RL7pjavqASCwc42kR&Signature=w0t3AHdQMmbyjVZausc%2FrO9nY6E%3D"},"isCommentLike":-5,"dislike_count":0}],"any_name":null,"relation":-2,"liked":-4,"anonymity":0,"dislike_count":0}