{"id":21656,"author":null,"author_avatar_url":null,"author_id":756,"author_status":1,"gmt_create":1652126393396,"gmt_modified":1652126393396,"content":"不知道为什么抢课抢到现在抢完后看着不满意的课表，好想哭，想妈妈了\uD83E\uDD72，好想给妈妈打视频聊聊天，可以她肯定已经睡了，就普普通通聊个天就好了","title":"不知道为什么抢课抢到现在抢完后看着不满意的课表，好想哭，想妈妈了\uD83E\uDD72，好想给妈妈打视频聊聊天，可以她肯定已经睡了，就普普通通聊个天就好了","description":"no description yet","like_count":3,"comment_count":1,"view_count":70,"type":"post","tag":"not tag yet","imageList":"","content_source":null,"comments":[{"id":80721,"parent_id":21656,"type":1,"commentor":7717,"gmtCreate":null,"gmtModified":null,"like_count":0,"content":"我也是，喜欢的课都没有了……凭什么呀就因为我运气不好么","anonymity":0,"any_name":null,"commentCount":null,"user":{"id":7717,"name":"一拳一个蝻宝","avatar_url":"http://test01-20200725.oss-cn-shenzhen.aliyuncs.com/image/1654891550886.jpg?Expires=1970251550&OSSAccessKeyId=LTAI4G5RL7pjavqASCwc42kR&Signature=ptBeBafhaZ07ucTUwZECYcR9it8%3D"},"isCommentLike":-5,"dislike_count":0}],"any_name":"允指原味鸡","relation":-2,"liked":-4,"anonymity":1,"dislike_count":0}