{"id":2167,"author":null,"author_avatar_url":null,"author_id":550,"author_status":1,"gmt_create":1633531397882,"gmt_modified":1633531397882,"content":"现在这个情况可以去大三巴吗？","title":"现在这个情况可以去大三巴吗？","description":"no description yet","like_count":0,"comment_count":1,"view_count":114,"type":"post","tag":"not tag yet","imageList":"","content_source":null,"comments":[{"id":7146,"parent_id":2167,"type":1,"commentor":351,"gmtCreate":null,"gmtModified":null,"like_count":0,"content":"最好都别去那边了，挺危险的","anonymity":1,"any_name":"奥利奥","commentCount":null,"user":{"id":351,"name":"dvdvdv","avatar_url":"http://test01-20200725.oss-cn-shenzhen.aliyuncs.com/image/1651334456439.jpg?Expires=1966694454&OSSAccessKeyId=LTAI4G5RL7pjavqASCwc42kR&Signature=CR5vv9gO7mSFgrOXK0Xk3x7eEBw%3D"},"isCommentLike":-5,"dislike_count":0}],"any_name":"微积分","relation":-2,"liked":-4,"anonymity":1,"dislike_count":0}