{"id":2171,"author":null,"author_avatar_url":null,"author_id":768,"author_status":1,"gmt_create":1633539684246,"gmt_modified":1633539684246,"content":"来个懂行的老哥推下卡面来打下一部看什么，看完了龙骑W三蛋四仔司机小医生创骑，不要01","title":"来个懂行的老哥推下卡面来打下一部看什么，看完了龙骑W三蛋四仔司机小医生创骑，不要01","description":"no description yet","like_count":1,"comment_count":4,"view_count":45,"type":"post","tag":"not tag yet","imageList":"","content_source":null,"comments":[{"id":7167,"parent_id":2171,"type":1,"commentor":351,"gmtCreate":null,"gmtModified":null,"like_count":0,"content":"时王还行","anonymity":0,"any_name":null,"commentCount":null,"user":{"id":351,"name":"dvdvdv","avatar_url":"http://test01-20200725.oss-cn-shenzhen.aliyuncs.com/image/1651334456439.jpg?Expires=1966694454&OSSAccessKeyId=LTAI4G5RL7pjavqASCwc42kR&Signature=CR5vv9gO7mSFgrOXK0Xk3x7eEBw%3D"},"isCommentLike":-5,"dislike_count":0},{"id":7176,"parent_id":2171,"type":1,"commentor":681,"gmtCreate":null,"gmtModified":null,"like_count":0,"content":"blade或者电王吧（？）555和kiva看完会胃痛","anonymity":0,"any_name":null,"commentCount":null,"user":{"id":681,"name":"南京脑科医院呸主任","avatar_url":"http://test01-20200725.oss-cn-shenzhen.aliyuncs.com/image/1661102216736.jpg?Expires=1976462214&OSSAccessKeyId=LTAI4G5RL7pjavqASCwc42kR&Signature=23iIb49A4NaaWymi6TGSZcnplkQ%3D"},"isCommentLike":-5,"dislike_count":0},{"id":7171,"parent_id":7167,"type":2,"commentor":768,"gmtCreate":null,"gmtModified":null,"like_count":0,"content":"前面没补完有点影响观看体验吧","anonymity":1,"any_name":"珠海小天使","commentCount":null,"user":{"id":768,"name":"酸汤肥牛出击","avatar_url":"http://test01-20200725.oss-cn-shenzhen.aliyuncs.com/image/1661942517149.jpg?Expires=1977302516&OSSAccessKeyId=LTAI4G5RL7pjavqASCwc42kR&Signature=l7Fw9QDfy%2Bkx8jF5KHOWAfnLDZI%3D"},"isCommentLike":-5,"dislike_count":0},{"id":7204,"parent_id":7176,"type":2,"commentor":768,"gmtCreate":null,"gmtModified":null,"like_count":0,"content":"说实话旧十年都挺胃疼的……（被剧透过电王结局有种淡淡的忧伤 小林病院VIP喜+1","anonymity":1,"any_name":"珠海小天使","commentCount":null,"user":{"id":768,"name":"酸汤肥牛出击","avatar_url":"http://test01-20200725.oss-cn-shenzhen.aliyuncs.com/image/1661942517149.jpg?Expires=1977302516&OSSAccessKeyId=LTAI4G5RL7pjavqASCwc42kR&Signature=l7Fw9QDfy%2Bkx8jF5KHOWAfnLDZI%3D"},"isCommentLike":-5,"dislike_count":0}],"any_name":"珠海小天使","relation":-2,"liked":-4,"anonymity":1,"dislike_count":0}