{"id":21744,"author":null,"author_avatar_url":null,"author_id":308,"author_status":1,"gmt_create":1652149767306,"gmt_modified":1652149767306,"content":"一个知识：选课系统里的课叉掉名额不会立即放出来 具体什么时候放出来也没人知道","title":"一个知识：选课系统里的课叉掉名额不会立即放出来 具体什么时候放出来也没人知道","description":"no description yet","like_count":10,"comment_count":1,"view_count":50,"type":"post","tag":"not tag yet","imageList":"","content_source":null,"comments":[{"id":83304,"parent_id":21744,"type":1,"commentor":4111,"gmtCreate":null,"gmtModified":null,"like_count":0,"content":"震惊一整年","anonymity":1,"any_name":"老板","commentCount":null,"user":{"id":4111,"name":"小智","avatar_url":"http://test01-20200725.oss-cn-shenzhen.aliyuncs.com/image/1652377174933.jpg?Expires=1967737177&OSSAccessKeyId=LTAI4G5RL7pjavqASCwc42kR&Signature=AHWSQg6%2BFjFBfoAf4aR1BJBSEss%3D"},"isCommentLike":-5,"dislike_count":0}],"any_name":"奥利奥","relation":-2,"liked":-4,"anonymity":1,"dislike_count":0}