{"id":21752,"author":null,"author_avatar_url":null,"author_id":1062,"author_status":1,"gmt_create":1652150503524,"gmt_modified":1652150503524,"content":"微观经济难不难","title":"微观经济难不难","description":"no description yet","like_count":0,"comment_count":5,"view_count":212,"type":"post","tag":"not tag yet","imageList":"","content_source":null,"comments":[{"id":80900,"parent_id":21752,"type":1,"commentor":928,"gmtCreate":null,"gmtModified":null,"like_count":1,"content":"我觉得比起其他课不是很难，而且挺有趣的。","anonymity":1,"any_name":"拱北快递员","commentCount":null,"user":{"id":928,"name":"\uD83C\uDF4E","avatar_url":"https://thirdwx.qlogo.cn/mmopen/vi_32/dw6CkiaLXwTvwxQydO77iaxKp31fpkOpTUCxiayxjPMMPFQCyj0PKDx9JBb87ibkLBGv4S78CJpJrNIic8iaibwcmmq5w/132"},"isCommentLike":-5,"dislike_count":0},{"id":80903,"parent_id":21752,"type":1,"commentor":4489,"gmtCreate":null,"gmtModified":null,"like_count":1,"content":"听说就是高中政治","anonymity":1,"any_name":"出前一丁","commentCount":null,"user":{"id":4489,"name":"39岁离异带二娃","avatar_url":null},"isCommentLike":-5,"dislike_count":0},{"id":80921,"parent_id":21752,"type":1,"commentor":2931,"gmtCreate":null,"gmtModified":null,"like_count":1,"content":"有趣但说不上简单，想考好最好做点题","anonymity":1,"any_name":"哥斯拉","commentCount":null,"user":{"id":2931,"name":"U_238651642175","avatar_url":null},"isCommentLike":-5,"dislike_count":0},{"id":80942,"parent_id":21752,"type":1,"commentor":2216,"gmtCreate":null,"gmtModified":null,"like_count":1,"content":"不是特别难，如果你学过人教版政治必修一经济生活的话会更简单一些。不过还是要刷一些题才能拿比较好的分数。","anonymity":0,"any_name":null,"commentCount":null,"user":{"id":2216,"name":"一加","avatar_url":"http://test01-20200725.oss-cn-shenzhen.aliyuncs.com/image/1642964795506.jpg?Expires=1958324791&OSSAccessKeyId=LTAI4G5RL7pjavqASCwc42kR&Signature=BjRKt60sC%2FwoBvDa6kCjfIu9xE4%3D"},"isCommentLike":-5,"dislike_count":0},{"id":81059,"parent_id":21752,"type":1,"commentor":7792,"gmtCreate":null,"gmtModified":null,"like_count":0,"content":"微经真不难，把概念弄懂做做题就行了","anonymity":0,"any_name":null,"commentCount":null,"user":{"id":7792,"name":"跳跳虎","avatar_url":null},"isCommentLike":-5,"dislike_count":0}],"any_name":"微积分","relation":-2,"liked":-4,"anonymity":1,"dislike_count":0}