{"id":21969,"author":"辛勒正","author_avatar_url":"https://thirdwx.qlogo.cn/mmopen/vi_32/dWx8QYK6vuNf75V8CAXdXVccqgSPllIb2LCZEz9vEn8medYU3aickOxMJKH3kKb3n5ibMfQf7ZvvHbVHkfjHhiarw/132","author_id":154,"author_status":1,"gmt_create":1652192592194,"gmt_modified":1652192592194,"content":"有同申请到复旦大学暑期国际课程的友友能私我加个微信吗，后面还有邮箱、选课什么的怕自己弄不明白，互相有个照应","title":"有同申请到复旦大学暑期国际课程的友友能私我加个微信吗，后面还有邮箱、选课什么的怕自己弄不明白，互相有个照应","description":"no description yet","like_count":0,"comment_count":6,"view_count":348,"type":"post","tag":"not tag yet","imageList":"","content_source":null,"comments":[{"id":81544,"parent_id":21969,"type":1,"commentor":6873,"gmtCreate":null,"gmtModified":null,"like_count":0,"content":"要不建一个群吧，二维码可以发一下","anonymity":1,"any_name":"葡挞","commentCount":null,"user":{"id":6873,"name":"lZQ","avatar_url":null},"isCommentLike":-5,"dislike_count":0},{"id":81559,"parent_id":21969,"type":1,"commentor":6933,"gmtCreate":null,"gmtModified":null,"like_count":0,"content":"在哪里报名呢","anonymity":1,"any_name":"奥利奥","commentCount":null,"user":{"id":6933,"name":"只是个小孩","avatar_url":"http://test01-20200725.oss-cn-shenzhen.aliyuncs.com/image/1654520328967.jpg?Expires=1969880326&OSSAccessKeyId=LTAI4G5RL7pjavqASCwc42kR&Signature=Int9SGjhhR5uwyIdZnGz3ob%2Bv2w%3D"},"isCommentLike":-5,"dislike_count":0},{"id":81608,"parent_id":21969,"type":1,"commentor":6003,"gmtCreate":null,"gmtModified":null,"like_count":0,"content":"大几才能参加","anonymity":1,"any_name":"咖哩鱼蛋","commentCount":null,"user":{"id":6003,"name":"U_131921648972","avatar_url":null},"isCommentLike":-5,"dislike_count":0},{"id":82405,"parent_id":21969,"type":1,"commentor":607,"gmtCreate":null,"gmtModified":null,"like_count":0,"content":"这里进了的！求拉群","anonymity":1,"any_name":"Jerry","commentCount":null,"user":{"id":607,"name":"Krystalria_kwl","avatar_url":"https://thirdwx.qlogo.cn/mmopen/vi_32/2Iw3M4Myq6G7XV6SfV5TUVFUxJboWcb7iazOrJbeaAZxBkUzHUpHH3TNRX51gWXFFibpV2BNAGb1eHyJ3ryMgs0A/132"},"isCommentLike":-5,"dislike_count":0},{"id":81558,"parent_id":81544,"type":2,"commentor":154,"gmtCreate":null,"gmtModified":null,"like_count":0,"content":"发在哪里比较合适呢","anonymity":1,"any_name":"摆烂到底","commentCount":null,"user":{"id":154,"name":"辛勒正","avatar_url":"https://thirdwx.qlogo.cn/mmopen/vi_32/dWx8QYK6vuNf75V8CAXdXVccqgSPllIb2LCZEz9vEn8medYU3aickOxMJKH3kKb3n5ibMfQf7ZvvHbVHkfjHhiarw/132"},"isCommentLike":-5,"dislike_count":0},{"id":81562,"parent_id":81559,"type":2,"commentor":1150,"gmtCreate":null,"gmtModified":null,"like_count":0,"content":"同问！","anonymity":1,"any_name":"哈士奇","commentCount":null,"user":{"id":1150,"name":"w","avatar_url":"https://thirdwx.qlogo.cn/mmopen/vi_32/csuyfGVLlQDFwrQY1v21eLhIZLhMcmqia0VybXibhRO8cRVx5zhsy6u20xhtOFncwOibDI81ecIRLhMHDfBibjvlhA/132"},"isCommentLike":-5,"dislike_count":0}],"any_name":null,"relation":-2,"liked":-4,"anonymity":0,"dislike_count":0}