{"id":21986,"author":"科大鸭","author_avatar_url":"http://test01-20200725.oss-cn-shenzhen.aliyuncs.com/image/1624370407433.jpeg?Expires=1939730402&OSSAccessKeyId=LTAI4G5RL7pjavqASCwc42kR&Signature=UEIvjfVREj9DPr4FHeyAIel3Guo%3D","author_id":15,"author_status":6,"gmt_create":1652196185192,"gmt_modified":1652196185192,"content":"大家晚上好啊\n因为暴雨\n学校已经发了停课通知\n大家一定注意安全\n减少外出 管好门窗\n在家好好复习哟！","title":"大家晚上好啊\n因为暴雨\n学校已经发了停课通知\n大家一定注意安全\n减少外出 管好门窗\n在家好好复习哟！","description":"no description yet","like_count":4,"comment_count":0,"view_count":25,"type":"post","tag":"not tag yet","imageList":"http://test01-20200725.oss-cn-shenzhen.aliyuncs.com/image/1652195711017.jpg?Expires=1967555707&OSSAccessKeyId=LTAI4G5RL7pjavqASCwc42kR&Signature=Uwyei1cWwCI1ooFjI71sX7uQrm0%3D","content_source":null,"comments":null,"any_name":null,"relation":-2,"liked":-4,"anonymity":0,"dislike_count":0}