{"id":22168,"author":null,"author_avatar_url":null,"author_id":6873,"author_status":1,"gmt_create":1652275660954,"gmt_modified":1652275660954,"content":"请问一下学长学姐，这些老师里有k嘛？想有个心理准备。\n馮艷 韓子天 楊潔雲 吴肇邦 \n邢晨 韓立费 楊凱涵","title":"请问一下学长学姐，这些老师里有k嘛？想有个心理准备。\n馮艷 韓子天 楊潔雲 吴肇邦 \n邢晨 韓立费 楊凱涵","description":"no description yet","like_count":1,"comment_count":7,"view_count":341,"type":"post","tag":"not tag yet","imageList":"","content_source":null,"comments":[{"id":82191,"parent_id":22168,"type":1,"commentor":682,"gmtCreate":null,"gmtModified":null,"like_count":1,"content":"韩子天的资讯科技，好像论文要求有点变态，给分不晓得","anonymity":0,"any_name":null,"commentCount":null,"user":{"id":682,"name":"~Xenon~","avatar_url":"http://test01-20200725.oss-cn-shenzhen.aliyuncs.com/image/1662451495431.gif?Expires=1977811496&OSSAccessKeyId=LTAI4G5RL7pjavqASCwc42kR&Signature=tLEL737zMefpEHXZzQlS%2Bxz88Ts%3D"},"isCommentLike":-5,"dislike_count":0},{"id":82207,"parent_id":22168,"type":1,"commentor":784,"gmtCreate":null,"gmtModified":null,"like_count":0,"content":"hzt真的不行","anonymity":1,"any_name":"出前一丁","commentCount":null,"user":{"id":784,"name":"越","avatar_url":"https://thirdwx.qlogo.cn/mmopen/vi_32/Q0j4TwGTfTLxHm0z7Rh5ONBwiagN2NAYg40QY4gLibscdWnN7Ypqf3VWaAA5zoziarEiayEXPpJNS4nwWnBU34u0hQ/132"},"isCommentLike":-5,"dislike_count":0},{"id":82209,"parent_id":22168,"type":1,"commentor":937,"gmtCreate":null,"gmtModified":null,"like_count":0,"content":"冯艳韩子天给我A-，杨洁云给A，但yjy上课好无聊","anonymity":0,"any_name":null,"commentCount":null,"user":{"id":937,"name":"Paprika","avatar_url":"https://thirdwx.qlogo.cn/mmopen/vi_32/DYAIOgq83erXO0Hibm3qJlZAq1DEuggbNcFD7NCFFzJrk2VLe4pHwHvbA8JuV9oOibd44ibYWvprax9F18Ank1eibw/132"},"isCommentLike":-5,"dislike_count":0},{"id":82302,"parent_id":22168,"type":1,"commentor":1471,"gmtCreate":null,"gmtModified":null,"like_count":0,"content":"YKH给我B+，我觉得我很认真、可能我水平不够吧","anonymity":1,"any_name":"Redis设计与实现","commentCount":null,"user":{"id":1471,"name":"塔可","avatar_url":null},"isCommentLike":-5,"dislike_count":0},{"id":82205,"parent_id":82191,"type":2,"commentor":6873,"gmtCreate":null,"gmtModified":null,"like_count":0,"content":"谢谢谢谢谢谢","anonymity":1,"any_name":"Anton","commentCount":null,"user":{"id":6873,"name":"lZQ","avatar_url":null},"isCommentLike":-5,"dislike_count":0},{"id":82212,"parent_id":82209,"type":2,"commentor":6873,"gmtCreate":null,"gmtModified":null,"like_count":0,"content":"谢谢谢谢谢谢你！","anonymity":1,"any_name":"Anton","commentCount":null,"user":{"id":6873,"name":"lZQ","avatar_url":null},"isCommentLike":-5,"dislike_count":0},{"id":82323,"parent_id":82302,"type":2,"commentor":6873,"gmtCreate":null,"gmtModified":null,"like_count":0,"content":"谢谢谢谢谢谢你！","anonymity":1,"any_name":"Anton","commentCount":null,"user":{"id":6873,"name":"lZQ","avatar_url":null},"isCommentLike":-5,"dislike_count":0}],"any_name":"Anton","relation":-2,"liked":-4,"anonymity":1,"dislike_count":0}