{"id":22187,"author":null,"author_avatar_url":null,"author_id":104,"author_status":1,"gmt_create":1652280086995,"gmt_modified":1652280086995,"content":"希望大家能好好对待科目评估 我看到有说老师给分明显有性别bias的 大家一定要评论下不然老师/学校永远都不会意识到自己的问题。学生之间的吐槽不如交互的沟通有效！（当然恶意中伤人的你不如不说话）","title":"希望大家能好好对待科目评估 我看到有说老师给分明显有性别bias的 大家一定要评论下不然老师/学校永远都不会意识到自己的问题。学生之间的吐槽不如交互的沟通有效！（当然恶意","description":"no description yet","like_count":1,"comment_count":4,"view_count":252,"type":"post","tag":"not tag yet","imageList":"","content_source":null,"comments":[{"id":82265,"parent_id":22187,"type":1,"commentor":3287,"gmtCreate":null,"gmtModified":null,"like_count":0,"content":"怕不打满分会被老师穿小鞋，然后在期末成绩上打低分，只敢打满分，然后疯狂夸。","anonymity":1,"any_name":"四川麻辣烫","commentCount":null,"user":{"id":3287,"name":"花家地西里大橘猫","avatar_url":"http://test01-20200725.oss-cn-shenzhen.aliyuncs.com/image/1644623602142.jpg?Expires=1959983593&OSSAccessKeyId=LTAI4G5RL7pjavqASCwc42kR&Signature=GuSZLuX9zhvKPJWbkNALodi8lGE%3D"},"isCommentLike":-5,"dislike_count":0},{"id":82268,"parent_id":82265,"type":2,"commentor":635,"gmtCreate":null,"gmtModified":null,"like_count":0,"content":"不会，老师基本不看","anonymity":1,"any_name":"亚古兽","commentCount":null,"user":{"id":635,"name":"别理我，我比你牛逼","avatar_url":"http://test01-20200725.oss-cn-shenzhen.aliyuncs.com/image/1659496488044.gif?Expires=1974856478&OSSAccessKeyId=LTAI4G5RL7pjavqASCwc42kR&Signature=BDlc8M%2FBnAOuLIx8vfkdijTlje8%3D"},"isCommentLike":-5,"dislike_count":0},{"id":82273,"parent_id":82265,"type":2,"commentor":389,"gmtCreate":null,"gmtModified":null,"like_count":0,"content":"不会 是真匿名","anonymity":1,"any_name":"深海鳕鱼堡","commentCount":null,"user":{"id":389,"name":"Ye","avatar_url":"http://test01-20200725.oss-cn-shenzhen.aliyuncs.com/image/1666692616794.jpg?Expires=1982052609&OSSAccessKeyId=LTAI4G5RL7pjavqASCwc42kR&Signature=TFev3d8OQ74D%2FdfZp4gmLfTGqjM%3D"},"isCommentLike":-5,"dislike_count":0},{"id":82301,"parent_id":82273,"type":2,"commentor":1066,"gmtCreate":null,"gmtModified":null,"like_count":0,"content":"不是真匿名的 还是能看到的","anonymity":1,"any_name":"offer收割机","commentCount":null,"user":{"id":1066,"name":"miemie","avatar_url":"http://test01-20200725.oss-cn-shenzhen.aliyuncs.com/image/1649904971186.jpg?Expires=1965264968&OSSAccessKeyId=LTAI4G5RL7pjavqASCwc42kR&Signature=UTDXLAZefoXb9TjUn2SPy7ztcZI%3D"},"isCommentLike":-5,"dislike_count":0}],"any_name":"Redis设计与实现","relation":-2,"liked":-4,"anonymity":1,"dislike_count":0}