{"id":2219,"author":null,"author_avatar_url":null,"author_id":1154,"author_status":1,"gmt_create":1633661942378,"gmt_modified":1633661942378,"content":"有电影院嘛有电影院嘛好想看长津湖就是说","title":"有电影院嘛有电影院嘛好想看长津湖就是说","description":"no description yet","like_count":0,"comment_count":4,"view_count":143,"type":"post","tag":"not tag yet","imageList":"","content_source":null,"comments":[{"id":7297,"parent_id":2219,"type":1,"commentor":1154,"gmtCreate":null,"gmtModified":null,"like_count":0,"content":"还有我和我的父辈好想看好想看","anonymity":1,"any_name":"Kelly","commentCount":null,"user":{"id":1154,"name":"⭐⭐","avatar_url":"http://test01-20200725.oss-cn-shenzhen.aliyuncs.com/image/1664765845483.jpg?Expires=1980125847&OSSAccessKeyId=LTAI4G5RL7pjavqASCwc42kR&Signature=KVGpmjT9Dy7coS%2FLu2tYSLPiRRc%3D"},"isCommentLike":-5,"dislike_count":0},{"id":7299,"parent_id":2219,"type":1,"commentor":784,"gmtCreate":null,"gmtModified":null,"like_count":0,"content":"珠海","anonymity":1,"any_name":"六级词汇","commentCount":null,"user":{"id":784,"name":"越","avatar_url":"https://thirdwx.qlogo.cn/mmopen/vi_32/Q0j4TwGTfTLxHm0z7Rh5ONBwiagN2NAYg40QY4gLibscdWnN7Ypqf3VWaAA5zoziarEiayEXPpJNS4nwWnBU34u0hQ/132"},"isCommentLike":-5,"dislike_count":0},{"id":7358,"parent_id":2219,"type":1,"commentor":785,"gmtCreate":null,"gmtModified":null,"like_count":0,"content":"我也好想","anonymity":0,"any_name":null,"commentCount":null,"user":{"id":785,"name":"Hannah","avatar_url":"http://test01-20200725.oss-cn-shenzhen.aliyuncs.com/image/1631200784683.jpg?Expires=1946560778&OSSAccessKeyId=LTAI4G5RL7pjavqASCwc42kR&Signature=sUwiDEfI%2BbTCQhVPRzpKTD60z%2Fk%3D"},"isCommentLike":-5,"dislike_count":0},{"id":7433,"parent_id":2219,"type":1,"commentor":1221,"gmtCreate":null,"gmtModified":null,"like_count":0,"content":"一般般啦 不用报太大希望","anonymity":0,"any_name":null,"commentCount":null,"user":{"id":1221,"name":"哈哈哈哈哈哈哈哈哈哈","avatar_url":"http://test01-20200725.oss-cn-shenzhen.aliyuncs.com/image/1633062257503.jpg?Expires=1948422255&OSSAccessKeyId=LTAI4G5RL7pjavqASCwc42kR&Signature=jTqAyvfrQhETCFc612E47w%2F3zNA%3D"},"isCommentLike":-5,"dislike_count":0}],"any_name":"Kelly","relation":-2,"liked":-4,"anonymity":1,"dislike_count":0}