{"id":22241,"author":null,"author_avatar_url":null,"author_id":707,"author_status":1,"gmt_create":1652293385063,"gmt_modified":1652293385063,"content":"大一升大二 已经确认完课表了 还有换班可能性吗（专业课 选修 通识）","title":"大一升大二 已经确认完课表了 还有换班可能性吗（专业课 选修 通识）","description":"no description yet","like_count":0,"comment_count":0,"view_count":32,"type":"post","tag":"not tag yet","imageList":"","content_source":null,"comments":null,"any_name":"Tom","relation":-2,"liked":-4,"anonymity":1,"dislike_count":0}