{"id":22538,"author":null,"author_avatar_url":null,"author_id":635,"author_status":1,"gmt_create":1652433958698,"gmt_modified":1652433958698,"content":"谁能告诉我，新东方到底怎么样，有点想去学做菜","title":"谁能告诉我，新东方到底怎么样，有点想去学做菜","description":"no description yet","like_count":0,"comment_count":0,"view_count":6,"type":"post","tag":"not tag yet","imageList":"","content_source":null,"comments":null,"any_name":"水箭龟","relation":-2,"liked":-4,"anonymity":1,"dislike_count":0}