{"id":22611,"author":null,"author_avatar_url":null,"author_id":6873,"author_status":1,"gmt_create":1652452174489,"gmt_modified":1652452174489,"content":"我下学期要每门学科都拿A","title":"我下学期要每门学科都拿A","description":"no description yet","like_count":5,"comment_count":6,"view_count":368,"type":"post","tag":"not tag yet","imageList":"","content_source":null,"comments":[{"id":83631,"parent_id":22611,"type":1,"commentor":635,"gmtCreate":null,"gmtModified":null,"like_count":1,"content":"加油_(:з」∠)_我反正不行，所以希望你加油","anonymity":1,"any_name":"Anton","commentCount":null,"user":{"id":635,"name":"别理我，我比你牛逼","avatar_url":"http://test01-20200725.oss-cn-shenzhen.aliyuncs.com/image/1659496488044.gif?Expires=1974856478&OSSAccessKeyId=LTAI4G5RL7pjavqASCwc42kR&Signature=BDlc8M%2FBnAOuLIx8vfkdijTlje8%3D"},"isCommentLike":-5,"dislike_count":0},{"id":83690,"parent_id":22611,"type":1,"commentor":860,"gmtCreate":null,"gmtModified":null,"like_count":1,"content":"这学期碰到yf了，下学期一起加油！","anonymity":1,"any_name":"哈士奇","commentCount":null,"user":{"id":860,"name":"阿白","avatar_url":"https://thirdwx.qlogo.cn/mmopen/vi_32/Q3auHgzwzM4MqpUoS1JKlPFImtysjVUYbb0H8xnGUtCjndV1ic50MXC42ncuc0fH75suc5oBC4IyEfmO6sEWibRQ/132"},"isCommentLike":-5,"dislike_count":0},{"id":83643,"parent_id":22611,"type":1,"commentor":2128,"gmtCreate":null,"gmtModified":null,"like_count":0,"content":"加油加油","anonymity":0,"any_name":null,"commentCount":null,"user":{"id":2128,"name":"用户不在","avatar_url":"http://test01-20200725.oss-cn-shenzhen.aliyuncs.com/image/1661479286875.jpg?Expires=1976839284&OSSAccessKeyId=LTAI4G5RL7pjavqASCwc42kR&Signature=2D46iGwxUhjhLBjkCJAPP1yjpCI%3D"},"isCommentLike":-5,"dislike_count":0},{"id":83638,"parent_id":83631,"type":2,"commentor":6873,"gmtCreate":null,"gmtModified":null,"like_count":0,"content":"谢谢你！","anonymity":1,"any_name":"允指原味鸡","commentCount":null,"user":{"id":6873,"name":"lZQ","avatar_url":null},"isCommentLike":-5,"dislike_count":0},{"id":83669,"parent_id":83643,"type":2,"commentor":6873,"gmtCreate":null,"gmtModified":null,"like_count":0,"content":"谢谢！！","anonymity":1,"any_name":"允指原味鸡","commentCount":null,"user":{"id":6873,"name":"lZQ","avatar_url":null},"isCommentLike":-5,"dislike_count":0},{"id":83701,"parent_id":83690,"type":2,"commentor":6873,"gmtCreate":null,"gmtModified":null,"like_count":0,"content":"一起加油！","anonymity":1,"any_name":"允指原味鸡","commentCount":null,"user":{"id":6873,"name":"lZQ","avatar_url":null},"isCommentLike":-5,"dislike_count":0}],"any_name":"允指原味鸡","relation":-2,"liked":-4,"anonymity":1,"dislike_count":0}