{"id":22646,"author":null,"author_avatar_url":null,"author_id":747,"author_status":1,"gmt_create":1652463676090,"gmt_modified":1652463676090,"content":"抢钱吗\uD83D\uDE05\n想钱想疯了吧\uD83D\uDE05","title":"抢钱吗\uD83D\uDE05\n想钱想疯了吧\uD83D\uDE05","description":"no description yet","like_count":11,"comment_count":11,"view_count":443,"type":"post","tag":"not tag yet","imageList":"http://test01-20200725.oss-cn-shenzhen.aliyuncs.com/image/1652463656162.jpg?Expires=1967823647&OSSAccessKeyId=LTAI4G5RL7pjavqASCwc42kR&Signature=TblSY9vj1dZvnEmp9GWQZ%2Bz8y04%3D","content_source":null,"comments":[{"id":83828,"parent_id":22646,"type":1,"commentor":1150,"gmtCreate":null,"gmtModified":null,"like_count":5,"content":"都不知道怎么有人能这么不要脸","anonymity":1,"any_name":"人生的智慧","commentCount":null,"user":{"id":1150,"name":"w","avatar_url":"https://thirdwx.qlogo.cn/mmopen/vi_32/csuyfGVLlQDFwrQY1v21eLhIZLhMcmqia0VybXibhRO8cRVx5zhsy6u20xhtOFncwOibDI81ecIRLhMHDfBibjvlhA/132"},"isCommentLike":-5,"dislike_count":0},{"id":83878,"parent_id":22646,"type":1,"commentor":1298,"gmtCreate":null,"gmtModified":null,"like_count":1,"content":"恰烂钱\uD83D\uDE05","anonymity":1,"any_name":"三鲜水饺","commentCount":null,"user":{"id":1298,"name":"空","avatar_url":"http://test01-20200725.oss-cn-shenzhen.aliyuncs.com/image/1633876066009.jpg?Expires=1949236063&OSSAccessKeyId=LTAI4G5RL7pjavqASCwc42kR&Signature=uZwmpB0wpM3sHcZ9oQeaPeIMSLs%3D"},"isCommentLike":-5,"dislike_count":0},{"id":83823,"parent_id":22646,"type":1,"commentor":6933,"gmtCreate":null,"gmtModified":null,"like_count":0,"content":"物以稀为贵\uD83D\uDE0A","anonymity":1,"any_name":"微积分","commentCount":null,"user":{"id":6933,"name":"只是个小孩","avatar_url":"http://test01-20200725.oss-cn-shenzhen.aliyuncs.com/image/1654520328967.jpg?Expires=1969880326&OSSAccessKeyId=LTAI4G5RL7pjavqASCwc42kR&Signature=Int9SGjhhR5uwyIdZnGz3ob%2Bv2w%3D"},"isCommentLike":-5,"dislike_count":0},{"id":83831,"parent_id":83828,"type":2,"commentor":6933,"gmtCreate":null,"gmtModified":null,"like_count":0,"content":"不违背法律和道德的前提达到双方互利共赢的局面，怎么了朋友，你不买总有人买的，你说对吧\uD83D\uDE04","anonymity":1,"any_name":"微积分","commentCount":null,"user":{"id":6933,"name":"只是个小孩","avatar_url":"http://test01-20200725.oss-cn-shenzhen.aliyuncs.com/image/1654520328967.jpg?Expires=1969880326&OSSAccessKeyId=LTAI4G5RL7pjavqASCwc42kR&Signature=Int9SGjhhR5uwyIdZnGz3ob%2Bv2w%3D"},"isCommentLike":-5,"dislike_count":0},{"id":83850,"parent_id":83831,"type":2,"commentor":71,"gmtCreate":null,"gmtModified":null,"like_count":0,"content":"请详细阐述一下为什么不违反法律和道德，我倒想听听看","anonymity":1,"any_name":"哈士奇","commentCount":null,"user":{"id":71,"name":"一支\uD83C\uDF4B茶","avatar_url":"http://test01-20200725.oss-cn-shenzhen.aliyuncs.com/image/1665761422653.jpg?Expires=1981121423&OSSAccessKeyId=LTAI4G5RL7pjavqASCwc42kR&Signature=HKm6K%2Fep6pjNO1GYdhmExFTk7rM%3D"},"isCommentLike":-5,"dislike_count":0},{"id":83851,"parent_id":83850,"type":2,"commentor":6933,"gmtCreate":null,"gmtModified":null,"like_count":0,"content":"那请你仔细阐述下违反了什么法中的第几条规定以及违反了哪一方面的道德标准，我倒想听听看\uD83D\uDE05","anonymity":1,"any_name":"微积分","commentCount":null,"user":{"id":6933,"name":"只是个小孩","avatar_url":"http://test01-20200725.oss-cn-shenzhen.aliyuncs.com/image/1654520328967.jpg?Expires=1969880326&OSSAccessKeyId=LTAI4G5RL7pjavqASCwc42kR&Signature=Int9SGjhhR5uwyIdZnGz3ob%2Bv2w%3D"},"isCommentLike":-5,"dislike_count":0},{"id":83852,"parent_id":83850,"type":2,"commentor":6933,"gmtCreate":null,"gmtModified":null,"like_count":0,"content":"要不这课白给您算了好吗\uD83D\uDE04","anonymity":1,"any_name":"微积分","commentCount":null,"user":{"id":6933,"name":"只是个小孩","avatar_url":"http://test01-20200725.oss-cn-shenzhen.aliyuncs.com/image/1654520328967.jpg?Expires=1969880326&OSSAccessKeyId=LTAI4G5RL7pjavqASCwc42kR&Signature=Int9SGjhhR5uwyIdZnGz3ob%2Bv2w%3D"},"isCommentLike":-5,"dislike_count":0},{"id":83854,"parent_id":83851,"type":2,"commentor":71,"gmtCreate":null,"gmtModified":null,"like_count":0,"content":"你不也不知道？问我干什么？我要知道我还问你？","anonymity":1,"any_name":"哈士奇","commentCount":null,"user":{"id":71,"name":"一支\uD83C\uDF4B茶","avatar_url":"http://test01-20200725.oss-cn-shenzhen.aliyuncs.com/image/1665761422653.jpg?Expires=1981121423&OSSAccessKeyId=LTAI4G5RL7pjavqASCwc42kR&Signature=HKm6K%2Fep6pjNO1GYdhmExFTk7rM%3D"},"isCommentLike":-5,"dislike_count":0},{"id":83861,"parent_id":83852,"type":2,"commentor":71,"gmtCreate":null,"gmtModified":null,"like_count":0,"content":"那我还能说什么？感谢您这种抢课天龙人的大恩大德，给您磕两个响头祝您新年快乐\uD83D\uDE05","anonymity":1,"any_name":"哈士奇","commentCount":null,"user":{"id":71,"name":"一支\uD83C\uDF4B茶","avatar_url":"http://test01-20200725.oss-cn-shenzhen.aliyuncs.com/image/1665761422653.jpg?Expires=1981121423&OSSAccessKeyId=LTAI4G5RL7pjavqASCwc42kR&Signature=HKm6K%2Fep6pjNO1GYdhmExFTk7rM%3D"},"isCommentLike":-5,"dislike_count":0},{"id":83863,"parent_id":83861,"type":2,"commentor":6933,"gmtCreate":null,"gmtModified":null,"like_count":0,"content":"也祝你新年快乐，全家富贵\uD83D\uDE09","anonymity":1,"any_name":"微积分","commentCount":null,"user":{"id":6933,"name":"只是个小孩","avatar_url":"http://test01-20200725.oss-cn-shenzhen.aliyuncs.com/image/1654520328967.jpg?Expires=1969880326&OSSAccessKeyId=LTAI4G5RL7pjavqASCwc42kR&Signature=Int9SGjhhR5uwyIdZnGz3ob%2Bv2w%3D"},"isCommentLike":-5,"dislike_count":0},{"id":83865,"parent_id":83863,"type":2,"commentor":71,"gmtCreate":null,"gmtModified":null,"like_count":0,"content":"\uD83D\uDE1A\uD83D\uDE19","anonymity":1,"any_name":"哈士奇","commentCount":null,"user":{"id":71,"name":"一支\uD83C\uDF4B茶","avatar_url":"http://test01-20200725.oss-cn-shenzhen.aliyuncs.com/image/1665761422653.jpg?Expires=1981121423&OSSAccessKeyId=LTAI4G5RL7pjavqASCwc42kR&Signature=HKm6K%2Fep6pjNO1GYdhmExFTk7rM%3D"},"isCommentLike":-5,"dislike_count":0}],"any_name":"珠海小天使","relation":-2,"liked":-4,"anonymity":1,"dislike_count":0}