{"id":22703,"author":null,"author_avatar_url":null,"author_id":154,"author_status":1,"gmt_create":1652495658860,"gmt_modified":1652495658860,"content":"组织传播会出现用力学，然后分数很不理想的情况吗","title":"组织传播会出现用力学，然后分数很不理想的情况吗","description":"no description yet","like_count":1,"comment_count":3,"view_count":211,"type":"post","tag":"not tag yet","imageList":"","content_source":null,"comments":[{"id":83984,"parent_id":22703,"type":1,"commentor":1048,"gmtCreate":null,"gmtModified":null,"like_count":1,"content":"这不是学不学的问题。","anonymity":1,"any_name":"哈士奇","commentCount":null,"user":{"id":1048,"name":"Mxmtoon","avatar_url":"https://thirdwx.qlogo.cn/mmopen/vi_32/BgX1Kn6uGTJEd2EPsoR4dR9DUD9bOlSwHiae2D9R6ic78Hgqny8guZR5ibia8ua2xiajYjQkV54KJpnianxtd33deIkg/132"},"isCommentLike":-5,"dislike_count":0},{"id":84037,"parent_id":22703,"type":1,"commentor":501,"gmtCreate":null,"gmtModified":null,"like_count":1,"content":"是老師有問題","anonymity":1,"any_name":"拉面小路","commentCount":null,"user":{"id":501,"name":"Simei","avatar_url":"https://thirdwx.qlogo.cn/mmopen/vi_32/Q0j4TwGTfTLLZ4cK3hXg1gtD8vc94NAx0VoJd98UvKPKlYQU2fHnkjtCSl70HGo47qTFHrHoKribTz6unwCQRBA/132"},"isCommentLike":-5,"dislike_count":0},{"id":83985,"parent_id":83984,"type":2,"commentor":154,"gmtCreate":null,"gmtModified":null,"like_count":0,"content":"是什么问题","anonymity":1,"any_name":"摆烂到底","commentCount":null,"user":{"id":154,"name":"辛勒正","avatar_url":"https://thirdwx.qlogo.cn/mmopen/vi_32/dWx8QYK6vuNf75V8CAXdXVccqgSPllIb2LCZEz9vEn8medYU3aickOxMJKH3kKb3n5ibMfQf7ZvvHbVHkfjHhiarw/132"},"isCommentLike":-5,"dislike_count":0}],"any_name":"摆烂到底","relation":-2,"liked":-4,"anonymity":1,"dislike_count":0}