{"id":22754,"author":null,"author_avatar_url":null,"author_id":1056,"author_status":1,"gmt_create":1652516316225,"gmt_modified":1652516316225,"content":"韩语选修需要买教材吗！","title":"韩语选修需要买教材吗！","description":"no description yet","like_count":0,"comment_count":1,"view_count":33,"type":"post","tag":"not tag yet","imageList":"","content_source":null,"comments":[{"id":84952,"parent_id":22754,"type":1,"commentor":1453,"gmtCreate":null,"gmtModified":null,"like_count":0,"content":"不需要的 看老师的ppt就足够了","anonymity":1,"any_name":"大潭山车队","commentCount":null,"user":{"id":1453,"name":"美味小餐包","avatar_url":"https://thirdwx.qlogo.cn/mmopen/vi_32/SUnMfEq2eJk8Lo9mesUHQ3b1q9d52kHfYDO3KRrk2Xzgg0PLZ9f3zfaPUZlIWFcdSToRuF9FvFiasYNzaIyeIhw/132"},"isCommentLike":-5,"dislike_count":0}],"any_name":"Anton","relation":-2,"liked":-4,"anonymity":1,"dislike_count":0}