{"id":22884,"author":null,"author_avatar_url":null,"author_id":133,"author_status":1,"gmt_create":1652594116571,"gmt_modified":1652594116571,"content":"应用经济和it相比，各位觉得哪个更卷，哪个更难呢，还有从就业的角度来说呢？","title":"应用经济和it相比，各位觉得哪个更卷，哪个更难呢，还有从就业的角度来说呢？","description":"no description yet","like_count":0,"comment_count":4,"view_count":254,"type":"post","tag":"not tag yet","imageList":"","content_source":null,"comments":[{"id":84698,"parent_id":22884,"type":1,"commentor":1655,"gmtCreate":null,"gmtModified":null,"like_count":0,"content":"it","anonymity":1,"any_name":"Anton","commentCount":null,"user":{"id":1655,"name":"应急食品（毕业版）","avatar_url":"http://test01-20200725.oss-cn-shenzhen.aliyuncs.com/image/1636378464049.gif?Expires=1951738454&OSSAccessKeyId=LTAI4G5RL7pjavqASCwc42kR&Signature=Ay0yzvZwaOrfFrXfYrxsTdpLkwM%3D"},"isCommentLike":-5,"dislike_count":0},{"id":84702,"parent_id":22884,"type":1,"commentor":576,"gmtCreate":null,"gmtModified":null,"like_count":0,"content":"it压力真的挺大…","anonymity":1,"any_name":"微积分","commentCount":null,"user":{"id":576,"name":"\uD83E\uDD71","avatar_url":"https://thirdwx.qlogo.cn/mmopen/vi_32/UcdjjDD5LEFEUsPUibN8tiaUaIuD1iccMvTCwTd6uF3MzziaficI0iaft20jHwV7RoiamWUxC0kNbzStfBicbpjnNFJfNg/132"},"isCommentLike":-5,"dislike_count":0},{"id":84715,"parent_id":22884,"type":1,"commentor":4968,"gmtCreate":null,"gmtModified":null,"like_count":0,"content":"能回答这个问题的得是同时学过it和应用经济的才行","anonymity":1,"any_name":"鸡蛋仔","commentCount":null,"user":{"id":4968,"name":"U_644801647564","avatar_url":null},"isCommentLike":-5,"dislike_count":0},{"id":84718,"parent_id":22884,"type":1,"commentor":161,"gmtCreate":null,"gmtModified":null,"like_count":0,"content":"应经有点越级碰瓷了，难还得是it","anonymity":1,"any_name":"亚古兽","commentCount":null,"user":{"id":161,"name":"jellyfish","avatar_url":"https://thirdwx.qlogo.cn/mmopen/vi_32/Q0j4TwGTfTJcXqaZf7oI1NZpdrmqibVtIkq0CLyCOx3J4WvO771FtGLb7ZeliakYoTBAV5E6buWJQVsgrM7JA84g/132"},"isCommentLike":-5,"dislike_count":0}],"any_name":"水箭龟","relation":-2,"liked":-4,"anonymity":1,"dislike_count":0}