{"id":23000,"author":null,"author_avatar_url":null,"author_id":6933,"author_status":1,"gmt_create":1652648080957,"gmt_modified":1652648080957,"content":"这样下去直逼港币原先的0.85了","title":"这样下去直逼港币原先的0.85了","description":"no description yet","like_count":2,"comment_count":2,"view_count":151,"type":"post","tag":"not tag yet","imageList":"http://test01-20200725.oss-cn-shenzhen.aliyuncs.com/image/1652648044222.jpg?Expires=1968008041&OSSAccessKeyId=LTAI4G5RL7pjavqASCwc42kR&Signature=N1s0cxhUycUB2KGwKDXhHywmaSI%3D","content_source":null,"comments":[{"id":85045,"parent_id":23000,"type":1,"commentor":1326,"gmtCreate":null,"gmtModified":null,"like_count":0,"content":"港币早都86了","anonymity":1,"any_name":"哥斯拉","commentCount":null,"user":{"id":1326,"name":"鸡血","avatar_url":"http://test01-20200725.oss-cn-shenzhen.aliyuncs.com/image/1635150113680.jpg?Expires=1950510104&OSSAccessKeyId=LTAI4G5RL7pjavqASCwc42kR&Signature=dVkujUF65Bk0FFu9JFcJuQg23XQ%3D"},"isCommentLike":-5,"dislike_count":0},{"id":85186,"parent_id":85045,"type":2,"commentor":6933,"gmtCreate":null,"gmtModified":null,"like_count":0,"content":"之前的港币稳定于0.85左右","anonymity":1,"any_name":"微积分","commentCount":null,"user":{"id":6933,"name":"只是个小孩","avatar_url":"http://test01-20200725.oss-cn-shenzhen.aliyuncs.com/image/1654520328967.jpg?Expires=1969880326&OSSAccessKeyId=LTAI4G5RL7pjavqASCwc42kR&Signature=Int9SGjhhR5uwyIdZnGz3ob%2Bv2w%3D"},"isCommentLike":-5,"dislike_count":0}],"any_name":"微积分","relation":-2,"liked":-4,"anonymity":1,"dislike_count":0}