{"id":23057,"author":null,"author_avatar_url":null,"author_id":1056,"author_status":1,"gmt_create":1652680243243,"gmt_modified":1652680243243,"content":"煞笔男别坐在自习室看你的游戏视频啊\n是不是在那里笑我真的会谢","title":"煞笔男别坐在自习室看你的游戏视频啊\n是不是在那里笑我真的会谢","description":"no description yet","like_count":1,"comment_count":0,"view_count":6,"type":"post","tag":"not tag yet","imageList":"","content_source":null,"comments":null,"any_name":"拱北快递员","relation":-2,"liked":-4,"anonymity":1,"dislike_count":0}