{"id":23112,"author":null,"author_avatar_url":null,"author_id":635,"author_status":1,"gmt_create":1652698799125,"gmt_modified":1652698799125,"content":"大家喜欢甜豆花还是咸豆花啊？","title":"大家喜欢甜豆花还是咸豆花啊？","description":"no description yet","like_count":0,"comment_count":10,"view_count":139,"type":"post","tag":"not tag yet","imageList":"","content_source":null,"comments":[{"id":85414,"parent_id":23112,"type":1,"commentor":1972,"gmtCreate":null,"gmtModified":null,"like_count":2,"content":"甜豆花！鹹的根本不叫豆花吧 叫豆腐腦","anonymity":1,"any_name":"皮卡丘","commentCount":null,"user":{"id":1972,"name":"阿白","avatar_url":"https://thirdwx.qlogo.cn/mmopen/vi_32/Q3auHgzwzM5a2UxPy88fl8CtqmhLQRfUmcLbAbOZYOLECDeNCYKNeKlUBL7nicy6wV6FCgxcawgy8HGXpSvvdOw/132"},"isCommentLike":-5,"dislike_count":0},{"id":85387,"parent_id":23112,"type":1,"commentor":49,"gmtCreate":null,"gmtModified":null,"like_count":1,"content":"咸豆花!","anonymity":0,"any_name":null,"commentCount":null,"user":{"id":49,"name":"锦鲤king","avatar_url":"http://test01-20200725.oss-cn-shenzhen.aliyuncs.com/image/1666265516382.jpg?Expires=1981625508&OSSAccessKeyId=LTAI4G5RL7pjavqASCwc42kR&Signature=2lsDp8dOMcReGEDHqMR8pKtdkKs%3D"},"isCommentLike":-5,"dislike_count":0},{"id":85389,"parent_id":23112,"type":1,"commentor":4489,"gmtCreate":null,"gmtModified":null,"like_count":0,"content":"both","anonymity":1,"any_name":"多喝热水","commentCount":null,"user":{"id":4489,"name":"39岁离异带二娃","avatar_url":null},"isCommentLike":-5,"dislike_count":0},{"id":85394,"parent_id":23112,"type":1,"commentor":550,"gmtCreate":null,"gmtModified":null,"like_count":0,"content":"甜甜甜","anonymity":1,"any_name":"内卷狂魔","commentCount":null,"user":{"id":550,"name":"W","avatar_url":"https://thirdwx.qlogo.cn/mmopen/vi_32/DYAIOgq83er3Oo2kKcJclA3hk1Sicv8zckVcQ4HdfaOd9IEGYoOrY8jDkZHtHCCRwqNaXGicN1tFia91gU8eAc9BQ/132"},"isCommentLike":-5,"dislike_count":0},{"id":85395,"parent_id":23112,"type":1,"commentor":4748,"gmtCreate":null,"gmtModified":null,"like_count":0,"content":"小孩子才做选择","anonymity":1,"any_name":"六级词汇","commentCount":null,"user":{"id":4748,"name":"U_789441647327","avatar_url":null},"isCommentLike":-5,"dislike_count":0},{"id":85427,"parent_id":23112,"type":1,"commentor":2011,"gmtCreate":null,"gmtModified":null,"like_count":0,"content":"都喜欢！！！各有各的滋味","anonymity":1,"any_name":"人生的智慧","commentCount":null,"user":{"id":2011,"name":"芝士波奇塔","avatar_url":"https://thirdwx.qlogo.cn/mmopen/vi_32/qkJGD8TVtkQaSmRQ1dp6m0CEBhPXe8acZ1WX60IhqVnfxRFPBhkyeRZvLQ18fQUlmH3nJHsgchX8AIIDTIaicEg/132"},"isCommentLike":-5,"dislike_count":0},{"id":85498,"parent_id":23112,"type":1,"commentor":889,"gmtCreate":null,"gmtModified":null,"like_count":0,"content":"甜的豆花，咸的叫豆腐脑叭？","anonymity":1,"any_name":"出前一丁","commentCount":null,"user":{"id":889,"name":"是小咸鱼","avatar_url":"http://test01-20200725.oss-cn-shenzhen.aliyuncs.com/image/1662559494597.gif?Expires=1977919493&OSSAccessKeyId=LTAI4G5RL7pjavqASCwc42kR&Signature=ICVAyRpgxbmnhdI8EAvqLAqLflg%3D"},"isCommentLike":-5,"dislike_count":0},{"id":85390,"parent_id":85387,"type":2,"commentor":4748,"gmtCreate":null,"gmtModified":null,"like_count":0,"content":"你一定是北方人吧","anonymity":1,"any_name":"六级词汇","commentCount":null,"user":{"id":4748,"name":"U_789441647327","avatar_url":null},"isCommentLike":-5,"dislike_count":0},{"id":85397,"parent_id":85390,"type":2,"commentor":49,"gmtCreate":null,"gmtModified":null,"like_count":0,"content":"哈哈哈哈哈哈哈哈","anonymity":0,"any_name":null,"commentCount":null,"user":{"id":49,"name":"锦鲤king","avatar_url":"http://test01-20200725.oss-cn-shenzhen.aliyuncs.com/image/1666265516382.jpg?Expires=1981625508&OSSAccessKeyId=LTAI4G5RL7pjavqASCwc42kR&Signature=2lsDp8dOMcReGEDHqMR8pKtdkKs%3D"},"isCommentLike":-5,"dislike_count":0},{"id":85420,"parent_id":85414,"type":2,"commentor":937,"gmtCreate":null,"gmtModified":null,"like_count":0,"content":"不过甜的也叫豆腐脑","anonymity":1,"any_name":"葡挞","commentCount":null,"user":{"id":937,"name":"Paprika","avatar_url":"https://thirdwx.qlogo.cn/mmopen/vi_32/DYAIOgq83erXO0Hibm3qJlZAq1DEuggbNcFD7NCFFzJrk2VLe4pHwHvbA8JuV9oOibd44ibYWvprax9F18Ank1eibw/132"},"isCommentLike":-5,"dislike_count":0}],"any_name":"offer收割机","relation":-2,"liked":-4,"anonymity":1,"dislike_count":0}