{"id":23295,"author":"U_500291652771","author_avatar_url":null,"author_id":8211,"author_status":1,"gmt_create":1652771822965,"gmt_modified":1652771822965,"content":"家人们 ❗️公司治理❗️  有没有❗️题库❗️或电子版书   ⚽️⚽️\n\uD83E\uDDD0\uD83E\uDDD0\uD83E\uDDD0","title":"家人们 ❗️公司治理❗️  有没有❗️题库❗️或电子版书   ⚽️⚽️\n\uD83E\uDDD0\uD83E\uDDD0\uD83E\uDDD0","description":"no description yet","like_count":0,"comment_count":0,"view_count":13,"type":"post","tag":"not tag yet","imageList":"","content_source":null,"comments":null,"any_name":null,"relation":-2,"liked":-4,"anonymity":0,"dislike_count":0}