{"id":23450,"author":null,"author_avatar_url":null,"author_id":1301,"author_status":1,"gmt_create":1652808618061,"gmt_modified":1652808618061,"content":"15号下午两点做的核酸，是到18号下午两点结束还是18号一整天都可以","title":"15号下午两点做的核酸，是到18号下午两点结束还是18号一整天都可以","description":"no description yet","like_count":0,"comment_count":2,"view_count":66,"type":"post","tag":"not tag yet","imageList":"","content_source":null,"comments":[{"id":86412,"parent_id":23450,"type":1,"commentor":604,"gmtCreate":null,"gmtModified":null,"like_count":0,"content":"一整天都可以","anonymity":0,"any_name":null,"commentCount":null,"user":{"id":604,"name":"，，，，","avatar_url":"http://test01-20200725.oss-cn-shenzhen.aliyuncs.com/image/1631950746265.jpg?Expires=1947310739&OSSAccessKeyId=LTAI4G5RL7pjavqASCwc42kR&Signature=05c5Yh5RvG%2FIXvMEOsxW4D2eNkg%3D"},"isCommentLike":-5,"dislike_count":0},{"id":86427,"parent_id":86412,"type":2,"commentor":1301,"gmtCreate":null,"gmtModified":null,"like_count":0,"content":"欧克","anonymity":1,"any_name":"喷火龙","commentCount":null,"user":{"id":1301,"name":"小欣点了点头","avatar_url":"https://thirdwx.qlogo.cn/mmopen/vi_32/toeqy6FYiadgibicYicjicHlg2Nh0QFvibVjhibCpmwbcP0Wa8HekNNsWfRNYKe3ojbLrhMDdVtyQYRScmMEt5fIYRgzA/132"},"isCommentLike":-5,"dislike_count":0}],"any_name":"喷火龙","relation":-2,"liked":-4,"anonymity":1,"dislike_count":0}