{"id":23684,"author":"~Xenon~","author_avatar_url":"http://test01-20200725.oss-cn-shenzhen.aliyuncs.com/image/1662451495431.gif?Expires=1977811496&OSSAccessKeyId=LTAI4G5RL7pjavqASCwc42kR&Signature=tLEL737zMefpEHXZzQlS%2Bxz88Ts%3D","author_id":682,"author_status":1,"gmt_create":1652880792642,"gmt_modified":1652880792642,"content":"想问个困惑我很久的问题。\nwin10是不是不自带思源黑体和阿里巴巴普惠体啊。\n挺喜欢用这俩字体的，但是担心学校电脑里没有，所以每次pre的时候准备ppt都直接用微软雅黑+Arial了\uD83D\uDE02","title":"想问个困惑我很久的问题。\nwin10是不是不自带思源黑体和阿里巴巴普惠体啊。\n挺喜欢用这俩字体的，但是担心学校电脑里没有，所以每次pre的时候准备ppt都直接用微软雅黑+","description":"no description yet","like_count":0,"comment_count":2,"view_count":100,"type":"post","tag":"not tag yet","imageList":"","content_source":null,"comments":[{"id":87326,"parent_id":23684,"type":1,"commentor":635,"gmtCreate":null,"gmtModified":null,"like_count":0,"content":"我一直以为这两个字体是所有电脑都不自带的","anonymity":1,"any_name":"出前一丁","commentCount":null,"user":{"id":635,"name":"别理我，我比你牛逼","avatar_url":"http://test01-20200725.oss-cn-shenzhen.aliyuncs.com/image/1659496488044.gif?Expires=1974856478&OSSAccessKeyId=LTAI4G5RL7pjavqASCwc42kR&Signature=BDlc8M%2FBnAOuLIx8vfkdijTlje8%3D"},"isCommentLike":-5,"dislike_count":0},{"id":87780,"parent_id":87326,"type":2,"commentor":682,"gmtCreate":null,"gmtModified":null,"like_count":0,"content":"我感觉也是，我记得当年还是我自己把这俩字体装进电脑的。不过我装的字体有点多，都分不清哪些是系统自带的了，做ppt又要考虑到学校电脑是否含有这种字体，所以我就无脑雅黑了","anonymity":0,"any_name":null,"commentCount":null,"user":{"id":682,"name":"~Xenon~","avatar_url":"http://test01-20200725.oss-cn-shenzhen.aliyuncs.com/image/1662451495431.gif?Expires=1977811496&OSSAccessKeyId=LTAI4G5RL7pjavqASCwc42kR&Signature=tLEL737zMefpEHXZzQlS%2Bxz88Ts%3D"},"isCommentLike":-5,"dislike_count":0}],"any_name":null,"relation":-2,"liked":-4,"anonymity":0,"dislike_count":0}