{"id":23779,"author":null,"author_avatar_url":null,"author_id":635,"author_status":1,"gmt_create":1652931061122,"gmt_modified":1652931061122,"content":"我，乞丐，打钱，V我50吃肯德基疯狂星期四","title":"我，乞丐，打钱，V我50吃肯德基疯狂星期四","description":"no description yet","like_count":0,"comment_count":0,"view_count":2,"type":"post","tag":"not tag yet","imageList":"","content_source":null,"comments":null,"any_name":"珠海小天使","relation":-2,"liked":-4,"anonymity":1,"dislike_count":0}