{"id":23796,"author":"lawyouz","author_avatar_url":null,"author_id":8522,"author_status":1,"gmt_create":1652937842998,"gmt_modified":1652937842998,"content":"我就想问问，科大会不会有恋综啊，看别的学校有真的很有趣\uD83C\uDF1A","title":"我就想问问，科大会不会有恋综啊，看别的学校有真的很有趣\uD83C\uDF1A","description":"no description yet","like_count":2,"comment_count":5,"view_count":366,"type":"post","tag":"not tag yet","imageList":"","content_source":null,"comments":[{"id":87749,"parent_id":23796,"type":1,"commentor":166,"gmtCreate":null,"gmtModified":null,"like_count":1,"content":"厦大yyds","anonymity":1,"any_name":"哈士奇","commentCount":null,"user":{"id":166,"name":"蜜桃乌龙辰","avatar_url":"http://test01-20200725.oss-cn-shenzhen.aliyuncs.com/image/1648811943142.jpeg?Expires=1964171933&OSSAccessKeyId=LTAI4G5RL7pjavqASCwc42kR&Signature=zLMV1yAVlaNtqjUfhFB4s0PL%2F28%3D"},"isCommentLike":-5,"dislike_count":0},{"id":87734,"parent_id":23796,"type":1,"commentor":1295,"gmtCreate":null,"gmtModified":null,"like_count":0,"content":"别的学校有恋综？第一次听说，还以为明星才有综艺节目呢，哪个学校有呀","anonymity":1,"any_name":"鸡蛋仔","commentCount":null,"user":{"id":1295,"name":"U_637031633831","avatar_url":null},"isCommentLike":-5,"dislike_count":0},{"id":87739,"parent_id":23796,"type":1,"commentor":635,"gmtCreate":null,"gmtModified":null,"like_count":0,"content":"有人想看就可以拍","anonymity":1,"any_name":"允指原味鸡","commentCount":null,"user":{"id":635,"name":"别理我，我比你牛逼","avatar_url":"http://test01-20200725.oss-cn-shenzhen.aliyuncs.com/image/1659496488044.gif?Expires=1974856478&OSSAccessKeyId=LTAI4G5RL7pjavqASCwc42kR&Signature=BDlc8M%2FBnAOuLIx8vfkdijTlje8%3D"},"isCommentLike":-5,"dislike_count":0},{"id":87738,"parent_id":87734,"type":2,"commentor":8522,"gmtCreate":null,"gmtModified":null,"like_count":0,"content":"厦大有哎！","anonymity":0,"any_name":null,"commentCount":null,"user":{"id":8522,"name":"lawyouz","avatar_url":null},"isCommentLike":-5,"dislike_count":0},{"id":87741,"parent_id":87739,"type":2,"commentor":8522,"gmtCreate":null,"gmtModified":null,"like_count":0,"content":"\uD83C\uDF1A真的觉得很有趣哎","anonymity":0,"any_name":null,"commentCount":null,"user":{"id":8522,"name":"lawyouz","avatar_url":null},"isCommentLike":-5,"dislike_count":0}],"any_name":null,"relation":-2,"liked":-4,"anonymity":0,"dislike_count":0}