{"id":23811,"author":null,"author_avatar_url":null,"author_id":756,"author_status":1,"gmt_create":1652941753845,"gmt_modified":1652941753845,"content":"免费解答高数！就当期末复习了！因为也不知道复习啥啊哈哈哈哈哈哈，有什么问题可以点赞私","title":"免费解答高数！就当期末复习了！因为也不知道复习啥啊哈哈哈哈哈哈，有什么问题可以点赞私","description":"no description yet","like_count":3,"comment_count":1,"view_count":178,"type":"post","tag":"not tag yet","imageList":"","content_source":null,"comments":[{"id":87794,"parent_id":23811,"type":1,"commentor":6933,"gmtCreate":null,"gmtModified":null,"like_count":0,"content":"大佬请看上面那条消息","anonymity":1,"any_name":"哥斯拉","commentCount":null,"user":{"id":6933,"name":"只是个小孩","avatar_url":"http://test01-20200725.oss-cn-shenzhen.aliyuncs.com/image/1654520328967.jpg?Expires=1969880326&OSSAccessKeyId=LTAI4G5RL7pjavqASCwc42kR&Signature=Int9SGjhhR5uwyIdZnGz3ob%2Bv2w%3D"},"isCommentLike":-5,"dislike_count":0}],"any_name":"咖哩鱼蛋","relation":-2,"liked":-4,"anonymity":1,"dislike_count":0}