{"id":23903,"author":null,"author_avatar_url":null,"author_id":104,"author_status":1,"gmt_create":1652966064008,"gmt_modified":1652966064008,"content":"香榭里的蝴蝶酥真的好好吃\uD83E\uDEE4","title":"香榭里的蝴蝶酥真的好好吃\uD83E\uDEE4","description":"no description yet","like_count":5,"comment_count":0,"view_count":11,"type":"post","tag":"not tag yet","imageList":"","content_source":null,"comments":null,"any_name":"咖哩鱼蛋","relation":-2,"liked":-4,"anonymity":1,"dislike_count":0}