{"id":24004,"author":null,"author_avatar_url":null,"author_id":6892,"author_status":1,"gmt_create":1653020417329,"gmt_modified":1653020417329,"content":"\uD83E\uDD7A","title":"\uD83E\uDD7A","description":"no description yet","like_count":14,"comment_count":0,"view_count":16,"type":"post","tag":"not tag yet","imageList":"http://test01-20200725.oss-cn-shenzhen.aliyuncs.com/image/1653020388457.jpg?Expires=1968380385&OSSAccessKeyId=LTAI4G5RL7pjavqASCwc42kR&Signature=h6Sr47OBQPyF%2B3UBL6GXduwqn6E%3D","content_source":null,"comments":null,"any_name":"拱北吴彦祖","relation":-2,"liked":-4,"anonymity":1,"dislike_count":0}