{"id":2425,"author":null,"author_avatar_url":null,"author_id":1180,"author_status":1,"gmt_create":1634006881384,"gmt_modified":1634006881384,"content":"有会建模的uu\n想参加东莞杯国际工业大赛吗\n组员都很认真","title":"有会建模的uu\n想参加东莞杯国际工业大赛吗\n组员都很认真","description":"no description yet","like_count":0,"comment_count":9,"view_count":76,"type":"post","tag":"not tag yet","imageList":"http://test01-20200725.oss-cn-shenzhen.aliyuncs.com/image/1634006885865.jpg?Expires=1949366880&OSSAccessKeyId=LTAI4G5RL7pjavqASCwc42kR&Signature=eJCz9NMqSRygAnIN6BT8Ttlh4kA%3D","content_source":null,"comments":[{"id":7962,"parent_id":2425,"type":1,"commentor":182,"gmtCreate":null,"gmtModified":null,"like_count":0,"content":"不同学校的可以一起参加的嘛 我朋友学工业设计的","anonymity":0,"any_name":null,"commentCount":null,"user":{"id":182,"name":"麦麦脆汁鸡","avatar_url":"https://thirdwx.qlogo.cn/mmopen/vi_32/A19Cv4bL1BicibtcgnSAQleHO4pPBaiaeuaLsK4AwaVia0fkjFEg2Spf81EswrwBYVFkfnVoqNyib5rJtulVyUNwTQQ/132"},"isCommentLike":-5,"dislike_count":0},{"id":7977,"parent_id":2425,"type":1,"commentor":1180,"gmtCreate":null,"gmtModified":null,"like_count":0,"content":"可以的 是港澳台的吗","anonymity":1,"any_name":"珠海小天使","commentCount":null,"user":{"id":1180,"name":"哄哄","avatar_url":"https://thirdwx.qlogo.cn/mmopen/vi_32/Q3auHgzwzM5jSdD0eyOwiarVcLXwvPicK0RvFrnFQYMkbobiafOAHRuu5Sjsib5icgFS2VoPf4Rsdz6IJ7wvLCO2iaMA/132"},"isCommentLike":-5,"dislike_count":0},{"id":8055,"parent_id":2425,"type":1,"commentor":91,"gmtCreate":null,"gmtModified":null,"like_count":0,"content":"举手\uD83D\uDE4B","anonymity":0,"any_name":null,"commentCount":null,"user":{"id":91,"name":"安锐冬","avatar_url":"https://thirdwx.qlogo.cn/mmopen/vi_32/R7Q5vCl1PhM2tVJ2N1NuWia22JflBvEPJbozkGMzg4f9hKv8DQUiavbmSMV9Wib7jvT7XT43wJmJ3IvNhAKgMJgVQ/132"},"isCommentLike":-5,"dislike_count":0},{"id":7978,"parent_id":7962,"type":2,"commentor":1180,"gmtCreate":null,"gmtModified":null,"like_count":0,"content":"可以的 是港澳台地区的吗","anonymity":1,"any_name":"珠海小天使","commentCount":null,"user":{"id":1180,"name":"哄哄","avatar_url":"https://thirdwx.qlogo.cn/mmopen/vi_32/Q3auHgzwzM5jSdD0eyOwiarVcLXwvPicK0RvFrnFQYMkbobiafOAHRuu5Sjsib5icgFS2VoPf4Rsdz6IJ7wvLCO2iaMA/132"},"isCommentLike":-5,"dislike_count":0},{"id":8005,"parent_id":7978,"type":2,"commentor":182,"gmtCreate":null,"gmtModified":null,"like_count":0,"content":"不是诶 就是内地的\uD83D\uDE25","anonymity":0,"any_name":null,"commentCount":null,"user":{"id":182,"name":"麦麦脆汁鸡","avatar_url":"https://thirdwx.qlogo.cn/mmopen/vi_32/A19Cv4bL1BicibtcgnSAQleHO4pPBaiaeuaLsK4AwaVia0fkjFEg2Spf81EswrwBYVFkfnVoqNyib5rJtulVyUNwTQQ/132"},"isCommentLike":-5,"dislike_count":0},{"id":8007,"parent_id":8005,"type":2,"commentor":1180,"gmtCreate":null,"gmtModified":null,"like_count":0,"content":"这个是针对港澳台的人\uD83D\uDE2D","anonymity":1,"any_name":"珠海小天使","commentCount":null,"user":{"id":1180,"name":"哄哄","avatar_url":"https://thirdwx.qlogo.cn/mmopen/vi_32/Q3auHgzwzM5jSdD0eyOwiarVcLXwvPicK0RvFrnFQYMkbobiafOAHRuu5Sjsib5icgFS2VoPf4Rsdz6IJ7wvLCO2iaMA/132"},"isCommentLike":-5,"dislike_count":0},{"id":8053,"parent_id":8007,"type":2,"commentor":182,"gmtCreate":null,"gmtModified":null,"like_count":0,"content":"呜呜呜那好吧 有缘再让她跟你一起合作！","anonymity":0,"any_name":null,"commentCount":null,"user":{"id":182,"name":"麦麦脆汁鸡","avatar_url":"https://thirdwx.qlogo.cn/mmopen/vi_32/A19Cv4bL1BicibtcgnSAQleHO4pPBaiaeuaLsK4AwaVia0fkjFEg2Spf81EswrwBYVFkfnVoqNyib5rJtulVyUNwTQQ/132"},"isCommentLike":-5,"dislike_count":0},{"id":8056,"parent_id":8055,"type":2,"commentor":91,"gmtCreate":null,"gmtModified":null,"like_count":0,"content":"要一起组队吗？","anonymity":0,"any_name":null,"commentCount":null,"user":{"id":91,"name":"安锐冬","avatar_url":"https://thirdwx.qlogo.cn/mmopen/vi_32/R7Q5vCl1PhM2tVJ2N1NuWia22JflBvEPJbozkGMzg4f9hKv8DQUiavbmSMV9Wib7jvT7XT43wJmJ3IvNhAKgMJgVQ/132"},"isCommentLike":-5,"dislike_count":0},{"id":8065,"parent_id":8055,"type":2,"commentor":1180,"gmtCreate":null,"gmtModified":null,"like_count":0,"content":"组队！","anonymity":0,"any_name":null,"commentCount":null,"user":{"id":1180,"name":"哄哄","avatar_url":"https://thirdwx.qlogo.cn/mmopen/vi_32/Q3auHgzwzM5jSdD0eyOwiarVcLXwvPicK0RvFrnFQYMkbobiafOAHRuu5Sjsib5icgFS2VoPf4Rsdz6IJ7wvLCO2iaMA/132"},"isCommentLike":-5,"dislike_count":0}],"any_name":"珠海小天使","relation":-2,"liked":-4,"anonymity":1,"dislike_count":0}