{"id":24287,"author":null,"author_avatar_url":null,"author_id":186,"author_status":1,"gmt_create":1653121711049,"gmt_modified":1653121711049,"content":"有些人优越感简直不要太强了\uD83D\uDE05明明没什么可优越的资本","title":"有些人优越感简直不要太强了\uD83D\uDE05明明没什么可优越的资本","description":"no description yet","like_count":3,"comment_count":8,"view_count":307,"type":"post","tag":"not tag yet","imageList":"","content_source":null,"comments":[{"id":89105,"parent_id":24287,"type":1,"commentor":186,"gmtCreate":null,"gmtModified":null,"like_count":0,"content":"我真是不知道是情商低还是自卑还是真的觉得自己很牛","anonymity":1,"any_name":"大潭山车队","commentCount":null,"user":{"id":186,"name":"哄哄","avatar_url":"https://thirdwx.qlogo.cn/mmopen/vi_32/Q3auHgzwzM6FlWWX47uibZUVbNHxS35uPCoXC35foGw1PPdbb2FmYQofGGCwewRoqKRd78icMB5ASoxbiaEm0eDQQ/132"},"isCommentLike":-5,"dislike_count":0},{"id":89106,"parent_id":24287,"type":1,"commentor":635,"gmtCreate":null,"gmtModified":null,"like_count":0,"content":"我是天下第一！","anonymity":1,"any_name":"咖哩鱼蛋","commentCount":null,"user":{"id":635,"name":"别理我，我比你牛逼","avatar_url":"http://test01-20200725.oss-cn-shenzhen.aliyuncs.com/image/1659496488044.gif?Expires=1974856478&OSSAccessKeyId=LTAI4G5RL7pjavqASCwc42kR&Signature=BDlc8M%2FBnAOuLIx8vfkdijTlje8%3D"},"isCommentLike":-5,"dislike_count":0},{"id":89110,"parent_id":24287,"type":1,"commentor":981,"gmtCreate":null,"gmtModified":null,"like_count":0,"content":"我是天下第一！","anonymity":1,"any_name":"英国短毛猫","commentCount":null,"user":{"id":981,"name":"长句","avatar_url":"https://thirdwx.qlogo.cn/mmopen/vi_32/h2eVI2ysJw3XgGIGCHXjtxYDC3ia24GHAjjIIicQ4pa2bMT5GQq8Po3Hdzhadp8gyVXBiaGsOYFKTcJVBm958rwibQ/132"},"isCommentLike":-5,"dislike_count":0},{"id":89111,"parent_id":89106,"type":2,"commentor":186,"gmtCreate":null,"gmtModified":null,"like_count":0,"content":"啥意思","anonymity":1,"any_name":"大潭山车队","commentCount":null,"user":{"id":186,"name":"哄哄","avatar_url":"https://thirdwx.qlogo.cn/mmopen/vi_32/Q3auHgzwzM6FlWWX47uibZUVbNHxS35uPCoXC35foGw1PPdbb2FmYQofGGCwewRoqKRd78icMB5ASoxbiaEm0eDQQ/132"},"isCommentLike":-5,"dislike_count":0},{"id":89112,"parent_id":89110,"type":2,"commentor":186,"gmtCreate":null,"gmtModified":null,"like_count":0,"content":"啥意思 这种加油打气的话不是优越感吧","anonymity":1,"any_name":"大潭山车队","commentCount":null,"user":{"id":186,"name":"哄哄","avatar_url":"https://thirdwx.qlogo.cn/mmopen/vi_32/Q3auHgzwzM6FlWWX47uibZUVbNHxS35uPCoXC35foGw1PPdbb2FmYQofGGCwewRoqKRd78icMB5ASoxbiaEm0eDQQ/132"},"isCommentLike":-5,"dislike_count":0},{"id":89216,"parent_id":89110,"type":2,"commentor":1471,"gmtCreate":null,"gmtModified":null,"like_count":0,"content":"哈哈，本人遇到过经常挂科考完试还要炫耀很简单的，反正啥都跟你炫，实际上自己屁用没用，要智商没智商要努力不努力要脸也没脸","anonymity":1,"any_name":"允指原味鸡","commentCount":null,"user":{"id":1471,"name":"塔可","avatar_url":null},"isCommentLike":-5,"dislike_count":0},{"id":89217,"parent_id":89112,"type":2,"commentor":1471,"gmtCreate":null,"gmtModified":null,"like_count":0,"content":"OM G本来想回复楼主的怎么跑这里来了","anonymity":1,"any_name":"允指原味鸡","commentCount":null,"user":{"id":1471,"name":"塔可","avatar_url":null},"isCommentLike":-5,"dislike_count":0},{"id":89264,"parent_id":89216,"type":2,"commentor":186,"gmtCreate":null,"gmtModified":null,"like_count":0,"content":"你这么说我就释怀多了 被优越人整得快抑郁了 天天看不起我 实际自己还不如我。。","anonymity":1,"any_name":"大潭山车队","commentCount":null,"user":{"id":186,"name":"哄哄","avatar_url":"https://thirdwx.qlogo.cn/mmopen/vi_32/Q3auHgzwzM6FlWWX47uibZUVbNHxS35uPCoXC35foGw1PPdbb2FmYQofGGCwewRoqKRd78icMB5ASoxbiaEm0eDQQ/132"},"isCommentLike":-5,"dislike_count":0}],"any_name":"大潭山车队","relation":-2,"liked":-4,"anonymity":1,"dislike_count":0}