{"id":24454,"author":null,"author_avatar_url":null,"author_id":891,"author_status":1,"gmt_create":1653169390766,"gmt_modified":1653169390766,"content":"没有通宵学习的经历是不是不圆满。感觉身边人都有通宵学习的经历。","title":"没有通宵学习的经历是不是不圆满。感觉身边人都有通宵学习的经历。","description":"no description yet","like_count":0,"comment_count":3,"view_count":226,"type":"post","tag":"not tag yet","imageList":"","content_source":null,"comments":[{"id":89590,"parent_id":24454,"type":1,"commentor":1111,"gmtCreate":null,"gmtModified":null,"like_count":3,"content":"如非必要，没有必要…………","anonymity":1,"any_name":"内卷狂魔","commentCount":null,"user":{"id":1111,"name":"WeBug","avatar_url":"https://thirdwx.qlogo.cn/mmopen/vi_32/Q0j4TwGTfTL7DdUiaLBYFA4Er91DRaYffMibicYk4A0XlnbF7NuFUcPdZJdfrFVs1I7ia2uYNKWOdMia4yibBgbZHPibw/132"},"isCommentLike":-5,"dislike_count":0},{"id":89601,"parent_id":24454,"type":1,"commentor":8651,"gmtCreate":null,"gmtModified":null,"like_count":0,"content":"平时好好学，没必要考试前通宵","anonymity":0,"any_name":null,"commentCount":null,"user":{"id":8651,"name":"墮落的楓","avatar_url":null},"isCommentLike":-5,"dislike_count":0},{"id":89591,"parent_id":89590,"type":2,"commentor":1111,"gmtCreate":null,"gmtModified":null,"like_count":0,"content":"这名字哈哈哈哈哈哈我不摆烂不错了","anonymity":1,"any_name":"内卷狂魔","commentCount":null,"user":{"id":1111,"name":"WeBug","avatar_url":"https://thirdwx.qlogo.cn/mmopen/vi_32/Q0j4TwGTfTL7DdUiaLBYFA4Er91DRaYffMibicYk4A0XlnbF7NuFUcPdZJdfrFVs1I7ia2uYNKWOdMia4yibBgbZHPibw/132"},"isCommentLike":-5,"dislike_count":0}],"any_name":"Anton","relation":-2,"liked":-4,"anonymity":1,"dislike_count":0}