{"id":24550,"author":null,"author_avatar_url":null,"author_id":1650,"author_status":1,"gmt_create":1653216580035,"gmt_modified":1653216580035,"content":"应经绩点3.6算高吗\uD83D\uDE2D \n很苦恼啊\uD83D\uDE22","title":"应经绩点3.6算高吗\uD83D\uDE2D \n很苦恼啊\uD83D\uDE22","description":"no description yet","like_count":1,"comment_count":1,"view_count":389,"type":"post","tag":"not tag yet","imageList":"","content_source":null,"comments":[{"id":89994,"parent_id":24550,"type":1,"commentor":154,"gmtCreate":null,"gmtModified":null,"like_count":0,"content":"虽然认识不少3.6+的应经人，但应该也算高的","anonymity":1,"any_name":"和味牛杂","commentCount":null,"user":{"id":154,"name":"辛勒正","avatar_url":"https://thirdwx.qlogo.cn/mmopen/vi_32/dWx8QYK6vuNf75V8CAXdXVccqgSPllIb2LCZEz9vEn8medYU3aickOxMJKH3kKb3n5ibMfQf7ZvvHbVHkfjHhiarw/132"},"isCommentLike":-5,"dislike_count":0}],"any_name":"咖哩鱼蛋","relation":-2,"liked":-4,"anonymity":1,"dislike_count":0}