{"id":24638,"author":null,"author_avatar_url":null,"author_id":983,"author_status":1,"gmt_create":1653234434675,"gmt_modified":1653234434675,"content":"我是爸宝女 想我可爱的老爹地了\uD83D\uDE2D\uD83D\uDE2D","title":"我是爸宝女 想我可爱的老爹地了\uD83D\uDE2D\uD83D\uDE2D","description":"no description yet","like_count":1,"comment_count":1,"view_count":116,"type":"post","tag":"not tag yet","imageList":"","content_source":null,"comments":[{"id":90245,"parent_id":24638,"type":1,"commentor":6661,"gmtCreate":null,"gmtModified":null,"like_count":0,"content":"我也，好像缠在爸妈身上撒娇","anonymity":1,"any_name":"水箭龟","commentCount":null,"user":{"id":6661,"name":"两米八","avatar_url":null},"isCommentLike":-5,"dislike_count":0}],"any_name":"鸡蛋仔","relation":-2,"liked":-4,"anonymity":1,"dislike_count":0}