{"id":2472,"author":"~Xenon~","author_avatar_url":"http://test01-20200725.oss-cn-shenzhen.aliyuncs.com/image/1662451495431.gif?Expires=1977811496&OSSAccessKeyId=LTAI4G5RL7pjavqASCwc42kR&Signature=tLEL737zMefpEHXZzQlS%2Bxz88Ts%3D","author_id":682,"author_status":1,"gmt_create":1634052753344,"gmt_modified":1634052753344,"content":"根据气象台的消息，目前八号风球已经发出，预计维持到明天清晨。如果八号风球能维持到明早6:30，那么明天下午2点之前的课就都会取消。","title":"根据气象台的消息，目前八号风球已经发出，预计维持到明天清晨。如果八号风球能维持到明早6:30，那么明天下午2点之前的课就都会取消。","description":"no description yet","like_count":4,"comment_count":0,"view_count":35,"type":"post","tag":"not tag yet","imageList":"http://test01-20200725.oss-cn-shenzhen.aliyuncs.com/image/1634052676851.jpg?Expires=1949412672&OSSAccessKeyId=LTAI4G5RL7pjavqASCwc42kR&Signature=JixkiaCoPgQUdNcar8%2BhKfNR7lU%3D;http://test01-20200725.oss-cn-shenzhen.aliyuncs.com/image/1634052675274.jpg?Expires=1949412676&OSSAccessKeyId=LTAI4G5RL7pjavqASCwc42kR&Signature=8%2BSgu%2FSXlSQ9XTnUxT74axYX5jk%3D","content_source":null,"comments":null,"any_name":null,"relation":-2,"liked":-4,"anonymity":0,"dislike_count":0}