{"id":24907,"author":null,"author_avatar_url":null,"author_id":1641,"author_status":1,"gmt_create":1653357743875,"gmt_modified":1653357743875,"content":"占座怪还理直气壮呢？","title":"占座怪还理直气壮呢？","description":"no description yet","like_count":0,"comment_count":2,"view_count":184,"type":"post","tag":"not tag yet","imageList":"","content_source":null,"comments":[{"id":91145,"parent_id":24907,"type":1,"commentor":254,"gmtCreate":null,"gmtModified":null,"like_count":4,"content":"喜爱者称为宜室宜家，不爱者弃之逐水飘零，其实各花入各眼，是非只在人心罢了。\uD83D\uDE1C","anonymity":1,"any_name":"拱北吴彦祖","commentCount":null,"user":{"id":254,"name":"超人不会飞","avatar_url":"https://thirdwx.qlogo.cn/mmopen/vi_32/Q0j4TwGTfTJJIqnV1t5iaOItfKYvJJW68JsWPJrtb0DCf6MmmKNlNse2O8wPDxkMoguygwwsX9PXictI2DALHSzg/132"},"isCommentLike":-5,"dislike_count":0},{"id":91150,"parent_id":91145,"type":2,"commentor":1641,"gmtCreate":null,"gmtModified":null,"like_count":0,"content":"嗯呢","anonymity":1,"any_name":"皮卡丘","commentCount":null,"user":{"id":1641,"name":"U_328351636374","avatar_url":null},"isCommentLike":-5,"dislike_count":0}],"any_name":"皮卡丘","relation":-2,"liked":-4,"anonymity":1,"dislike_count":0}