{"id":25183,"author":null,"author_avatar_url":null,"author_id":1090,"author_status":1,"gmt_create":1653470250373,"gmt_modified":1653470250373,"content":"先问问 可以举报a找了代写吗？是专业人代写的，我没有a的交易证据，但a确实找代写，这样真的很不公平而且就觉得无奈，不尊重别的同学的劳动成果。","title":"先问问 可以举报a找了代写吗？是专业人代写的，我没有a的交易证据，但a确实找代写，这样真的很不公平而且就觉得无奈，不尊重别的同学的劳动成果。","description":"no description yet","like_count":3,"comment_count":6,"view_count":554,"type":"post","tag":"not tag yet","imageList":"","content_source":null,"comments":[{"id":92069,"parent_id":25183,"type":1,"commentor":161,"gmtCreate":null,"gmtModified":null,"like_count":0,"content":"匿名举报，老师会留心眼的","anonymity":1,"any_name":"六级词汇","commentCount":null,"user":{"id":161,"name":"jellyfish","avatar_url":"https://thirdwx.qlogo.cn/mmopen/vi_32/Q0j4TwGTfTJcXqaZf7oI1NZpdrmqibVtIkq0CLyCOx3J4WvO771FtGLb7ZeliakYoTBAV5E6buWJQVsgrM7JA84g/132"},"isCommentLike":-5,"dislike_count":0},{"id":92075,"parent_id":25183,"type":1,"commentor":2102,"gmtCreate":null,"gmtModified":null,"like_count":0,"content":"我之前也听到一个 我认识教她那门课的老师 感觉这种行为很不齿 不知道怎么跟老师说","anonymity":1,"any_name":"offer收割机","commentCount":null,"user":{"id":2102,"name":"e","avatar_url":"https://thirdwx.qlogo.cn/mmopen/vi_32/169Fdt2Xmo4LsviaIia6VFGwnzCgTsvs17klzXibFWnWxtDNFoV1JiaUQphaME3Cq1icyjqVpicRxUTtTWL455XwVZjQ/132"},"isCommentLike":-5,"dislike_count":0},{"id":92070,"parent_id":92069,"type":2,"commentor":161,"gmtCreate":null,"gmtModified":null,"like_count":0,"content":"实名也可，可信度高一点，老师不会暴露你，放心","anonymity":1,"any_name":"六级词汇","commentCount":null,"user":{"id":161,"name":"jellyfish","avatar_url":"https://thirdwx.qlogo.cn/mmopen/vi_32/Q0j4TwGTfTJcXqaZf7oI1NZpdrmqibVtIkq0CLyCOx3J4WvO771FtGLb7ZeliakYoTBAV5E6buWJQVsgrM7JA84g/132"},"isCommentLike":-5,"dislike_count":0},{"id":92072,"parent_id":92070,"type":2,"commentor":1090,"gmtCreate":null,"gmtModified":null,"like_count":0,"content":"我和他不是一个学院的，所以我也不知道怎么举报去，而且他也大肆宣扬自己找代写这件事情","anonymity":0,"any_name":null,"commentCount":null,"user":{"id":1090,"name":"深圳地铁员","avatar_url":"http://test01-20200725.oss-cn-shenzhen.aliyuncs.com/image/1651339366496.jpg?Expires=1966699363&OSSAccessKeyId=LTAI4G5RL7pjavqASCwc42kR&Signature=zseHB%2FxXp3GIRJt8w0oCJC4OiTo%3D"},"isCommentLike":-5,"dislike_count":0},{"id":92094,"parent_id":92072,"type":2,"commentor":161,"gmtCreate":null,"gmtModified":null,"like_count":0,"content":"找他那门课的老师的邮箱！","anonymity":1,"any_name":"六级词汇","commentCount":null,"user":{"id":161,"name":"jellyfish","avatar_url":"https://thirdwx.qlogo.cn/mmopen/vi_32/Q0j4TwGTfTJcXqaZf7oI1NZpdrmqibVtIkq0CLyCOx3J4WvO771FtGLb7ZeliakYoTBAV5E6buWJQVsgrM7JA84g/132"},"isCommentLike":-5,"dislike_count":0},{"id":92116,"parent_id":92094,"type":2,"commentor":1090,"gmtCreate":null,"gmtModified":null,"like_count":0,"content":"只知道是国旅的，\uD83D\uDE3F他的导师和别的信息都不知道","anonymity":0,"any_name":null,"commentCount":null,"user":{"id":1090,"name":"深圳地铁员","avatar_url":"http://test01-20200725.oss-cn-shenzhen.aliyuncs.com/image/1651339366496.jpg?Expires=1966699363&OSSAccessKeyId=LTAI4G5RL7pjavqASCwc42kR&Signature=zseHB%2FxXp3GIRJt8w0oCJC4OiTo%3D"},"isCommentLike":-5,"dislike_count":0}],"any_name":"微积分","relation":-2,"liked":-4,"anonymity":1,"dislike_count":0}