{"id":25212,"author":null,"author_avatar_url":null,"author_id":756,"author_status":1,"gmt_create":1653479069862,"gmt_modified":1653479069862,"content":"科大的应经专业算好算坏啊\uD83E\uDD72","title":"科大的应经专业算好算坏啊\uD83E\uDD72","description":"no description yet","like_count":0,"comment_count":2,"view_count":161,"type":"post","tag":"not tag yet","imageList":"","content_source":null,"comments":[{"id":92216,"parent_id":25212,"type":1,"commentor":1531,"gmtCreate":null,"gmtModified":null,"like_count":0,"content":"坏，啥都学一点啥都学不精，读完本科出来一点用没有，必须深造","anonymity":1,"any_name":"英国短毛猫","commentCount":null,"user":{"id":1531,"name":"①ge亻の繫、谟灬","avatar_url":"http://test01-20200725.oss-cn-shenzhen.aliyuncs.com/image/1650860422937.jpg?Expires=1966220421&OSSAccessKeyId=LTAI4G5RL7pjavqASCwc42kR&Signature=Z8z9lqw1U1Ruv4qhbRbd8o1CGVw%3D"},"isCommentLike":-5,"dislike_count":0},{"id":92222,"parent_id":92216,"type":2,"commentor":756,"gmtCreate":null,"gmtModified":null,"like_count":0,"content":"\uD83E\uDD72","anonymity":1,"any_name":"允指原味鸡","commentCount":null,"user":{"id":756,"name":"Habseligkeit","avatar_url":"https://thirdwx.qlogo.cn/mmopen/vi_32/N68LP3ophia5U86K2ibdbibtIW0ibnfuzTufUOXj4T1XkqCQOECJJfuK3ZuQuRlgsbIjtwSjQPDictHr3gVvickKq4GA/132"},"isCommentLike":-5,"dislike_count":0}],"any_name":"允指原味鸡","relation":-2,"liked":-4,"anonymity":1,"dislike_count":0}