{"id":2521,"author":null,"author_avatar_url":null,"author_id":716,"author_status":1,"gmt_create":1634137361675,"gmt_modified":1634137361675,"content":"有人知道海淘到澳门容易被税么？","title":"有人知道海淘到澳门容易被税么？","description":"no description yet","like_count":0,"comment_count":1,"view_count":99,"type":"post","tag":"not tag yet","imageList":"","content_source":null,"comments":[{"id":8243,"parent_id":2521,"type":1,"commentor":938,"gmtCreate":null,"gmtModified":null,"like_count":0,"content":"不会","anonymity":0,"any_name":null,"commentCount":null,"user":{"id":938,"name":"乃琳Queen","avatar_url":"http://test01-20200725.oss-cn-shenzhen.aliyuncs.com/image/1637200944626.jpg?Expires=1952560937&OSSAccessKeyId=LTAI4G5RL7pjavqASCwc42kR&Signature=pBHR4LgHs5HuLZwVU43bVok7vd0%3D"},"isCommentLike":-5,"dislike_count":0}],"any_name":"老板","relation":-2,"liked":-4,"anonymity":1,"dislike_count":0}