{"id":25245,"author":null,"author_avatar_url":null,"author_id":6902,"author_status":1,"gmt_create":1653486781354,"gmt_modified":1653486781354,"content":"我今年一月份买的有效期180天的财务会计导论密码纸，下学期还能用吗\uD83D\uDE22","title":"我今年一月份买的有效期180天的财务会计导论密码纸，下学期还能用吗\uD83D\uDE22","description":"no description yet","like_count":0,"comment_count":4,"view_count":113,"type":"post","tag":"not tag yet","imageList":"","content_source":null,"comments":[{"id":92277,"parent_id":25245,"type":1,"commentor":1944,"gmtCreate":null,"gmtModified":null,"like_count":0,"content":"可以","anonymity":1,"any_name":"拱北快递员","commentCount":null,"user":{"id":1944,"name":"发","avatar_url":"https://thirdwx.qlogo.cn/mmopen/vi_32/Q3auHgzwzM6CnfHMVicMH4TNXL2bzn1r4MopU407VGiab5Ow2SoqwIxIe3HTqgicy968GezO1meWqDk0xUydv9jRA/132"},"isCommentLike":-5,"dislike_count":0},{"id":92281,"parent_id":25245,"type":1,"commentor":2931,"gmtCreate":null,"gmtModified":null,"like_count":0,"content":"如果有注册八月就过期啦 好像不能用","anonymity":1,"any_name":"咖哩鱼蛋","commentCount":null,"user":{"id":2931,"name":"U_238651642175","avatar_url":null},"isCommentLike":-5,"dislike_count":0},{"id":92279,"parent_id":92277,"type":2,"commentor":6902,"gmtCreate":null,"gmtModified":null,"like_count":0,"content":"好耶谢谢你","anonymity":1,"any_name":"Jerry","commentCount":null,"user":{"id":6902,"name":"U_819851650810","avatar_url":null},"isCommentLike":-5,"dislike_count":0},{"id":92283,"parent_id":92281,"type":2,"commentor":6902,"gmtCreate":null,"gmtModified":null,"like_count":0,"content":"不过我的是买了一直没注册","anonymity":1,"any_name":"Jerry","commentCount":null,"user":{"id":6902,"name":"U_819851650810","avatar_url":null},"isCommentLike":-5,"dislike_count":0}],"any_name":"Jerry","relation":-2,"liked":-4,"anonymity":1,"dislike_count":0}