{"id":25357,"author":null,"author_avatar_url":null,"author_id":2141,"author_status":1,"gmt_create":1653544450196,"gmt_modified":1653544450196,"content":"27横琴到金湾有人一起拼车吗\n晚上八点的飞机","title":"27横琴到金湾有人一起拼车吗\n晚上八点的飞机","description":"no description yet","like_count":1,"comment_count":1,"view_count":23,"type":"post","tag":"not tag yet","imageList":"","content_source":null,"comments":[{"id":92707,"parent_id":25357,"type":1,"commentor":1225,"gmtCreate":null,"gmtModified":null,"like_count":0,"content":"dd给你点赞了","anonymity":1,"any_name":"三鲜水饺","commentCount":null,"user":{"id":1225,"name":"风","avatar_url":"http://test01-20200725.oss-cn-shenzhen.aliyuncs.com/image/1665830740553.jpg?Expires=1981190737&OSSAccessKeyId=LTAI4G5RL7pjavqASCwc42kR&Signature=wG2C4kASfrzcDMVXQHd1zq89hrM%3D"},"isCommentLike":-5,"dislike_count":0}],"any_name":"微积分","relation":-2,"liked":-4,"anonymity":1,"dislike_count":0}