{"id":2537,"author":null,"author_avatar_url":null,"author_id":864,"author_status":1,"gmt_create":1634186586291,"gmt_modified":1634186586291,"content":"讲句公道话 集体生活大家所受的教育什么都不一样 从小父母灌输的理念以及生活习性不一样 有的妈妈可能说女孩子的贴身衣物要自己手洗 有的妈妈可能说内衣裤放洗衣袋里面也可以 所以就会导致大家理念不同引起的互喷 宿舍本来就是集体生活 有的女孩子介意有的女孩子不介意 这些事情不是你来树洞骂一波或者是在群里里面骂一波就可以解决的了 本来公用洗衣机就是那样啊 他没有明确说明你不可以洗贴身衣物 或者烘干贴身衣物 实在觉得真的膈应 就宿舍买洗衣机 烘干机叭 集体生活真的不要要求太高了","title":"讲句公道话 集体生活大家所受的教育什么都不一样 从小父母灌输的理念以及生活习性不一样 有的妈妈可能说女孩子的贴身衣物要自己手洗 有的妈妈可能说内衣裤放洗衣袋里面也可以 所","description":"no description yet","like_count":4,"comment_count":8,"view_count":267,"type":"post","tag":"not tag yet","imageList":"","content_source":null,"comments":[{"id":8338,"parent_id":2537,"type":1,"commentor":777,"gmtCreate":null,"gmtModified":null,"like_count":6,"content":"没有公主命，犯着公主病，以为所有人都得顺着她们的习惯，贻笑大方了","anonymity":1,"any_name":"老板","commentCount":null,"user":{"id":777,"name":"Cheshire cat","avatar_url":"https://thirdwx.qlogo.cn/mmopen/vi_32/w3VnpxRLoxlBxCITYwNqEnoBB8qwcr6hLu9EEicibRfJ0MDjyax0NsUiaib2gMZ6FHcfePXgmXnbYicXqyL0k1hcxmw/132"},"isCommentLike":-5,"dislike_count":0},{"id":8379,"parent_id":2537,"type":1,"commentor":592,"gmtCreate":null,"gmtModified":null,"like_count":1,"content":"但是这样确实会导致女孩子感染妇科病的概率上升啊，不管是为自己还是为他人都建议不要这样，毕竟是公用的洗衣机","anonymity":1,"any_name":"哥斯拉","commentCount":null,"user":{"id":592,"name":"xxl","avatar_url":"http://test01-20200725.oss-cn-shenzhen.aliyuncs.com/image/1664352859085.jpg?Expires=1979712854&OSSAccessKeyId=LTAI4G5RL7pjavqASCwc42kR&Signature=jqrJUes41AT1wXmBa32L8fBdjCs%3D"},"isCommentLike":-5,"dislike_count":0},{"id":8339,"parent_id":2537,"type":1,"commentor":211,"gmtCreate":null,"gmtModified":null,"like_count":0,"content":"你说得对，但是那位放内衣裤的人语气和说话方式阴阳怪气和嘲讽让人真的蛮不舒服的，这样还挺火上浇油，只会让自己洗内衣裤的人更火大\uD83D\uDE13","anonymity":1,"any_name":"珠海小天使","commentCount":null,"user":{"id":211,"name":"小狗勾bot","avatar_url":"http://test01-20200725.oss-cn-shenzhen.aliyuncs.com/image/1636374528133.gif?Expires=1951734524&OSSAccessKeyId=LTAI4G5RL7pjavqASCwc42kR&Signature=P29EvqYPWNMCQ8PLxwGv4kvtIIA%3D"},"isCommentLike":-5,"dislike_count":0},{"id":8344,"parent_id":2537,"type":1,"commentor":211,"gmtCreate":null,"gmtModified":null,"like_count":0,"content":"这关系到个人卫生健康了吧。","anonymity":1,"any_name":"珠海小天使","commentCount":null,"user":{"id":211,"name":"小狗勾bot","avatar_url":"http://test01-20200725.oss-cn-shenzhen.aliyuncs.com/image/1636374528133.gif?Expires=1951734524&OSSAccessKeyId=LTAI4G5RL7pjavqASCwc42kR&Signature=P29EvqYPWNMCQ8PLxwGv4kvtIIA%3D"},"isCommentLike":-5,"dislike_count":0},{"id":8393,"parent_id":8339,"type":2,"commentor":864,"gmtCreate":null,"gmtModified":null,"like_count":0,"content":"是的 所以大家语气态度好一点就好了","anonymity":1,"any_name":"GRE精选","commentCount":null,"user":{"id":864,"name":"JIA..YUAN","avatar_url":"https://thirdwx.qlogo.cn/mmopen/vi_32/Q0j4TwGTfTIgd5jM7sR3lt1vsLISib8rVTjDgcCJxOSOp6cPb3DkVILsX8hE7u5uXMdNMHmK0QtibjibFtwmXvtFw/132"},"isCommentLike":-5,"dislike_count":0},{"id":8394,"parent_id":8338,"type":2,"commentor":864,"gmtCreate":null,"gmtModified":null,"like_count":0,"content":"集体生活真的没有办法 相互包容吧","anonymity":1,"any_name":"GRE精选","commentCount":null,"user":{"id":864,"name":"JIA..YUAN","avatar_url":"https://thirdwx.qlogo.cn/mmopen/vi_32/Q0j4TwGTfTIgd5jM7sR3lt1vsLISib8rVTjDgcCJxOSOp6cPb3DkVILsX8hE7u5uXMdNMHmK0QtibjibFtwmXvtFw/132"},"isCommentLike":-5,"dislike_count":0},{"id":8395,"parent_id":8379,"type":2,"commentor":864,"gmtCreate":null,"gmtModified":null,"like_count":0,"content":"是啊 可是总有人不在意 这些都是无法根治的 你永远不知道公用洗衣机有多脏","anonymity":1,"any_name":"GRE精选","commentCount":null,"user":{"id":864,"name":"JIA..YUAN","avatar_url":"https://thirdwx.qlogo.cn/mmopen/vi_32/Q0j4TwGTfTIgd5jM7sR3lt1vsLISib8rVTjDgcCJxOSOp6cPb3DkVILsX8hE7u5uXMdNMHmK0QtibjibFtwmXvtFw/132"},"isCommentLike":-5,"dislike_count":0},{"id":8396,"parent_id":8344,"type":2,"commentor":864,"gmtCreate":null,"gmtModified":null,"like_count":0,"content":"是啊","anonymity":1,"any_name":"GRE精选","commentCount":null,"user":{"id":864,"name":"JIA..YUAN","avatar_url":"https://thirdwx.qlogo.cn/mmopen/vi_32/Q0j4TwGTfTIgd5jM7sR3lt1vsLISib8rVTjDgcCJxOSOp6cPb3DkVILsX8hE7u5uXMdNMHmK0QtibjibFtwmXvtFw/132"},"isCommentLike":-5,"dislike_count":0}],"any_name":"GRE精选","relation":-2,"liked":-4,"anonymity":1,"dislike_count":0}