{"id":25496,"author":"AD","author_avatar_url":"https://thirdwx.qlogo.cn/mmopen/vi_32/Q0j4TwGTfTLe47f8YjiaGeOsic9SvASbXSicbhWLVJ2Yar1qhTvxF1iciaGnnxgAS8tyHgZIk0vfficjGwZYgE3EWeMA/132","author_id":1685,"author_status":1,"gmt_create":1653585049221,"gmt_modified":1653585049221,"content":"加了滤镜的样子，看我粗糙上色（因为真的很想看整体的亚子～）诶呀，p2像犬夜叉滤镜诶～\uD83D\uDE0D \uD83D\uDE0D","title":"加了滤镜的样子，看我粗糙上色（因为真的很想看整体的亚子～）诶呀，p2像犬夜叉滤镜诶～\uD83D\uDE0D \uD83D\uDE0D","description":"no description yet","like_count":6,"comment_count":0,"view_count":22,"type":"post","tag":"not tag yet","imageList":"http://test01-20200725.oss-cn-shenzhen.aliyuncs.com/image/1653585050852.jpg?Expires=1968945040&OSSAccessKeyId=LTAI4G5RL7pjavqASCwc42kR&Signature=bFdH%2BgChqehdaR2J6wZMcP9jpUE%3D;http://test01-20200725.oss-cn-shenzhen.aliyuncs.com/image/1653585042111.jpg?Expires=1968945041&OSSAccessKeyId=LTAI4G5RL7pjavqASCwc42kR&Signature=oy4N9W0ZkPS4QAykBzbQ1R0g%2BiI%3D","content_source":null,"comments":null,"any_name":null,"relation":-2,"liked":-4,"anonymity":0,"dislike_count":0}