{"id":25584,"author":null,"author_avatar_url":null,"author_id":1366,"author_status":1,"gmt_create":1653640480566,"gmt_modified":1653640480566,"content":"什么时候开始申请转专业啊？","title":"什么时候开始申请转专业啊？","description":"no description yet","like_count":0,"comment_count":1,"view_count":165,"type":"post","tag":"not tag yet","imageList":"","content_source":null,"comments":[{"id":93324,"parent_id":25584,"type":1,"commentor":643,"gmtCreate":null,"gmtModified":null,"like_count":0,"content":"左上角搜索一下","anonymity":0,"any_name":null,"commentCount":null,"user":{"id":643,"name":"脾气超级差","avatar_url":"http://test01-20200725.oss-cn-shenzhen.aliyuncs.com/image/1658825259833.jpg?Expires=1974185254&OSSAccessKeyId=LTAI4G5RL7pjavqASCwc42kR&Signature=cVqDAV6c37qT%2FyCkpGnFEKtS3TU%3D"},"isCommentLike":-5,"dislike_count":0}],"any_name":"offer收割机","relation":-2,"liked":-4,"anonymity":1,"dislike_count":0}