{"id":2560,"author":null,"author_avatar_url":null,"author_id":1111,"author_status":1,"gmt_create":1634225726016,"gmt_modified":1634225726016,"content":"问问伦敦人威尼斯人这种买化妆品会偏贵吗\uD83D\uDE2D，还有别的地方推荐吗，谢谢！！","title":"问问伦敦人威尼斯人这种买化妆品会偏贵吗\uD83D\uDE2D，还有别的地方推荐吗，谢谢！！","description":"no description yet","like_count":1,"comment_count":7,"view_count":174,"type":"post","tag":"not tag yet","imageList":"","content_source":null,"comments":[{"id":8428,"parent_id":2560,"type":1,"commentor":670,"gmtCreate":null,"gmtModified":null,"like_count":0,"content":"我觉得还行，一般都在威尼斯人的sasa和新濠的dfs买，半年化妆品大概1000mop上下....","anonymity":0,"any_name":null,"commentCount":null,"user":{"id":670,"name":"沈腾","avatar_url":"http://test01-20200725.oss-cn-shenzhen.aliyuncs.com/image/1661432787646.jpg?Expires=1976792782&OSSAccessKeyId=LTAI4G5RL7pjavqASCwc42kR&Signature=g6ySCqYrYiFafy1e7j%2BB4OKJDYA%3D"},"isCommentLike":-5,"dislike_count":0},{"id":8429,"parent_id":2560,"type":1,"commentor":647,"gmtCreate":null,"gmtModified":null,"like_count":0,"content":"其实专柜也没有贵到哪里去吧","anonymity":1,"any_name":"Tom","commentCount":null,"user":{"id":647,"name":"凍檸茶少奶","avatar_url":"http://test01-20200725.oss-cn-shenzhen.aliyuncs.com/image/1656908230605.jpg?Expires=1972268225&OSSAccessKeyId=LTAI4G5RL7pjavqASCwc42kR&Signature=yOhRWNWlRDNQY%2BdkKCNMZ%2BnB2g4%3D"},"isCommentLike":-5,"dislike_count":0},{"id":8472,"parent_id":2560,"type":1,"commentor":833,"gmtCreate":null,"gmtModified":null,"like_count":0,"content":"说实话，感觉再贵也能比大陆便宜几十块钱至少","anonymity":1,"any_name":"出前一丁","commentCount":null,"user":{"id":833,"name":"绿绿","avatar_url":"http://test01-20200725.oss-cn-shenzhen.aliyuncs.com/image/1631280978014.jpg?Expires=1946640973&OSSAccessKeyId=LTAI4G5RL7pjavqASCwc42kR&Signature=XTxJdSTwE7zYelLvvUZDgS%2ByEQA%3D"},"isCommentLike":-5,"dislike_count":0},{"id":8508,"parent_id":2560,"type":1,"commentor":1202,"gmtCreate":null,"gmtModified":null,"like_count":0,"content":"新濠影汇","anonymity":0,"any_name":null,"commentCount":null,"user":{"id":1202,"name":"啵啵唧唧\uD83D\uDC99","avatar_url":"https://thirdwx.qlogo.cn/mmopen/vi_32/I70894NAGzAicERAmfibaZjDyIKgat5by7F5pfWBAeqSPI53NBliaoGBwtz1VoNu0h6XGWeiaOlibib9oEDaCgbE6OxA/132"},"isCommentLike":-5,"dislike_count":0},{"id":8446,"parent_id":8428,"type":2,"commentor":1111,"gmtCreate":null,"gmtModified":null,"like_count":0,"content":"好的谢谢！","anonymity":1,"any_name":"哥斯拉","commentCount":null,"user":{"id":1111,"name":"WeBug","avatar_url":"https://thirdwx.qlogo.cn/mmopen/vi_32/Q0j4TwGTfTL7DdUiaLBYFA4Er91DRaYffMibicYk4A0XlnbF7NuFUcPdZJdfrFVs1I7ia2uYNKWOdMia4yibBgbZHPibw/132"},"isCommentLike":-5,"dislike_count":0},{"id":8447,"parent_id":8429,"type":2,"commentor":1111,"gmtCreate":null,"gmtModified":null,"like_count":0,"content":"那我了解了！感谢\uD83E\uDD70","anonymity":1,"any_name":"哥斯拉","commentCount":null,"user":{"id":1111,"name":"WeBug","avatar_url":"https://thirdwx.qlogo.cn/mmopen/vi_32/Q0j4TwGTfTL7DdUiaLBYFA4Er91DRaYffMibicYk4A0XlnbF7NuFUcPdZJdfrFVs1I7ia2uYNKWOdMia4yibBgbZHPibw/132"},"isCommentLike":-5,"dislike_count":0},{"id":8487,"parent_id":8472,"type":2,"commentor":1111,"gmtCreate":null,"gmtModified":null,"like_count":0,"content":"我也觉得\uD83D\uDE0B","anonymity":1,"any_name":"哥斯拉","commentCount":null,"user":{"id":1111,"name":"WeBug","avatar_url":"https://thirdwx.qlogo.cn/mmopen/vi_32/Q0j4TwGTfTL7DdUiaLBYFA4Er91DRaYffMibicYk4A0XlnbF7NuFUcPdZJdfrFVs1I7ia2uYNKWOdMia4yibBgbZHPibw/132"},"isCommentLike":-5,"dislike_count":0}],"any_name":"哥斯拉","relation":-2,"liked":-4,"anonymity":1,"dislike_count":0}