{"id":25615,"author":null,"author_avatar_url":null,"author_id":5516,"author_status":1,"gmt_create":1653652406300,"gmt_modified":1653652406300,"content":"澳门在哪里买表便宜呢\uD83D\uDE2D","title":"澳门在哪里买表便宜呢\uD83D\uDE2D","description":"no description yet","like_count":0,"comment_count":5,"view_count":176,"type":"post","tag":"not tag yet","imageList":"","content_source":null,"comments":[{"id":93422,"parent_id":25615,"type":1,"commentor":161,"gmtCreate":null,"gmtModified":null,"like_count":0,"content":"什么表","anonymity":1,"any_name":"多喝热水","commentCount":null,"user":{"id":161,"name":"jellyfish","avatar_url":"https://thirdwx.qlogo.cn/mmopen/vi_32/Q0j4TwGTfTJcXqaZf7oI1NZpdrmqibVtIkq0CLyCOx3J4WvO771FtGLb7ZeliakYoTBAV5E6buWJQVsgrM7JA84g/132"},"isCommentLike":-5,"dislike_count":0},{"id":93423,"parent_id":25615,"type":1,"commentor":1399,"gmtCreate":null,"gmtModified":null,"like_count":0,"content":"同问 浪琴的表哪里买便宜一些呢\uD83E\uDD7A","anonymity":0,"any_name":null,"commentCount":null,"user":{"id":1399,"name":"喵喵侠","avatar_url":"http://test01-20200725.oss-cn-shenzhen.aliyuncs.com/image/1666110040567.jpg?Expires=1981470036&OSSAccessKeyId=LTAI4G5RL7pjavqASCwc42kR&Signature=HGiSCli%2FFzIODnZbCeRbG9gSc94%3D"},"isCommentLike":-5,"dislike_count":0},{"id":93424,"parent_id":93422,"type":2,"commentor":1399,"gmtCreate":null,"gmtModified":null,"like_count":0,"content":"浪琴的表呢\uD83E\uDD7A","anonymity":0,"any_name":null,"commentCount":null,"user":{"id":1399,"name":"喵喵侠","avatar_url":"http://test01-20200725.oss-cn-shenzhen.aliyuncs.com/image/1666110040567.jpg?Expires=1981470036&OSSAccessKeyId=LTAI4G5RL7pjavqASCwc42kR&Signature=HGiSCli%2FFzIODnZbCeRbG9gSc94%3D"},"isCommentLike":-5,"dislike_count":0},{"id":93426,"parent_id":93424,"type":2,"commentor":161,"gmtCreate":null,"gmtModified":null,"like_count":0,"content":"cdf或者dfs吧，能积分换钱","anonymity":1,"any_name":"多喝热水","commentCount":null,"user":{"id":161,"name":"jellyfish","avatar_url":"https://thirdwx.qlogo.cn/mmopen/vi_32/Q0j4TwGTfTJcXqaZf7oI1NZpdrmqibVtIkq0CLyCOx3J4WvO771FtGLb7ZeliakYoTBAV5E6buWJQVsgrM7JA84g/132"},"isCommentLike":-5,"dislike_count":0},{"id":93480,"parent_id":93426,"type":2,"commentor":1399,"gmtCreate":null,"gmtModified":null,"like_count":0,"content":"好滴好滴谢谢","anonymity":1,"any_name":"Anton","commentCount":null,"user":{"id":1399,"name":"喵喵侠","avatar_url":"http://test01-20200725.oss-cn-shenzhen.aliyuncs.com/image/1666110040567.jpg?Expires=1981470036&OSSAccessKeyId=LTAI4G5RL7pjavqASCwc42kR&Signature=HGiSCli%2FFzIODnZbCeRbG9gSc94%3D"},"isCommentLike":-5,"dislike_count":0}],"any_name":"珠海小天使","relation":-2,"liked":-4,"anonymity":1,"dislike_count":0}