{"id":25642,"author":null,"author_avatar_url":null,"author_id":5343,"author_status":1,"gmt_create":1653662329292,"gmt_modified":1653662329292,"content":"还没回家的小伙伴这几天有人约饭吗？有不少西餐厅葡国菜想吃，人均一两百左右，价格不会太离谱，可以一起商量吃什么，饭钱AA，不放鸽子的点赞我找你～","title":"还没回家的小伙伴这几天有人约饭吗？有不少西餐厅葡国菜想吃，人均一两百左右，价格不会太离谱，可以一起商量吃什么，饭钱AA，不放鸽子的点赞我找你～","description":"no description yet","like_count":4,"comment_count":9,"view_count":259,"type":"post","tag":"not tag yet","imageList":"","content_source":null,"comments":[{"id":93499,"parent_id":25642,"type":1,"commentor":716,"gmtCreate":null,"gmtModified":null,"like_count":0,"content":"uu你几号回呀","anonymity":1,"any_name":"拉面小路","commentCount":null,"user":{"id":716,"name":"ynoc","avatar_url":"http://test01-20200725.oss-cn-shenzhen.aliyuncs.com/image/1662291222771.jpg?Expires=1977651214&OSSAccessKeyId=LTAI4G5RL7pjavqASCwc42kR&Signature=f7fcpiSkaG9Ds967ij6mNDsTYPE%3D"},"isCommentLike":-5,"dislike_count":0},{"id":93500,"parent_id":25642,"type":1,"commentor":725,"gmtCreate":null,"gmtModified":null,"like_count":0,"content":"可以问问有啥想去的餐厅吗","anonymity":1,"any_name":"葡挞","commentCount":null,"user":{"id":725,"name":"修正带还是修正液","avatar_url":"https://thirdwx.qlogo.cn/mmopen/vi_32/SCBpWZw1RbabyOtzf1kQ5BkgnaLibFIYHZYLkONIzWVBCqhicEyZmRxsjLnRvIHt8DiacWy8FxoJib3a5qFocwPicbg/132"},"isCommentLike":-5,"dislike_count":0},{"id":93508,"parent_id":25642,"type":1,"commentor":9122,"gmtCreate":null,"gmtModified":null,"like_count":0,"content":"常喜别去！！不好吃！","anonymity":1,"any_name":"三鲜水饺","commentCount":null,"user":{"id":9122,"name":"U_416051653635","avatar_url":null},"isCommentLike":-5,"dislike_count":0},{"id":93502,"parent_id":93499,"type":2,"commentor":5343,"gmtCreate":null,"gmtModified":null,"like_count":0,"content":"我还早哦，六月中旬吧","anonymity":1,"any_name":"Kelly","commentCount":null,"user":{"id":5343,"name":"天蓝蓝","avatar_url":"http://test01-20200725.oss-cn-shenzhen.aliyuncs.com/image/1653665344675.jpeg?Expires=1969025342&OSSAccessKeyId=LTAI4G5RL7pjavqASCwc42kR&Signature=kcGn5jxM92W3eVgA6Ly%2BMJCcgmI%3D"},"isCommentLike":-5,"dislike_count":0},{"id":93506,"parent_id":93500,"type":2,"commentor":5343,"gmtCreate":null,"gmtModified":null,"like_count":0,"content":"好多嘞，常喜、tacos by miumiu，chillpub macau，刁厨纽利，退休协会","anonymity":1,"any_name":"Kelly","commentCount":null,"user":{"id":5343,"name":"天蓝蓝","avatar_url":"http://test01-20200725.oss-cn-shenzhen.aliyuncs.com/image/1653665344675.jpeg?Expires=1969025342&OSSAccessKeyId=LTAI4G5RL7pjavqASCwc42kR&Signature=kcGn5jxM92W3eVgA6Ly%2BMJCcgmI%3D"},"isCommentLike":-5,"dislike_count":0},{"id":93509,"parent_id":93508,"type":2,"commentor":5343,"gmtCreate":null,"gmtModified":null,"like_count":0,"content":"可那个烤鸡南瓜饭太诱人了哈哈哈哈，总想尝一次","anonymity":1,"any_name":"Kelly","commentCount":null,"user":{"id":5343,"name":"天蓝蓝","avatar_url":"http://test01-20200725.oss-cn-shenzhen.aliyuncs.com/image/1653665344675.jpeg?Expires=1969025342&OSSAccessKeyId=LTAI4G5RL7pjavqASCwc42kR&Signature=kcGn5jxM92W3eVgA6Ly%2BMJCcgmI%3D"},"isCommentLike":-5,"dislike_count":0},{"id":93510,"parent_id":93502,"type":2,"commentor":716,"gmtCreate":null,"gmtModified":null,"like_count":0,"content":"我31号和1号可以一起约饭！给你点赞啦","anonymity":1,"any_name":"拉面小路","commentCount":null,"user":{"id":716,"name":"ynoc","avatar_url":"http://test01-20200725.oss-cn-shenzhen.aliyuncs.com/image/1662291222771.jpg?Expires=1977651214&OSSAccessKeyId=LTAI4G5RL7pjavqASCwc42kR&Signature=f7fcpiSkaG9Ds967ij6mNDsTYPE%3D"},"isCommentLike":-5,"dislike_count":0},{"id":93514,"parent_id":93510,"type":2,"commentor":5343,"gmtCreate":null,"gmtModified":null,"like_count":0,"content":"OK！","anonymity":1,"any_name":"喷火龙","commentCount":null,"user":{"id":5343,"name":"天蓝蓝","avatar_url":"http://test01-20200725.oss-cn-shenzhen.aliyuncs.com/image/1653665344675.jpeg?Expires=1969025342&OSSAccessKeyId=LTAI4G5RL7pjavqASCwc42kR&Signature=kcGn5jxM92W3eVgA6Ly%2BMJCcgmI%3D"},"isCommentLike":-5,"dislike_count":0},{"id":93520,"parent_id":93508,"type":2,"commentor":9122,"gmtCreate":null,"gmtModified":null,"like_count":0,"content":"xs 点了三四个菜这个菜最好吃！","anonymity":1,"any_name":"摆烂到底","commentCount":null,"user":{"id":9122,"name":"U_416051653635","avatar_url":null},"isCommentLike":-5,"dislike_count":0}],"any_name":"Kelly","relation":-2,"liked":-4,"anonymity":1,"dislike_count":0}