{"id":25707,"author":null,"author_avatar_url":null,"author_id":45,"author_status":1,"gmt_create":1653708815116,"gmt_modified":1653708815116,"content":"咱们学校有滑板社吗","title":"咱们学校有滑板社吗","description":"no description yet","like_count":1,"comment_count":5,"view_count":126,"type":"post","tag":"not tag yet","imageList":"","content_source":null,"comments":[{"id":93675,"parent_id":25707,"type":1,"commentor":1150,"gmtCreate":null,"gmtModified":null,"like_count":2,"content":"有微信群","anonymity":1,"any_name":"offer收割机","commentCount":null,"user":{"id":1150,"name":"w","avatar_url":"https://thirdwx.qlogo.cn/mmopen/vi_32/csuyfGVLlQDFwrQY1v21eLhIZLhMcmqia0VybXibhRO8cRVx5zhsy6u20xhtOFncwOibDI81ecIRLhMHDfBibjvlhA/132"},"isCommentLike":-5,"dislike_count":0},{"id":93661,"parent_id":25707,"type":1,"commentor":1171,"gmtCreate":null,"gmtModified":null,"like_count":0,"content":"同问","anonymity":1,"any_name":"微积分","commentCount":null,"user":{"id":1171,"name":"鸽海\uD83E\uDD8B","avatar_url":"https://thirdwx.qlogo.cn/mmopen/vi_32/2EL5rvaLYhgfNkTbLkGKE5Q6k2XOXp4sibQe4ljkD0TtfnhhxC52uVRicHJymAsTXhRyqdgyutV6W9dlAvRicsbWA/132"},"isCommentLike":-5,"dislike_count":0},{"id":93668,"parent_id":25707,"type":1,"commentor":4501,"gmtCreate":null,"gmtModified":null,"like_count":0,"content":"没有","anonymity":1,"any_name":"皮卡丘","commentCount":null,"user":{"id":4501,"name":"h i","avatar_url":"http://test01-20200725.oss-cn-shenzhen.aliyuncs.com/image/1661616915844.jpg?Expires=1976976914&OSSAccessKeyId=LTAI4G5RL7pjavqASCwc42kR&Signature=v7btMYJbuDCoWwPh9oDjkXU8ipY%3D"},"isCommentLike":-5,"dislike_count":0},{"id":93796,"parent_id":25707,"type":1,"commentor":7920,"gmtCreate":null,"gmtModified":null,"like_count":0,"content":"咱们学校还有玩滑板的呀","anonymity":1,"any_name":"拉面小路","commentCount":null,"user":{"id":7920,"name":"U_324161652264","avatar_url":null},"isCommentLike":-5,"dislike_count":0},{"id":95241,"parent_id":93675,"type":2,"commentor":45,"gmtCreate":null,"gmtModified":null,"like_count":0,"content":"想要","anonymity":0,"any_name":null,"commentCount":null,"user":{"id":45,"name":"Malala","avatar_url":"http://test01-20200725.oss-cn-shenzhen.aliyuncs.com/image/1647698583994.jpg?Expires=1963058581&OSSAccessKeyId=LTAI4G5RL7pjavqASCwc42kR&Signature=dULArFCNw3uXtA3W2pHfuncgW4I%3D"},"isCommentLike":-5,"dislike_count":0}],"any_name":"沊仔刘亦菲","relation":-2,"liked":-4,"anonymity":1,"dislike_count":0}