{"id":25750,"author":null,"author_avatar_url":null,"author_id":1471,"author_status":1,"gmt_create":1653728987565,"gmt_modified":1653728987565,"content":"请问威尼斯人有充电宝借吗","title":"请问威尼斯人有充电宝借吗","description":"no description yet","like_count":0,"comment_count":1,"view_count":75,"type":"post","tag":"not tag yet","imageList":"","content_source":null,"comments":[{"id":93836,"parent_id":25750,"type":1,"commentor":270,"gmtCreate":null,"gmtModified":null,"like_count":0,"content":"门口前台免费充电","anonymity":1,"any_name":"哈士奇","commentCount":null,"user":{"id":270,"name":"蛆奇味蝻瓜饼","avatar_url":"http://test01-20200725.oss-cn-shenzhen.aliyuncs.com/image/1660746251527.jpg?Expires=1976106242&OSSAccessKeyId=LTAI4G5RL7pjavqASCwc42kR&Signature=wxKGSngs19HSbuL3DpNT%2BQ%2BIzxU%3D"},"isCommentLike":-5,"dislike_count":0}],"any_name":"摆烂到底","relation":-2,"liked":-4,"anonymity":1,"dislike_count":0}