{"id":25992,"author":"长毛腊肠","author_avatar_url":"http://test01-20200725.oss-cn-shenzhen.aliyuncs.com/image/1653893961805.jpg?Expires=1969253952&OSSAccessKeyId=LTAI4G5RL7pjavqASCwc42kR&Signature=mVb2wCt8CIP6N8FBxx%2FBQ8qXMek%3D","author_id":8517,"author_status":1,"gmt_create":1653912701162,"gmt_modified":1653912701162,"content":"雅思要不要暑假就开始学啊（开学升大二）","title":"雅思要不要暑假就开始学啊（开学升大二）","description":"no description yet","like_count":0,"comment_count":4,"view_count":357,"type":"post","tag":"not tag yet","imageList":"","content_source":null,"comments":[{"id":95060,"parent_id":25992,"type":1,"commentor":682,"gmtCreate":null,"gmtModified":null,"like_count":0,"content":"可以啊，暑假就可以开始刷题了，不要跟我一样，到后面英语退化得都就不回来了","anonymity":0,"any_name":null,"commentCount":null,"user":{"id":682,"name":"~Xenon~","avatar_url":"http://test01-20200725.oss-cn-shenzhen.aliyuncs.com/image/1662451495431.gif?Expires=1977811496&OSSAccessKeyId=LTAI4G5RL7pjavqASCwc42kR&Signature=tLEL737zMefpEHXZzQlS%2Bxz88Ts%3D"},"isCommentLike":-5,"dislike_count":0},{"id":95674,"parent_id":25992,"type":1,"commentor":1217,"gmtCreate":null,"gmtModified":null,"like_count":0,"content":"考试前三个月刷题，雅思有效两年，你算算时间？","anonymity":1,"any_name":"网瘾少年","commentCount":null,"user":{"id":1217,"name":"T.10","avatar_url":"http://test01-20200725.oss-cn-shenzhen.aliyuncs.com/image/1666866099412.jpg?Expires=1982226091&OSSAccessKeyId=LTAI4G5RL7pjavqASCwc42kR&Signature=%2BX9Muc%2FXHuQf3zhd6RlaxFH1zY0%3D"},"isCommentLike":-5,"dislike_count":0},{"id":95064,"parent_id":95060,"type":2,"commentor":8517,"gmtCreate":null,"gmtModified":null,"like_count":0,"content":"但是目前还没有接触过雅思\uD83E\uDD72","anonymity":0,"any_name":null,"commentCount":null,"user":{"id":8517,"name":"长毛腊肠","avatar_url":"http://test01-20200725.oss-cn-shenzhen.aliyuncs.com/image/1653893961805.jpg?Expires=1969253952&OSSAccessKeyId=LTAI4G5RL7pjavqASCwc42kR&Signature=mVb2wCt8CIP6N8FBxx%2FBQ8qXMek%3D"},"isCommentLike":-5,"dislike_count":0},{"id":95072,"parent_id":95060,"type":2,"commentor":4501,"gmtCreate":null,"gmtModified":null,"like_count":0,"content":"本人经验之谈，我建议题的话考前三个月刷。前期注重基础积累而非做题技巧。但是先了解下基本题目结构是有必要的。","anonymity":1,"any_name":"出前一丁","commentCount":null,"user":{"id":4501,"name":"h i","avatar_url":"http://test01-20200725.oss-cn-shenzhen.aliyuncs.com/image/1661616915844.jpg?Expires=1976976914&OSSAccessKeyId=LTAI4G5RL7pjavqASCwc42kR&Signature=v7btMYJbuDCoWwPh9oDjkXU8ipY%3D"},"isCommentLike":-5,"dislike_count":0}],"any_name":null,"relation":-2,"liked":-4,"anonymity":0,"dislike_count":0}