{"id":26081,"author":null,"author_avatar_url":null,"author_id":881,"author_status":1,"gmt_create":1653977383758,"gmt_modified":1653977383758,"content":"科大有研究生去澳大的吗","title":"科大有研究生去澳大的吗","description":"no description yet","like_count":0,"comment_count":6,"view_count":570,"type":"post","tag":"not tag yet","imageList":"","content_source":null,"comments":[{"id":95491,"parent_id":26081,"type":1,"commentor":4501,"gmtCreate":null,"gmtModified":null,"like_count":2,"content":"周挺","anonymity":1,"any_name":"皮卡丘","commentCount":null,"user":{"id":4501,"name":"h i","avatar_url":"http://test01-20200725.oss-cn-shenzhen.aliyuncs.com/image/1661616915844.jpg?Expires=1976976914&OSSAccessKeyId=LTAI4G5RL7pjavqASCwc42kR&Signature=v7btMYJbuDCoWwPh9oDjkXU8ipY%3D"},"isCommentLike":-5,"dislike_count":0},{"id":95471,"parent_id":26081,"type":1,"commentor":1683,"gmtCreate":null,"gmtModified":null,"like_count":0,"content":"特别少，因为澳大根本看不起科大的学生","anonymity":1,"any_name":"咖哩鱼蛋","commentCount":null,"user":{"id":1683,"name":"Rarity","avatar_url":"http://test01-20200725.oss-cn-shenzhen.aliyuncs.com/image/1661566204106.jpg?Expires=1976926200&OSSAccessKeyId=LTAI4G5RL7pjavqASCwc42kR&Signature=bkV9B%2FZEWNKBsMo%2BJxR0xngtBvI%3D"},"isCommentLike":-5,"dislike_count":0},{"id":95497,"parent_id":26081,"type":1,"commentor":186,"gmtCreate":null,"gmtModified":null,"like_count":0,"content":"我也想申澳大，但是经常听说澳大看不起科大的传闻","anonymity":1,"any_name":"网瘾少年","commentCount":null,"user":{"id":186,"name":"哄哄","avatar_url":"https://thirdwx.qlogo.cn/mmopen/vi_32/Q3auHgzwzM6FlWWX47uibZUVbNHxS35uPCoXC35foGw1PPdbb2FmYQofGGCwewRoqKRd78icMB5ASoxbiaEm0eDQQ/132"},"isCommentLike":-5,"dislike_count":0},{"id":95500,"parent_id":26081,"type":1,"commentor":1243,"gmtCreate":null,"gmtModified":null,"like_count":0,"content":"有","anonymity":1,"any_name":"沊仔刘亦菲","commentCount":null,"user":{"id":1243,"name":"EnnaAlouet","avatar_url":"http://test01-20200725.oss-cn-shenzhen.aliyuncs.com/image/1647669406145.jpg?Expires=1963029399&OSSAccessKeyId=LTAI4G5RL7pjavqASCwc42kR&Signature=gdm6Hlpm5A21C9oBl2iKN7%2FV2zk%3D"},"isCommentLike":-5,"dislike_count":0},{"id":95540,"parent_id":26081,"type":1,"commentor":3976,"gmtCreate":null,"gmtModified":null,"like_count":0,"content":"有，但是不如去hk","anonymity":1,"any_name":"offer收割机","commentCount":null,"user":{"id":3976,"name":"珈乐Carol","avatar_url":"http://test01-20200725.oss-cn-shenzhen.aliyuncs.com/image/1646131192012.jpg?Expires=1961491189&OSSAccessKeyId=LTAI4G5RL7pjavqASCwc42kR&Signature=Ou2Xld0rvP%2Bb%2BcJGU5SjEADJXKY%3D"},"isCommentLike":-5,"dislike_count":0},{"id":95474,"parent_id":95471,"type":2,"commentor":1416,"gmtCreate":null,"gmtModified":null,"like_count":0,"content":"借楼问去港澳读研的多吗","anonymity":1,"any_name":"亚古兽","commentCount":null,"user":{"id":1416,"name":"刷刷碗今天扫地","avatar_url":"http://test01-20200725.oss-cn-shenzhen.aliyuncs.com/image/1657959713163.jpg?Expires=1973319713&OSSAccessKeyId=LTAI4G5RL7pjavqASCwc42kR&Signature=L2catAoLK66uVZ6x7qyRgFaxg%2Fs%3D"},"isCommentLike":-5,"dislike_count":0}],"any_name":"深海鳕鱼堡","relation":-2,"liked":-4,"anonymity":1,"dislike_count":0}