{"id":26202,"author":null,"author_avatar_url":null,"author_id":6933,"author_status":1,"gmt_create":1654093023590,"gmt_modified":1654093023590,"content":"家人们，请问这个科目是学啥的？偏理科还是文科的？然后难不难呀","title":"家人们，请问这个科目是学啥的？偏理科还是文科的？然后难不难呀","description":"no description yet","like_count":0,"comment_count":1,"view_count":48,"type":"post","tag":"not tag yet","imageList":"http://test01-20200725.oss-cn-shenzhen.aliyuncs.com/image/1654093002912.jpg?Expires=1969452995&OSSAccessKeyId=LTAI4G5RL7pjavqASCwc42kR&Signature=uGB6aEyJ8XnqKJ4oNXMqooLXDcU%3D","content_source":null,"comments":[{"id":96172,"parent_id":26202,"type":1,"commentor":1592,"gmtCreate":null,"gmtModified":null,"like_count":0,"content":"推小车","anonymity":1,"any_name":"阿拉斯加猪","commentCount":null,"user":{"id":1592,"name":"Easonyao_","avatar_url":"https://thirdwx.qlogo.cn/mmopen/vi_32/6uQj0EmXTGstVxNicLWqJhPv03IywawKEFednr6DfRAW7UIOXCTc5TSGlKXVnxf63k1Rrgd0BicDANDvgdGtgMeA/132"},"isCommentLike":-5,"dislike_count":0}],"any_name":"拱北吴彦祖","relation":-2,"liked":-4,"anonymity":1,"dislike_count":0}