{"id":26255,"author":null,"author_avatar_url":null,"author_id":8028,"author_status":1,"gmt_create":1654146983945,"gmt_modified":1654146983945,"content":"请问一下，从学校打车到新苗超市要多少钱","title":"请问一下，从学校打车到新苗超市要多少钱","description":"no description yet","like_count":0,"comment_count":7,"view_count":165,"type":"post","tag":"not tag yet","imageList":"","content_source":null,"comments":[{"id":96206,"parent_id":26255,"type":1,"commentor":1150,"gmtCreate":null,"gmtModified":null,"like_count":0,"content":"超级近 可以走路","anonymity":1,"any_name":"亚古兽","commentCount":null,"user":{"id":1150,"name":"w","avatar_url":"https://thirdwx.qlogo.cn/mmopen/vi_32/csuyfGVLlQDFwrQY1v21eLhIZLhMcmqia0VybXibhRO8cRVx5zhsy6u20xhtOFncwOibDI81ecIRLhMHDfBibjvlhA/132"},"isCommentLike":-5,"dislike_count":0},{"id":96215,"parent_id":26255,"type":1,"commentor":1265,"gmtCreate":null,"gmtModified":null,"like_count":0,"content":"打车的话差不多30不到","anonymity":1,"any_name":"Jerry","commentCount":null,"user":{"id":1265,"name":"chang\uD83D\uDC95","avatar_url":"https://thirdwx.qlogo.cn/mmopen/vi_32/Fg57ZcRbE3JZ701yqqbhmTOFgkyCMwxHNUNaJFLAazBv1kMwCN1zKIInNuMK9bL0l65Woo4HkJpL7tx6fAZRyA/132"},"isCommentLike":-5,"dislike_count":0},{"id":96223,"parent_id":26255,"type":1,"commentor":1933,"gmtCreate":null,"gmtModified":null,"like_count":0,"content":"看你哪个门","anonymity":0,"any_name":null,"commentCount":null,"user":{"id":1933,"name":"伊甸之东","avatar_url":"https://thirdwx.qlogo.cn/mmopen/vi_32/DYAIOgq83eroIXY4hLVAsDeXIHicjiaX3WIicPGCNLxuW3kt2AXwcDcd3nRhdo2CFFvJRgINpWAWL8I7icWiaLG2dPA/132"},"isCommentLike":-5,"dislike_count":0},{"id":96232,"parent_id":26255,"type":1,"commentor":2018,"gmtCreate":null,"gmtModified":null,"like_count":0,"content":"tis 23","anonymity":0,"any_name":null,"commentCount":null,"user":{"id":2018,"name":"","avatar_url":""},"isCommentLike":-5,"dislike_count":0},{"id":96239,"parent_id":26255,"type":1,"commentor":1397,"gmtCreate":null,"gmtModified":null,"like_count":0,"content":"正门 24","anonymity":1,"any_name":"哈士奇","commentCount":null,"user":{"id":1397,"name":"南加州的水果酒","avatar_url":"https://thirdwx.qlogo.cn/mmopen/vi_32/DyqPD7iaQcQWd3npX4BJyPQllyLwvvyrpbk7Du0yPVBgcI1Yaib03ribXLvib77YKtzmXKtn0BPAvx2d9AGcgr6Igg/132"},"isCommentLike":-5,"dislike_count":0},{"id":96314,"parent_id":26255,"type":1,"commentor":1300,"gmtCreate":null,"gmtModified":null,"like_count":0,"content":"科大医院22-26不等","anonymity":1,"any_name":"芋圆奶茶","commentCount":null,"user":{"id":1300,"name":"momo","avatar_url":"https://thirdwx.qlogo.cn/mmopen/vi_32/Q3auHgzwzM7CGtMib0fLpiacnFCIV4p4fOQq7YJFnq1qz3Rib80wFzy3bQgCZJ8zbY0YpiciakLNOuK69UMKfibj3lwg/132"},"isCommentLike":-5,"dislike_count":0},{"id":96210,"parent_id":96206,"type":2,"commentor":8028,"gmtCreate":null,"gmtModified":null,"like_count":0,"content":"谢谢","anonymity":1,"any_name":"拱北快递员","commentCount":null,"user":{"id":8028,"name":"小花猫","avatar_url":"http://test01-20200725.oss-cn-shenzhen.aliyuncs.com/image/1652439999180.jpg?Expires=1967799993&OSSAccessKeyId=LTAI4G5RL7pjavqASCwc42kR&Signature=OzfmMdBs6fhsAfFgEuMLQeSI2So%3D"},"isCommentLike":-5,"dislike_count":0}],"any_name":"拱北快递员","relation":-2,"liked":-4,"anonymity":1,"dislike_count":0}