{"id":26310,"author":null,"author_avatar_url":null,"author_id":1194,"author_status":1,"gmt_create":1654173368740,"gmt_modified":1654173368740,"content":"请问自习室现在还可以进去吗","title":"请问自习室现在还可以进去吗","description":"no description yet","like_count":0,"comment_count":2,"view_count":140,"type":"post","tag":"not tag yet","imageList":"","content_source":null,"comments":[{"id":96459,"parent_id":26310,"type":1,"commentor":7135,"gmtCreate":null,"gmtModified":null,"like_count":0,"content":"好像是已经锁了","anonymity":1,"any_name":"六级词汇","commentCount":null,"user":{"id":7135,"name":"U_256811651282","avatar_url":null},"isCommentLike":-5,"dislike_count":0},{"id":96469,"parent_id":26310,"type":1,"commentor":826,"gmtCreate":null,"gmtModified":null,"like_count":0,"content":"不可以了，昨天七点就锁了","anonymity":0,"any_name":null,"commentCount":null,"user":{"id":826,"name":"社交距离","avatar_url":"http://test01-20200725.oss-cn-shenzhen.aliyuncs.com/image/1664097573657.jpg?Expires=1979457572&OSSAccessKeyId=LTAI4G5RL7pjavqASCwc42kR&Signature=E%2F8yFnG39mMNLucFDD9Opv2FcRQ%3D"},"isCommentLike":-5,"dislike_count":0}],"any_name":"人生的智慧","relation":-2,"liked":-4,"anonymity":1,"dislike_count":0}