{"id":26347,"author":null,"author_avatar_url":null,"author_id":1194,"author_status":1,"gmt_create":1654192847339,"gmt_modified":1654192847339,"content":"小人全部s光光","title":"小人全部s光光","description":"no description yet","like_count":0,"comment_count":2,"view_count":129,"type":"post","tag":"not tag yet","imageList":"","content_source":null,"comments":[{"id":96615,"parent_id":26347,"type":1,"commentor":950,"gmtCreate":null,"gmtModified":null,"like_count":1,"content":"是\uD83D\uDCA9还是\uD83E\uDD88","anonymity":1,"any_name":"网瘾少年","commentCount":null,"user":{"id":950,"name":"嘉心糖今天吃什么","avatar_url":"http://test01-20200725.oss-cn-shenzhen.aliyuncs.com/image/1653601697278.gif?Expires=1968961688&OSSAccessKeyId=LTAI4G5RL7pjavqASCwc42kR&Signature=MJ1wFoThzUSd5vemDHpVKNWnCcA%3D"},"isCommentLike":-5,"dislike_count":0},{"id":96617,"parent_id":96615,"type":2,"commentor":1194,"gmtCreate":null,"gmtModified":null,"like_count":0,"content":"\uD83D\uDCA9","anonymity":1,"any_name":"六级词汇","commentCount":null,"user":{"id":1194,"name":"神经蛙","avatar_url":"https://thirdwx.qlogo.cn/mmopen/vi_32/Q3auHgzwzM7pNkMMHY91xibhlhm06YjFvq6xpoNMEgFNfjyB2yHsl7afwibtLn8OYGOxMiciap8bK6mC67FxAwcPxA/132"},"isCommentLike":-5,"dislike_count":0}],"any_name":"六级词汇","relation":-2,"liked":-4,"anonymity":1,"dislike_count":0}