{"id":26469,"author":null,"author_avatar_url":null,"author_id":101,"author_status":1,"gmt_create":1654338834257,"gmt_modified":1654338834257,"content":"it有长得好看的男生吗","title":"it有长得好看的男生吗","description":"no description yet","like_count":0,"comment_count":19,"view_count":535,"type":"post","tag":"not tag yet","imageList":"","content_source":null,"comments":[{"id":97091,"parent_id":26469,"type":1,"commentor":2141,"gmtCreate":null,"gmtModified":null,"like_count":3,"content":"我室友也贼帅@下雨天空","anonymity":0,"any_name":null,"commentCount":null,"user":{"id":2141,"name":"bug","avatar_url":"http://test01-20200725.oss-cn-shenzhen.aliyuncs.com/image/1650615494333.jpg?Expires=1965975487&OSSAccessKeyId=LTAI4G5RL7pjavqASCwc42kR&Signature=uUNxFaXSqIq4Mu9vaMs8wHoI1%2FI%3D"},"isCommentLike":-5,"dislike_count":0},{"id":97049,"parent_id":26469,"type":1,"commentor":635,"gmtCreate":null,"gmtModified":null,"like_count":0,"content":"有，好看的女生也有","anonymity":1,"any_name":"喷火龙","commentCount":null,"user":{"id":635,"name":"别理我，我比你牛逼","avatar_url":"http://test01-20200725.oss-cn-shenzhen.aliyuncs.com/image/1659496488044.gif?Expires=1974856478&OSSAccessKeyId=LTAI4G5RL7pjavqASCwc42kR&Signature=BDlc8M%2FBnAOuLIx8vfkdijTlje8%3D"},"isCommentLike":-5,"dislike_count":0},{"id":97054,"parent_id":26469,"type":1,"commentor":310,"gmtCreate":null,"gmtModified":null,"like_count":0,"content":"有，我室友就很帅","anonymity":1,"any_name":"Anton","commentCount":null,"user":{"id":310,"name":"momo","avatar_url":"https://thirdwx.qlogo.cn/mmopen/vi_32/Q3auHgzwzM41p6OicT6aadKXqffRm2f6eOsgxDjFy2ZaebAjoJwHRuic6ic4qOKALzFvlratJLlvZNccDnQgbyWLg/132"},"isCommentLike":-5,"dislike_count":0},{"id":97055,"parent_id":26469,"type":1,"commentor":1870,"gmtCreate":null,"gmtModified":null,"like_count":0,"content":"有，我有个学长就很帅","anonymity":1,"any_name":"多喝热水","commentCount":null,"user":{"id":1870,"name":"U_321021637685","avatar_url":null},"isCommentLike":-5,"dislike_count":0},{"id":97068,"parent_id":26469,"type":1,"commentor":2981,"gmtCreate":null,"gmtModified":null,"like_count":0,"content":"\uD83C\uDE1A️","anonymity":0,"any_name":null,"commentCount":null,"user":{"id":2981,"name":"昵称Momo","avatar_url":"http://test01-20200725.oss-cn-shenzhen.aliyuncs.com/image/1652119120283.jpg?Expires=1967479115&OSSAccessKeyId=LTAI4G5RL7pjavqASCwc42kR&Signature=r%2BGSvSrdJSkqQ%2FuX%2Fs7%2B5YOJHVk%3D"},"isCommentLike":-5,"dislike_count":0},{"id":97069,"parent_id":26469,"type":1,"commentor":1516,"gmtCreate":null,"gmtModified":null,"like_count":0,"content":"有，我室友贼帅","anonymity":1,"any_name":"微积分","commentCount":null,"user":{"id":1516,"name":"橘里白茶","avatar_url":"http://test01-20200725.oss-cn-shenzhen.aliyuncs.com/image/1642904012189.jpg?Expires=1958264005&OSSAccessKeyId=LTAI4G5RL7pjavqASCwc42kR&Signature=HDHxVClOEqNTNFJA7uwJv9tIhM8%3D"},"isCommentLike":-5,"dislike_count":0},{"id":97083,"parent_id":26469,"type":1,"commentor":6933,"gmtCreate":null,"gmtModified":null,"like_count":0,"content":"开玩笑，it那么多男生怎么可能没帅哥呢","anonymity":1,"any_name":"水箭龟","commentCount":null,"user":{"id":6933,"name":"只是个小孩","avatar_url":"http://test01-20200725.oss-cn-shenzhen.aliyuncs.com/image/1654520328967.jpg?Expires=1969880326&OSSAccessKeyId=LTAI4G5RL7pjavqASCwc42kR&Signature=Int9SGjhhR5uwyIdZnGz3ob%2Bv2w%3D"},"isCommentLike":-5,"dislike_count":0},{"id":97132,"parent_id":26469,"type":1,"commentor":5609,"gmtCreate":null,"gmtModified":null,"like_count":0,"content":"我之前看到过一个惊为天人的\uD83D\uDE2D","anonymity":1,"any_name":"哈士奇","commentCount":null,"user":{"id":5609,"name":"麦辣鸡腿堡","avatar_url":null},"isCommentLike":-5,"dislike_count":0},{"id":97175,"parent_id":26469,"type":1,"commentor":8028,"gmtCreate":null,"gmtModified":null,"like_count":0,"content":"我哈哈，帅得不明显","anonymity":1,"any_name":"出前一丁","commentCount":null,"user":{"id":8028,"name":"小花猫","avatar_url":"http://test01-20200725.oss-cn-shenzhen.aliyuncs.com/image/1652439999180.jpg?Expires=1967799993&OSSAccessKeyId=LTAI4G5RL7pjavqASCwc42kR&Signature=OzfmMdBs6fhsAfFgEuMLQeSI2So%3D"},"isCommentLike":-5,"dislike_count":0},{"id":97094,"parent_id":97068,"type":2,"commentor":6933,"gmtCreate":null,"gmtModified":null,"like_count":0,"content":"？","anonymity":1,"any_name":"水箭龟","commentCount":null,"user":{"id":6933,"name":"只是个小孩","avatar_url":"http://test01-20200725.oss-cn-shenzhen.aliyuncs.com/image/1654520328967.jpg?Expires=1969880326&OSSAccessKeyId=LTAI4G5RL7pjavqASCwc42kR&Signature=Int9SGjhhR5uwyIdZnGz3ob%2Bv2w%3D"},"isCommentLike":-5,"dislike_count":0},{"id":97101,"parent_id":97068,"type":2,"commentor":2981,"gmtCreate":null,"gmtModified":null,"like_count":0,"content":"？","anonymity":0,"any_name":null,"commentCount":null,"user":{"id":2981,"name":"昵称Momo","avatar_url":"http://test01-20200725.oss-cn-shenzhen.aliyuncs.com/image/1652119120283.jpg?Expires=1967479115&OSSAccessKeyId=LTAI4G5RL7pjavqASCwc42kR&Signature=r%2BGSvSrdJSkqQ%2FuX%2Fs7%2B5YOJHVk%3D"},"isCommentLike":-5,"dislike_count":0},{"id":97103,"parent_id":97091,"type":2,"commentor":1031,"gmtCreate":null,"gmtModified":null,"like_count":0,"content":"有，我贼帅，bug已经说过了","anonymity":0,"any_name":null,"commentCount":null,"user":{"id":1031,"name":"讨厌下雨的天空","avatar_url":"http://test01-20200725.oss-cn-shenzhen.aliyuncs.com/image/1635409003949.gif?Expires=1950769019&OSSAccessKeyId=LTAI4G5RL7pjavqASCwc42kR&Signature=LyILll813cXsdmMpzvMywtvpbQQ%3D"},"isCommentLike":-5,"dislike_count":0},{"id":97104,"parent_id":97091,"type":2,"commentor":1655,"gmtCreate":null,"gmtModified":null,"like_count":0,"content":"报bug是吧","anonymity":0,"any_name":null,"commentCount":null,"user":{"id":1655,"name":"应急食品（毕业版）","avatar_url":"http://test01-20200725.oss-cn-shenzhen.aliyuncs.com/image/1636378464049.gif?Expires=1951738454&OSSAccessKeyId=LTAI4G5RL7pjavqASCwc42kR&Signature=Ay0yzvZwaOrfFrXfYrxsTdpLkwM%3D"},"isCommentLike":-5,"dislike_count":0},{"id":97107,"parent_id":97103,"type":2,"commentor":2141,"gmtCreate":null,"gmtModified":null,"like_count":0,"content":"\uD83E\uDEE1","anonymity":0,"any_name":null,"commentCount":null,"user":{"id":2141,"name":"bug","avatar_url":"http://test01-20200725.oss-cn-shenzhen.aliyuncs.com/image/1650615494333.jpg?Expires=1965975487&OSSAccessKeyId=LTAI4G5RL7pjavqASCwc42kR&Signature=uUNxFaXSqIq4Mu9vaMs8wHoI1%2FI%3D"},"isCommentLike":-5,"dislike_count":0},{"id":97279,"parent_id":97083,"type":2,"commentor":101,"gmtCreate":null,"gmtModified":null,"like_count":0,"content":"可以介绍个it的同学吗加wx吗，想转it，所以想了解一些事情(˶‾᷄ ⁻̫ ‾᷅˵)","anonymity":1,"any_name":"拱北快递员","commentCount":null,"user":{"id":101,"name":"nothing","avatar_url":"http://test01-20200725.oss-cn-shenzhen.aliyuncs.com/image/1666497316792.jpg?Expires=1981857315&OSSAccessKeyId=LTAI4G5RL7pjavqASCwc42kR&Signature=LV0UT3E4atwfxawakkND08%2FIdaw%3D"},"isCommentLike":-5,"dislike_count":0},{"id":97282,"parent_id":97091,"type":2,"commentor":101,"gmtCreate":null,"gmtModified":null,"like_count":0,"content":"可以介绍个it同学吗，因为想转it，所以想了解一些事情^-^","anonymity":1,"any_name":"拱北快递员","commentCount":null,"user":{"id":101,"name":"nothing","avatar_url":"http://test01-20200725.oss-cn-shenzhen.aliyuncs.com/image/1666497316792.jpg?Expires=1981857315&OSSAccessKeyId=LTAI4G5RL7pjavqASCwc42kR&Signature=LV0UT3E4atwfxawakkND08%2FIdaw%3D"},"isCommentLike":-5,"dislike_count":0},{"id":97290,"parent_id":97282,"type":2,"commentor":2141,"gmtCreate":null,"gmtModified":null,"like_count":0,"content":"下雨天空","anonymity":0,"any_name":null,"commentCount":null,"user":{"id":2141,"name":"bug","avatar_url":"http://test01-20200725.oss-cn-shenzhen.aliyuncs.com/image/1650615494333.jpg?Expires=1965975487&OSSAccessKeyId=LTAI4G5RL7pjavqASCwc42kR&Signature=uUNxFaXSqIq4Mu9vaMs8wHoI1%2FI%3D"},"isCommentLike":-5,"dislike_count":0},{"id":97313,"parent_id":97290,"type":2,"commentor":101,"gmtCreate":null,"gmtModified":null,"like_count":0,"content":"可以加他吗？","anonymity":1,"any_name":"拱北快递员","commentCount":null,"user":{"id":101,"name":"nothing","avatar_url":"http://test01-20200725.oss-cn-shenzhen.aliyuncs.com/image/1666497316792.jpg?Expires=1981857315&OSSAccessKeyId=LTAI4G5RL7pjavqASCwc42kR&Signature=LV0UT3E4atwfxawakkND08%2FIdaw%3D"},"isCommentLike":-5,"dislike_count":0},{"id":97321,"parent_id":97313,"type":2,"commentor":2141,"gmtCreate":null,"gmtModified":null,"like_count":0,"content":"加加加","anonymity":0,"any_name":null,"commentCount":null,"user":{"id":2141,"name":"bug","avatar_url":"http://test01-20200725.oss-cn-shenzhen.aliyuncs.com/image/1650615494333.jpg?Expires=1965975487&OSSAccessKeyId=LTAI4G5RL7pjavqASCwc42kR&Signature=uUNxFaXSqIq4Mu9vaMs8wHoI1%2FI%3D"},"isCommentLike":-5,"dislike_count":0}],"any_name":"拱北快递员","relation":-2,"liked":-4,"anonymity":1,"dislike_count":0}