{"id":26486,"author":null,"author_avatar_url":null,"author_id":1300,"author_status":1,"gmt_create":1654355934312,"gmt_modified":1654355934312,"content":"转专业失败的话会影响现在所在专业的进展吗？","title":"转专业失败的话会影响现在所在专业的进展吗？","description":"no description yet","like_count":0,"comment_count":7,"view_count":271,"type":"post","tag":"not tag yet","imageList":"","content_source":null,"comments":[{"id":97141,"parent_id":26486,"type":1,"commentor":186,"gmtCreate":null,"gmtModified":null,"like_count":0,"content":"不会呀 我也转失败了 但现在和没转过专业的同学是一样的","anonymity":1,"any_name":"出前一丁","commentCount":null,"user":{"id":186,"name":"哄哄","avatar_url":"https://thirdwx.qlogo.cn/mmopen/vi_32/Q3auHgzwzM6FlWWX47uibZUVbNHxS35uPCoXC35foGw1PPdbb2FmYQofGGCwewRoqKRd78icMB5ASoxbiaEm0eDQQ/132"},"isCommentLike":-5,"dislike_count":0},{"id":97159,"parent_id":97141,"type":2,"commentor":1150,"gmtCreate":null,"gmtModified":null,"like_count":0,"content":"请问是为什么失败了呢","anonymity":1,"any_name":"芋圆奶茶","commentCount":null,"user":{"id":1150,"name":"w","avatar_url":"https://thirdwx.qlogo.cn/mmopen/vi_32/csuyfGVLlQDFwrQY1v21eLhIZLhMcmqia0VybXibhRO8cRVx5zhsy6u20xhtOFncwOibDI81ecIRLhMHDfBibjvlhA/132"},"isCommentLike":-5,"dislike_count":0},{"id":97199,"parent_id":97159,"type":2,"commentor":186,"gmtCreate":null,"gmtModified":null,"like_count":0,"content":"绩点不够 但听说我转的那个学院一个人都没要","anonymity":1,"any_name":"出前一丁","commentCount":null,"user":{"id":186,"name":"哄哄","avatar_url":"https://thirdwx.qlogo.cn/mmopen/vi_32/Q3auHgzwzM6FlWWX47uibZUVbNHxS35uPCoXC35foGw1PPdbb2FmYQofGGCwewRoqKRd78icMB5ASoxbiaEm0eDQQ/132"},"isCommentLike":-5,"dislike_count":0},{"id":97204,"parent_id":97199,"type":2,"commentor":1150,"gmtCreate":null,"gmtModified":null,"like_count":0,"content":"我去 想问一下是什么学院啊","anonymity":1,"any_name":"芋圆奶茶","commentCount":null,"user":{"id":1150,"name":"w","avatar_url":"https://thirdwx.qlogo.cn/mmopen/vi_32/csuyfGVLlQDFwrQY1v21eLhIZLhMcmqia0VybXibhRO8cRVx5zhsy6u20xhtOFncwOibDI81ecIRLhMHDfBibjvlhA/132"},"isCommentLike":-5,"dislike_count":0},{"id":97243,"parent_id":97204,"type":2,"commentor":186,"gmtCreate":null,"gmtModified":null,"like_count":0,"content":"法","anonymity":1,"any_name":"出前一丁","commentCount":null,"user":{"id":186,"name":"哄哄","avatar_url":"https://thirdwx.qlogo.cn/mmopen/vi_32/Q3auHgzwzM6FlWWX47uibZUVbNHxS35uPCoXC35foGw1PPdbb2FmYQofGGCwewRoqKRd78icMB5ASoxbiaEm0eDQQ/132"},"isCommentLike":-5,"dislike_count":0},{"id":108698,"parent_id":97141,"type":2,"commentor":3470,"gmtCreate":null,"gmtModified":null,"like_count":0,"content":"请问转专业失败了会不会退那2000元呀","anonymity":1,"any_name":"阿拉斯加猪","commentCount":null,"user":{"id":3470,"name":"U_161441644981","avatar_url":null},"isCommentLike":-5,"dislike_count":0},{"id":108710,"parent_id":108698,"type":2,"commentor":186,"gmtCreate":null,"gmtModified":null,"like_count":0,"content":"不退的 成功失败都不退","anonymity":1,"any_name":"沊仔刘亦菲","commentCount":null,"user":{"id":186,"name":"哄哄","avatar_url":"https://thirdwx.qlogo.cn/mmopen/vi_32/Q3auHgzwzM6FlWWX47uibZUVbNHxS35uPCoXC35foGw1PPdbb2FmYQofGGCwewRoqKRd78icMB5ASoxbiaEm0eDQQ/132"},"isCommentLike":-5,"dislike_count":0}],"any_name":"Jerry","relation":-2,"liked":-4,"anonymity":1,"dislike_count":0}