{"id":2649,"author":".、","author_avatar_url":"http://test01-20200725.oss-cn-shenzhen.aliyuncs.com/image/1661672886151.jpg?Expires=1977032877&OSSAccessKeyId=LTAI4G5RL7pjavqASCwc42kR&Signature=JnzkepYGYPXWqS06GaGSivx8sWw%3D","author_id":1222,"author_status":1,"gmt_create":1634355981238,"gmt_modified":1634355981238,"content":"有没有学长学姐写过柳xd老师的小组课题作业？他只要求3000字 我们小组大概搞了七八千\uD83E\uDD72\uD83E\uDD72会因为太多被打低分吗","title":"有没有学长学姐写过柳xd老师的小组课题作业？他只要求3000字 我们小组大概搞了七八千\uD83E\uDD72\uD83E\uDD72会因为太多被打低分吗","description":"no description yet","like_count":0,"comment_count":5,"view_count":246,"type":"post","tag":"not tag yet","imageList":"","content_source":null,"comments":[{"id":8775,"parent_id":2649,"type":1,"commentor":891,"gmtCreate":null,"gmtModified":null,"like_count":2,"content":"好卷呢","anonymity":1,"any_name":"Kelly","commentCount":null,"user":{"id":891,"name":"王大王（动森打工版）","avatar_url":"https://thirdwx.qlogo.cn/mmopen/vi_32/Q0j4TwGTfTL72YEQthvp6YS76yVSRTJliaR7hGIqwsGCXyicicPEdQfOrmkqXQukW4HG3p2P9JCOWLQicRPIFv5k7A/132"},"isCommentLike":-5,"dislike_count":0},{"id":8780,"parent_id":2649,"type":1,"commentor":1072,"gmtCreate":null,"gmtModified":null,"like_count":0,"content":"当然会","anonymity":1,"any_name":"咖哩鱼蛋","commentCount":null,"user":{"id":1072,"name":"kcxsx","avatar_url":"http://test01-20200725.oss-cn-shenzhen.aliyuncs.com/image/1648338663336.jpg?Expires=1963698657&OSSAccessKeyId=LTAI4G5RL7pjavqASCwc42kR&Signature=pihtsdm5sr9J5YepGCfXHuq2fWg%3D"},"isCommentLike":-5,"dislike_count":0},{"id":8781,"parent_id":2649,"type":1,"commentor":1048,"gmtCreate":null,"gmtModified":null,"like_count":0,"content":"会啊 不然他干嘛让你写三四千不直接让你们写七八千","anonymity":1,"any_name":"奥利奥","commentCount":null,"user":{"id":1048,"name":"Mxmtoon","avatar_url":"https://thirdwx.qlogo.cn/mmopen/vi_32/BgX1Kn6uGTJEd2EPsoR4dR9DUD9bOlSwHiae2D9R6ic78Hgqny8guZR5ibia8ua2xiajYjQkV54KJpnianxtd33deIkg/132"},"isCommentLike":-5,"dislike_count":0},{"id":8797,"parent_id":2649,"type":1,"commentor":1025,"gmtCreate":null,"gmtModified":null,"like_count":0,"content":"有时候字多了也扣分","anonymity":1,"any_name":"微积分","commentCount":null,"user":{"id":1025,"name":"R_t","avatar_url":"https://thirdwx.qlogo.cn/mmopen/vi_32/sBJGEvylut78j3YCXXia4dULI3LrOicTuoHjR5f5pYxL94EWknlw1Z8ia0NGtDibhGpSmdfUtZQFfpZgbia8VYe1iaxQ/132"},"isCommentLike":-5,"dislike_count":0},{"id":8824,"parent_id":2649,"type":1,"commentor":581,"gmtCreate":null,"gmtModified":null,"like_count":0,"content":"不懂，我跨学院传播学，有一次个人报告就超了，因为做的研究有点多。。个人觉得最好是遵循他的规则来，我超字数当时很害怕还写了备注告诉他是真的想到了那么多舍不得删减。。如果你们那七八千不是自己写的非必要的话那还是删了比较好。内容第一形式第二吧","anonymity":0,"any_name":null,"commentCount":null,"user":{"id":581,"name":"發光西瓜孢子","avatar_url":"http://test01-20200725.oss-cn-shenzhen.aliyuncs.com/image/1631119077984.jpg?Expires=1946479074&OSSAccessKeyId=LTAI4G5RL7pjavqASCwc42kR&Signature=V5Ue7WGt4Jv72AxfDa28Or%2B6ul0%3D"},"isCommentLike":-5,"dislike_count":0}],"any_name":null,"relation":-2,"liked":-4,"anonymity":0,"dislike_count":0}