{"id":26605,"author":null,"author_avatar_url":null,"author_id":596,"author_status":1,"gmt_create":1654500466003,"gmt_modified":1654500466003,"content":"转专业交钱是要转到指定银行还是vx就可以呀 可以用内地银行卡交吗","title":"转专业交钱是要转到指定银行还是vx就可以呀 可以用内地银行卡交吗","description":"no description yet","like_count":1,"comment_count":0,"view_count":37,"type":"post","tag":"not tag yet","imageList":"","content_source":null,"comments":null,"any_name":"英国短毛猫","relation":-2,"liked":-4,"anonymity":1,"dislike_count":0}