{"id":26717,"author":"Estella","author_avatar_url":"http://test01-20200725.oss-cn-shenzhen.aliyuncs.com/image/1657683103089.jpg?Expires=1973043102&OSSAccessKeyId=LTAI4G5RL7pjavqASCwc42kR&Signature=UpF0ECoaXPCdKgAxeTZy%2FxgfL%2Bw%3D","author_id":4555,"author_status":1,"gmt_create":1654607585760,"gmt_modified":1654607585760,"content":"想问一下 如果报了暑期课，怎么续住学校宿舍呀\uD83E\uDD14","title":"想问一下 如果报了暑期课，怎么续住学校宿舍呀\uD83E\uDD14","description":"no description yet","like_count":0,"comment_count":2,"view_count":46,"type":"post","tag":"not tag yet","imageList":"","content_source":null,"comments":[{"id":97979,"parent_id":26717,"type":1,"commentor":166,"gmtCreate":null,"gmtModified":null,"like_count":0,"content":"wemust之前通告写过了，报了暑假课的是自动续了住宿的，而且是自费哦","anonymity":0,"any_name":null,"commentCount":null,"user":{"id":166,"name":"蜜桃乌龙辰","avatar_url":"http://test01-20200725.oss-cn-shenzhen.aliyuncs.com/image/1648811943142.jpeg?Expires=1964171933&OSSAccessKeyId=LTAI4G5RL7pjavqASCwc42kR&Signature=zLMV1yAVlaNtqjUfhFB4s0PL%2F28%3D"},"isCommentLike":-5,"dislike_count":0},{"id":97991,"parent_id":97979,"type":2,"commentor":4555,"gmtCreate":null,"gmtModified":null,"like_count":0,"content":"好的！非常感谢\uD83D\uDE4F","anonymity":0,"any_name":null,"commentCount":null,"user":{"id":4555,"name":"Estella","avatar_url":"http://test01-20200725.oss-cn-shenzhen.aliyuncs.com/image/1657683103089.jpg?Expires=1973043102&OSSAccessKeyId=LTAI4G5RL7pjavqASCwc42kR&Signature=UpF0ECoaXPCdKgAxeTZy%2FxgfL%2Bw%3D"},"isCommentLike":-5,"dislike_count":0}],"any_name":null,"relation":-2,"liked":-4,"anonymity":0,"dislike_count":0}