{"id":26890,"author":null,"author_avatar_url":null,"author_id":104,"author_status":1,"gmt_create":1654835831486,"gmt_modified":1654835831486,"content":"有没有明天考六级今天还看都没看的朋友","title":"有没有明天考六级今天还看都没看的朋友","description":"no description yet","like_count":1,"comment_count":5,"view_count":229,"type":"post","tag":"not tag yet","imageList":"","content_source":null,"comments":[{"id":98530,"parent_id":26890,"type":1,"commentor":682,"gmtCreate":null,"gmtModified":null,"like_count":0,"content":"听力错一堆，没救了555","anonymity":0,"any_name":null,"commentCount":null,"user":{"id":682,"name":"~Xenon~","avatar_url":"http://test01-20200725.oss-cn-shenzhen.aliyuncs.com/image/1662451495431.gif?Expires=1977811496&OSSAccessKeyId=LTAI4G5RL7pjavqASCwc42kR&Signature=tLEL737zMefpEHXZzQlS%2Bxz88Ts%3D"},"isCommentLike":-5,"dislike_count":0},{"id":98531,"parent_id":26890,"type":1,"commentor":682,"gmtCreate":null,"gmtModified":null,"like_count":0,"content":"我最怕的就是听力","anonymity":0,"any_name":null,"commentCount":null,"user":{"id":682,"name":"~Xenon~","avatar_url":"http://test01-20200725.oss-cn-shenzhen.aliyuncs.com/image/1662451495431.gif?Expires=1977811496&OSSAccessKeyId=LTAI4G5RL7pjavqASCwc42kR&Signature=tLEL737zMefpEHXZzQlS%2Bxz88Ts%3D"},"isCommentLike":-5,"dislike_count":0},{"id":98532,"parent_id":98531,"type":2,"commentor":104,"gmtCreate":null,"gmtModified":null,"like_count":0,"content":"这么难吗我日 我赶紧开始看吧 还有救吗","anonymity":1,"any_name":"和味牛杂","commentCount":null,"user":{"id":104,"name":"Oops","avatar_url":"https://thirdwx.qlogo.cn/mmopen/vi_32/whprSj9WZZd4aSbmLClpEWbL7lPVVRoSQaNeXO4NJfb0r9GcM8Ng8B8HkDPPia49VQNLDgu7Ad70MBZ9IIz9h5g/132"},"isCommentLike":-5,"dislike_count":0},{"id":98533,"parent_id":98532,"type":2,"commentor":682,"gmtCreate":null,"gmtModified":null,"like_count":0,"content":"练练听力，要进入状态","anonymity":0,"any_name":null,"commentCount":null,"user":{"id":682,"name":"~Xenon~","avatar_url":"http://test01-20200725.oss-cn-shenzhen.aliyuncs.com/image/1662451495431.gif?Expires=1977811496&OSSAccessKeyId=LTAI4G5RL7pjavqASCwc42kR&Signature=tLEL737zMefpEHXZzQlS%2Bxz88Ts%3D"},"isCommentLike":-5,"dislike_count":0},{"id":98595,"parent_id":98530,"type":2,"commentor":5548,"gmtCreate":null,"gmtModified":null,"like_count":0,"content":"我也啊我也!","anonymity":1,"any_name":"奥利奥","commentCount":null,"user":{"id":5548,"name":"吼","avatar_url":"http://test01-20200725.oss-cn-shenzhen.aliyuncs.com/image/1648558976875.jpg?Expires=1963918979&OSSAccessKeyId=LTAI4G5RL7pjavqASCwc42kR&Signature=DZ5grcrH6Utc8628HLbtQh7gpxc%3D"},"isCommentLike":-5,"dislike_count":0}],"any_name":"和味牛杂","relation":-2,"liked":-4,"anonymity":1,"dislike_count":0}