{"id":26982,"author":"uuu","author_avatar_url":"http://test01-20200725.oss-cn-shenzhen.aliyuncs.com/image/1655355624562.jpg?Expires=1970715619&OSSAccessKeyId=LTAI4G5RL7pjavqASCwc42kR&Signature=G9P47Qn6YDREWltU4hdoU0%2Bk138%3D","author_id":4835,"author_status":1,"gmt_create":1654873795483,"gmt_modified":1654873795483,"content":"听听力不带耳机，放录音\n听力只能听一遍，念完内容才会念问题\n祝四六级顺利","title":"听听力不带耳机，放录音\n听力只能听一遍，念完内容才会念问题\n祝四六级顺利","description":"no description yet","like_count":3,"comment_count":0,"view_count":21,"type":"post","tag":"not tag yet","imageList":"","content_source":null,"comments":null,"any_name":null,"relation":-2,"liked":-4,"anonymity":0,"dislike_count":0}