{"id":27014,"author":null,"author_avatar_url":null,"author_id":981,"author_status":1,"gmt_create":1654882932585,"gmt_modified":1654882932585,"content":"为什么恐男","title":"为什么恐男","description":"no description yet","like_count":6,"comment_count":20,"view_count":265,"type":"post","tag":"not tag yet","imageList":"http://test01-20200725.oss-cn-shenzhen.aliyuncs.com/image/1654882871385.jpg?Expires=1970242869&OSSAccessKeyId=LTAI4G5RL7pjavqASCwc42kR&Signature=QYRtYJhHTC4QqG091lSrkgUm7u0%3D","content_source":null,"comments":[{"id":99054,"parent_id":27014,"type":1,"commentor":310,"gmtCreate":null,"gmtModified":null,"like_count":2,"content":"女生诬告少了?捅人少了?摔婴摔童的新闻选择性无视?前有德普后有zhttty，厨艺人挤人的时候哪个男生不是避而远之生怕被挂出来?清华腚姐过去多久？女生能理解恐女么？","anonymity":1,"any_name":"Kelly","commentCount":null,"user":{"id":310,"name":"momo","avatar_url":"https://thirdwx.qlogo.cn/mmopen/vi_32/Q3auHgzwzM41p6OicT6aadKXqffRm2f6eOsgxDjFy2ZaebAjoJwHRuic6ic4qOKALzFvlratJLlvZNccDnQgbyWLg/132"},"isCommentLike":-5,"dislike_count":0},{"id":99060,"parent_id":27014,"type":1,"commentor":78,"gmtCreate":null,"gmtModified":null,"like_count":1,"content":"赞同","anonymity":1,"any_name":"Tom","commentCount":null,"user":{"id":78,"name":"Panxuenfj","avatar_url":"https://thirdwx.qlogo.cn/mmopen/vi_32/h48Vg1pMQCGLMNpWY0k61G2MLUlCpH7SehlrwPJhQZUVZSkZCObjxhNbQiaEjM3QYKiaLibJR2Pl6SoqPWuZcGv5g/132"},"isCommentLike":-5,"dislike_count":0},{"id":99058,"parent_id":99054,"type":2,"commentor":643,"gmtCreate":null,"gmtModified":null,"like_count":0,"content":"或许你可以理解为，一个身体力量对抗性都低于对方的弱者的惧怕。就像我还是小屁孩的时候我见谁都怕，但是更怕男性是因为家里教育陌生叔叔要远离","anonymity":1,"any_name":"多喝热水","commentCount":null,"user":{"id":643,"name":"脾气超级差","avatar_url":"http://test01-20200725.oss-cn-shenzhen.aliyuncs.com/image/1658825259833.jpg?Expires=1974185254&OSSAccessKeyId=LTAI4G5RL7pjavqASCwc42kR&Signature=cVqDAV6c37qT%2FyCkpGnFEKtS3TU%3D"},"isCommentLike":-5,"dislike_count":0},{"id":99061,"parent_id":99058,"type":2,"commentor":310,"gmtCreate":null,"gmtModified":null,"like_count":0,"content":"能理解，那你能否理解一个人对于一个异性可以凭借小作文或者是系统性的舆论优势让自己直接社死或者是捅自己一刀而不用背负任何法律责任的恐惧呢？如果能理解的话，那是不是都应该要知道会做出让异性恐惧的行为的人是极少数呢？那还是否要继续恐慌下去呢？","anonymity":1,"any_name":"Kelly","commentCount":null,"user":{"id":310,"name":"momo","avatar_url":"https://thirdwx.qlogo.cn/mmopen/vi_32/Q3auHgzwzM41p6OicT6aadKXqffRm2f6eOsgxDjFy2ZaebAjoJwHRuic6ic4qOKALzFvlratJLlvZNccDnQgbyWLg/132"},"isCommentLike":-5,"dislike_count":0},{"id":99067,"parent_id":99061,"type":2,"commentor":643,"gmtCreate":null,"gmtModified":null,"like_count":0,"content":"舆论是双刃剑，有人因此得救有人因此受伤。我不知道男性遭到你说的伤害的比例是多少，但是我如今十九岁快二十，十岁游泳池被摸过屁股还被评价了，十四岁和姐姐骑车被吹口哨被开车按喇叭，十七岁去上补习班路上被人问“想不想被qj ？”所以这个极少数我不赞同。这是我的经历，或许","anonymity":1,"any_name":"多喝热水","commentCount":null,"user":{"id":643,"name":"脾气超级差","avatar_url":"http://test01-20200725.oss-cn-shenzhen.aliyuncs.com/image/1658825259833.jpg?Expires=1974185254&OSSAccessKeyId=LTAI4G5RL7pjavqASCwc42kR&Signature=cVqDAV6c37qT%2FyCkpGnFEKtS3TU%3D"},"isCommentLike":-5,"dislike_count":0},{"id":99070,"parent_id":99061,"type":2,"commentor":643,"gmtCreate":null,"gmtModified":null,"like_count":0,"content":"或许那个人不是你，但是别认为他就是极少数。哦还有十二年的学习生活中同班同学有两个咸猪手。还有关于法律责任，那是法律的事情那是司法机关的事情，我本人拒绝因舆论判案件。","anonymity":1,"any_name":"多喝热水","commentCount":null,"user":{"id":643,"name":"脾气超级差","avatar_url":"http://test01-20200725.oss-cn-shenzhen.aliyuncs.com/image/1658825259833.jpg?Expires=1974185254&OSSAccessKeyId=LTAI4G5RL7pjavqASCwc42kR&Signature=cVqDAV6c37qT%2FyCkpGnFEKtS3TU%3D"},"isCommentLike":-5,"dislike_count":0},{"id":99079,"parent_id":99070,"type":2,"commentor":310,"gmtCreate":null,"gmtModified":null,"like_count":0,"content":"即使不谈后续责任，突然的针对异性的暴起伤人与恐怖分子无异","anonymity":1,"any_name":"Kelly","commentCount":null,"user":{"id":310,"name":"momo","avatar_url":"https://thirdwx.qlogo.cn/mmopen/vi_32/Q3auHgzwzM41p6OicT6aadKXqffRm2f6eOsgxDjFy2ZaebAjoJwHRuic6ic4qOKALzFvlratJLlvZNccDnQgbyWLg/132"},"isCommentLike":-5,"dislike_count":0},{"id":99080,"parent_id":99070,"type":2,"commentor":310,"gmtCreate":null,"gmtModified":null,"like_count":0,"content":"因你的个人经历，所以你的恐男是观点是坚定的，同时也回避了我所提到的可能造成恐女观点的事件，既然这样那就加速好了，路上时不时伸个咸猪手捅个刀，网上小作文满天飞，毕竟都不在乎了对吧","anonymity":1,"any_name":"Kelly","commentCount":null,"user":{"id":310,"name":"momo","avatar_url":"https://thirdwx.qlogo.cn/mmopen/vi_32/Q3auHgzwzM41p6OicT6aadKXqffRm2f6eOsgxDjFy2ZaebAjoJwHRuic6ic4qOKALzFvlratJLlvZNccDnQgbyWLg/132"},"isCommentLike":-5,"dislike_count":0},{"id":99089,"parent_id":99079,"type":2,"commentor":643,"gmtCreate":null,"gmtModified":null,"like_count":0,"content":"同样的啊，有男性对于女性的暴起伤人也有女性对于男性的。不会有人说哪一方面是对的正确的。厨艺人挤人的时候见个人都要避让那是社交距离是每个人都应该有的而不是男生对女生专属。清华腚姐有，女业主被门卫造谣说和快递员鬼混也有，女性被性骚扰概率不低，男性被性骚扰概率也不低，所以都恐吧，别在乎了。","anonymity":1,"any_name":"多喝热水","commentCount":null,"user":{"id":643,"name":"脾气超级差","avatar_url":"http://test01-20200725.oss-cn-shenzhen.aliyuncs.com/image/1658825259833.jpg?Expires=1974185254&OSSAccessKeyId=LTAI4G5RL7pjavqASCwc42kR&Signature=cVqDAV6c37qT%2FyCkpGnFEKtS3TU%3D"},"isCommentLike":-5,"dislike_count":0},{"id":99091,"parent_id":99080,"type":2,"commentor":643,"gmtCreate":null,"gmtModified":null,"like_count":0,"content":"换句话说，是人的恶，而不是性别的错。但是实行恶的过程，武力值的差异与教育导致女性天生惧怕。","anonymity":1,"any_name":"多喝热水","commentCount":null,"user":{"id":643,"name":"脾气超级差","avatar_url":"http://test01-20200725.oss-cn-shenzhen.aliyuncs.com/image/1658825259833.jpg?Expires=1974185254&OSSAccessKeyId=LTAI4G5RL7pjavqASCwc42kR&Signature=cVqDAV6c37qT%2FyCkpGnFEKtS3TU%3D"},"isCommentLike":-5,"dislike_count":0},{"id":99094,"parent_id":99054,"type":2,"commentor":981,"gmtCreate":null,"gmtModified":null,"like_count":0,"content":"非要这么说的话 李奕奕跳楼、拉姆、红谷滩事件、嵩县女子被前男友当街打死、西安、feng县……以及你自己看看犯罪男女比例 不管你愿不愿意正视 事实就摆在这里","anonymity":1,"any_name":"六级词汇","commentCount":null,"user":{"id":981,"name":"长句","avatar_url":"https://thirdwx.qlogo.cn/mmopen/vi_32/h2eVI2ysJw3XgGIGCHXjtxYDC3ia24GHAjjIIicQ4pa2bMT5GQq8Po3Hdzhadp8gyVXBiaGsOYFKTcJVBm958rwibQ/132"},"isCommentLike":-5,"dislike_count":0},{"id":99105,"parent_id":99054,"type":2,"commentor":981,"gmtCreate":null,"gmtModified":null,"like_count":0,"content":"以及 你说的舆论 是不是社会上无数女性被猥亵 被伤害在先的后果？要你们保持距离就委屈上了？君子不立危墙之下啊 这不是那些女生被伤害的时候你这种冷漠的旁观者说的吗？","anonymity":1,"any_name":"六级词汇","commentCount":null,"user":{"id":981,"name":"长句","avatar_url":"https://thirdwx.qlogo.cn/mmopen/vi_32/h2eVI2ysJw3XgGIGCHXjtxYDC3ia24GHAjjIIicQ4pa2bMT5GQq8Po3Hdzhadp8gyVXBiaGsOYFKTcJVBm958rwibQ/132"},"isCommentLike":-5,"dislike_count":0},{"id":99113,"parent_id":99105,"type":2,"commentor":310,"gmtCreate":null,"gmtModified":null,"like_count":0,"content":"并没有委屈，而是基于一个已经形成的客观事实还要被恐男心理所辐射，就像是女性已经强加防范却仍然被性骚扰一样，不知你能否感同身受","anonymity":1,"any_name":"Kelly","commentCount":null,"user":{"id":310,"name":"momo","avatar_url":"https://thirdwx.qlogo.cn/mmopen/vi_32/Q3auHgzwzM41p6OicT6aadKXqffRm2f6eOsgxDjFy2ZaebAjoJwHRuic6ic4qOKALzFvlratJLlvZNccDnQgbyWLg/132"},"isCommentLike":-5,"dislike_count":0},{"id":99114,"parent_id":99054,"type":2,"commentor":981,"gmtCreate":null,"gmtModified":null,"like_count":0,"content":"况且不管是图上还是上海唐山事件 本身就和性别因素有关系 换个性别你会怕吗？而你说的这些罪行 同性之间也不少诬告 捅人 摔婴家暴的你看看男的多女的多？","anonymity":1,"any_name":"六级词汇","commentCount":null,"user":{"id":981,"name":"长句","avatar_url":"https://thirdwx.qlogo.cn/mmopen/vi_32/h2eVI2ysJw3XgGIGCHXjtxYDC3ia24GHAjjIIicQ4pa2bMT5GQq8Po3Hdzhadp8gyVXBiaGsOYFKTcJVBm958rwibQ/132"},"isCommentLike":-5,"dislike_count":0},{"id":99121,"parent_id":99113,"type":2,"commentor":981,"gmtCreate":null,"gmtModified":null,"like_count":0,"content":"哦 我的意思是 当然有好男人。好男人应该在别的男人打人时站出来，应该对打人的男人表示愤怒，而不是在这个时候说：“世界上还是有好男人的。”","anonymity":1,"any_name":"六级词汇","commentCount":null,"user":{"id":981,"name":"长句","avatar_url":"https://thirdwx.qlogo.cn/mmopen/vi_32/h2eVI2ysJw3XgGIGCHXjtxYDC3ia24GHAjjIIicQ4pa2bMT5GQq8Po3Hdzhadp8gyVXBiaGsOYFKTcJVBm958rwibQ/132"},"isCommentLike":-5,"dislike_count":0},{"id":99127,"parent_id":99114,"type":2,"commentor":310,"gmtCreate":null,"gmtModified":null,"like_count":0,"content":"是的，存在的，但上月父亲甩婴万人声讨，更久之前的女性抱走别人家的孩子突然摔下去，早就了无生息更不会被在日后批判时给她的性别记上一笔（重点），不是么？","anonymity":1,"any_name":"Kelly","commentCount":null,"user":{"id":310,"name":"momo","avatar_url":"https://thirdwx.qlogo.cn/mmopen/vi_32/Q3auHgzwzM41p6OicT6aadKXqffRm2f6eOsgxDjFy2ZaebAjoJwHRuic6ic4qOKALzFvlratJLlvZNccDnQgbyWLg/132"},"isCommentLike":-5,"dislike_count":0},{"id":99129,"parent_id":99094,"type":2,"commentor":310,"gmtCreate":null,"gmtModified":null,"like_count":0,"content":"要说犯罪率与施暴概率男性更高导致恐男呢，我下面和别人的讨论有说明，恕我无力重打一遍","anonymity":1,"any_name":"Kelly","commentCount":null,"user":{"id":310,"name":"momo","avatar_url":"https://thirdwx.qlogo.cn/mmopen/vi_32/Q3auHgzwzM41p6OicT6aadKXqffRm2f6eOsgxDjFy2ZaebAjoJwHRuic6ic4qOKALzFvlratJLlvZNccDnQgbyWLg/132"},"isCommentLike":-5,"dislike_count":0},{"id":99139,"parent_id":99054,"type":2,"commentor":7717,"gmtCreate":null,"gmtModified":null,"like_count":0,"content":"嗯嗯嗯嗯嗯你快恐女吧……离我远一点谢谢\uD83D\uDE4F","anonymity":1,"any_name":"皮卡丘","commentCount":null,"user":{"id":7717,"name":"一拳一个蝻宝","avatar_url":"http://test01-20200725.oss-cn-shenzhen.aliyuncs.com/image/1654891550886.jpg?Expires=1970251550&OSSAccessKeyId=LTAI4G5RL7pjavqASCwc42kR&Signature=ptBeBafhaZ07ucTUwZECYcR9it8%3D"},"isCommentLike":-5,"dislike_count":0},{"id":99143,"parent_id":99080,"type":2,"commentor":981,"gmtCreate":null,"gmtModified":null,"like_count":0,"content":"没法交流……那你恐吧 最好恐女的男人再多一点 也会少几个被骚扰被殴打被砍杀的女孩 男女互相恐  b世界毁灭 太好了","anonymity":1,"any_name":"六级词汇","commentCount":null,"user":{"id":981,"name":"长句","avatar_url":"https://thirdwx.qlogo.cn/mmopen/vi_32/h2eVI2ysJw3XgGIGCHXjtxYDC3ia24GHAjjIIicQ4pa2bMT5GQq8Po3Hdzhadp8gyVXBiaGsOYFKTcJVBm958rwibQ/132"},"isCommentLike":-5,"dislike_count":0},{"id":99322,"parent_id":99054,"type":2,"commentor":161,"gmtCreate":null,"gmtModified":null,"like_count":0,"content":"说得好，赏你一个艾梅柏","anonymity":1,"any_name":"允指原味鸡","commentCount":null,"user":{"id":161,"name":"jellyfish","avatar_url":"https://thirdwx.qlogo.cn/mmopen/vi_32/Q0j4TwGTfTJcXqaZf7oI1NZpdrmqibVtIkq0CLyCOx3J4WvO771FtGLb7ZeliakYoTBAV5E6buWJQVsgrM7JA84g/132"},"isCommentLike":-5,"dislike_count":0}],"any_name":"六级词汇","relation":-2,"liked":-4,"anonymity":1,"dislike_count":0}