{"id":27278,"author":"麻薯特价买一送一","author_avatar_url":"http://test01-20200725.oss-cn-shenzhen.aliyuncs.com/image/1665982822279.jpg?Expires=1981342813&OSSAccessKeyId=LTAI4G5RL7pjavqASCwc42kR&Signature=LQ0q39s5xmQvk9GgE80EPhRBq7k%3D","author_id":765,"author_status":1,"gmt_create":1655055256227,"gmt_modified":1655055256227,"content":"/麻薯推歌\n《夏日午睡》\n\n如果太累的话去睡一觉吧。","title":"/麻薯推歌\n《夏日午睡》\n\n如果太累的话去睡一觉吧。","description":"no description yet","like_count":2,"comment_count":2,"view_count":19,"type":"post","tag":"not tag yet","imageList":"http://test01-20200725.oss-cn-shenzhen.aliyuncs.com/image/1655055261466.jpg?Expires=1970415253&OSSAccessKeyId=LTAI4G5RL7pjavqASCwc42kR&Signature=%2BfNu%2FWyPglCZST5hQpJTC0XX%2BmM%3D","content_source":null,"comments":[{"id":100751,"parent_id":27278,"type":1,"commentor":1133,"gmtCreate":null,"gmtModified":null,"like_count":0,"content":"看成了一起睡一觉\uD83E\uDD7A\uD83D\uDC49\uD83D\uDC48","anonymity":0,"any_name":null,"commentCount":null,"user":{"id":1133,"name":"无事小神仙","avatar_url":"http://test01-20200725.oss-cn-shenzhen.aliyuncs.com/image/1666848003348.jpg?Expires=1982207995&OSSAccessKeyId=LTAI4G5RL7pjavqASCwc42kR&Signature=x51mAxQH5IM9JjWF9zcJntifllU%3D"},"isCommentLike":-5,"dislike_count":0},{"id":100791,"parent_id":100751,"type":2,"commentor":765,"gmtCreate":null,"gmtModified":null,"like_count":0,"content":"也不是不行\uD83D\uDE1A","anonymity":0,"any_name":null,"commentCount":null,"user":{"id":765,"name":"麻薯特价买一送一","avatar_url":"http://test01-20200725.oss-cn-shenzhen.aliyuncs.com/image/1665982822279.jpg?Expires=1981342813&OSSAccessKeyId=LTAI4G5RL7pjavqASCwc42kR&Signature=LQ0q39s5xmQvk9GgE80EPhRBq7k%3D"},"isCommentLike":-5,"dislike_count":0}],"any_name":null,"relation":-2,"liked":-4,"anonymity":0,"dislike_count":0}