{"id":27385,"author":null,"author_avatar_url":null,"author_id":1864,"author_status":1,"gmt_create":1655176219082,"gmt_modified":1655176219082,"content":"想问一下 hpv一定要按照她那个时间打吗？我刚好打第三针的时候没空 可以延迟一天打吗？","title":"想问一下 hpv一定要按照她那个时间打吗？我刚好打第三针的时候没空 可以延迟一天打吗？","description":"no description yet","like_count":0,"comment_count":4,"view_count":200,"type":"post","tag":"not tag yet","imageList":"","content_source":null,"comments":[{"id":101156,"parent_id":27385,"type":1,"commentor":1366,"gmtCreate":null,"gmtModified":null,"like_count":0,"content":"可以的","anonymity":1,"any_name":"阿拉斯加猪","commentCount":null,"user":{"id":1366,"name":"KK","avatar_url":"https://thirdwx.qlogo.cn/mmopen/vi_32/DYAIOgq83ep9TC1VMp3qYqoRJ4LjQr4JT5IMRqSwXzm5NicyvsQLaxYgYFwO2Fb4X9zIHlibbmyHibsm9cscM9U6A/132"},"isCommentLike":-5,"dislike_count":0},{"id":101157,"parent_id":27385,"type":1,"commentor":1154,"gmtCreate":null,"gmtModified":null,"like_count":0,"content":"可以推后不可以提前哦 那个时间是最早能注射的时间","anonymity":1,"any_name":"沊仔刘亦菲","commentCount":null,"user":{"id":1154,"name":"⭐⭐","avatar_url":"http://test01-20200725.oss-cn-shenzhen.aliyuncs.com/image/1664765845483.jpg?Expires=1980125847&OSSAccessKeyId=LTAI4G5RL7pjavqASCwc42kR&Signature=KVGpmjT9Dy7coS%2FLu2tYSLPiRRc%3D"},"isCommentLike":-5,"dislike_count":0},{"id":101166,"parent_id":27385,"type":1,"commentor":262,"gmtCreate":null,"gmtModified":null,"like_count":0,"content":"可以 三针一年内打完就行","anonymity":1,"any_name":"Kelly","commentCount":null,"user":{"id":262,"name":"清禾","avatar_url":"https://thirdwx.qlogo.cn/mmopen/vi_32/vibNyAtFicrC7CWQB4siadoQRX5QObMaK29iatolcT6c3lEXBJzkkVia2UzKaZHFWqdjiac5LmWwS5uXyvfuWFcFHWcQ/132"},"isCommentLike":-5,"dislike_count":0},{"id":101216,"parent_id":101157,"type":2,"commentor":1864,"gmtCreate":null,"gmtModified":null,"like_count":0,"content":"噢噢原来是这样","anonymity":1,"any_name":"内卷狂魔","commentCount":null,"user":{"id":1864,"name":"鼠鼠","avatar_url":"http://test01-20200725.oss-cn-shenzhen.aliyuncs.com/image/1661703319698.jpg?Expires=1977063321&OSSAccessKeyId=LTAI4G5RL7pjavqASCwc42kR&Signature=QOmLE7ryxq7LMZ5yDvkLYNv%2F7ow%3D"},"isCommentLike":-5,"dislike_count":0}],"any_name":"内卷狂魔","relation":-2,"liked":-4,"anonymity":1,"dislike_count":0}