{"id":27444,"author":null,"author_avatar_url":null,"author_id":635,"author_status":1,"gmt_create":1655230800459,"gmt_modified":1655230800459,"content":"想死，有谁能拦我一下吗","title":"想死，有谁能拦我一下吗","description":"no description yet","like_count":0,"comment_count":6,"view_count":254,"type":"post","tag":"not tag yet","imageList":"","content_source":null,"comments":[{"id":101440,"parent_id":27444,"type":1,"commentor":1683,"gmtCreate":null,"gmtModified":null,"like_count":1,"content":"别死，亲者痛，仇者快。你要一直活下去，见证仇人悲惨的末路。","anonymity":1,"any_name":"葡挞","commentCount":null,"user":{"id":1683,"name":"Rarity","avatar_url":"http://test01-20200725.oss-cn-shenzhen.aliyuncs.com/image/1661566204106.jpg?Expires=1976926200&OSSAccessKeyId=LTAI4G5RL7pjavqASCwc42kR&Signature=bkV9B%2FZEWNKBsMo%2BJxR0xngtBvI%3D"},"isCommentLike":-5,"dislike_count":0},{"id":101433,"parent_id":27444,"type":1,"commentor":1655,"gmtCreate":null,"gmtModified":null,"like_count":0,"content":"不准","anonymity":1,"any_name":"喷火龙","commentCount":null,"user":{"id":1655,"name":"应急食品（毕业版）","avatar_url":"http://test01-20200725.oss-cn-shenzhen.aliyuncs.com/image/1636378464049.gif?Expires=1951738454&OSSAccessKeyId=LTAI4G5RL7pjavqASCwc42kR&Signature=Ay0yzvZwaOrfFrXfYrxsTdpLkwM%3D"},"isCommentLike":-5,"dislike_count":0},{"id":101434,"parent_id":27444,"type":1,"commentor":657,"gmtCreate":null,"gmtModified":null,"like_count":0,"content":"打！咩！","anonymity":1,"any_name":"英国短毛猫","commentCount":null,"user":{"id":657,"name":"\uD83C\uDF4B","avatar_url":"https://thirdwx.qlogo.cn/mmopen/vi_32/NjmReVxBMgO9crVBhSnib28yf1YSf3ex4eriba7SkiaXmEYegYczicwAOp7OibeCdqKsicQPN2u5sh8qiacNbZ35uGjGw/132"},"isCommentLike":-5,"dislike_count":0},{"id":101436,"parent_id":27444,"type":1,"commentor":1300,"gmtCreate":null,"gmtModified":null,"like_count":0,"content":"我不允许！","anonymity":1,"any_name":"水箭龟","commentCount":null,"user":{"id":1300,"name":"momo","avatar_url":"https://thirdwx.qlogo.cn/mmopen/vi_32/Q3auHgzwzM7CGtMib0fLpiacnFCIV4p4fOQq7YJFnq1qz3Rib80wFzy3bQgCZJ8zbY0YpiciakLNOuK69UMKfibj3lwg/132"},"isCommentLike":-5,"dislike_count":0},{"id":101439,"parent_id":27444,"type":1,"commentor":166,"gmtCreate":null,"gmtModified":null,"like_count":0,"content":"如果你现在开始不想的话，我给你做我拿手的菜给你吃，我做饭很香的","anonymity":1,"any_name":"深海鳕鱼堡","commentCount":null,"user":{"id":166,"name":"蜜桃乌龙辰","avatar_url":"http://test01-20200725.oss-cn-shenzhen.aliyuncs.com/image/1648811943142.jpeg?Expires=1964171933&OSSAccessKeyId=LTAI4G5RL7pjavqASCwc42kR&Signature=zLMV1yAVlaNtqjUfhFB4s0PL%2F28%3D"},"isCommentLike":-5,"dislike_count":0},{"id":101466,"parent_id":27444,"type":1,"commentor":1751,"gmtCreate":null,"gmtModified":null,"like_count":0,"content":"别死","anonymity":0,"any_name":null,"commentCount":null,"user":{"id":1751,"name":"\uD83D\uDC1D\uD83D\uDC96\uD83D\uDD12\uD83D\uDC93","avatar_url":"http://test01-20200725.oss-cn-shenzhen.aliyuncs.com/image/1654747810230.jpg?Expires=1970107803&OSSAccessKeyId=LTAI4G5RL7pjavqASCwc42kR&Signature=KahWaPknZKH%2BMug469QddEs%2FSvI%3D"},"isCommentLike":-5,"dislike_count":0}],"any_name":"拱北快递员","relation":-2,"liked":-4,"anonymity":1,"dislike_count":0}