{"id":27628,"author":null,"author_avatar_url":null,"author_id":5451,"author_status":1,"gmt_create":1655483956196,"gmt_modified":1655483956196,"content":"好好说话可能真的要犯法了hhh\n好管制，好gj","title":"好好说话可能真的要犯法了hhh\n好管制，好gj","description":"no description yet","like_count":4,"comment_count":1,"view_count":111,"type":"post","tag":"not tag yet","imageList":"http://test01-20200725.oss-cn-shenzhen.aliyuncs.com/image/1655483925902.jpg?Expires=1970843926&OSSAccessKeyId=LTAI4G5RL7pjavqASCwc42kR&Signature=J9gH%2FgS%2F6vV8G9DBM%2BYfELFNux0%3D","content_source":null,"comments":[{"id":102395,"parent_id":27628,"type":1,"commentor":1683,"gmtCreate":null,"gmtModified":null,"like_count":0,"content":"活该，开香槟咯","anonymity":1,"any_name":"Jerry","commentCount":null,"user":{"id":1683,"name":"Rarity","avatar_url":"http://test01-20200725.oss-cn-shenzhen.aliyuncs.com/image/1661566204106.jpg?Expires=1976926200&OSSAccessKeyId=LTAI4G5RL7pjavqASCwc42kR&Signature=bkV9B%2FZEWNKBsMo%2BJxR0xngtBvI%3D"},"isCommentLike":-5,"dislike_count":0}],"any_name":"奥利奥","relation":-2,"liked":-4,"anonymity":1,"dislike_count":0}