{"id":27805,"author":null,"author_avatar_url":null,"author_id":154,"author_status":1,"gmt_create":1655695317796,"gmt_modified":1655695317796,"content":"想问一下有没有上复旦大学暑期国际课程的同学，你们都想选什么课啊","title":"想问一下有没有上复旦大学暑期国际课程的同学，你们都想选什么课啊","description":"no description yet","like_count":0,"comment_count":5,"view_count":243,"type":"post","tag":"not tag yet","imageList":"","content_source":null,"comments":[{"id":103353,"parent_id":27805,"type":1,"commentor":101,"gmtCreate":null,"gmtModified":null,"like_count":0,"content":"这是线上课吗？怎么报名","anonymity":1,"any_name":"Jerry","commentCount":null,"user":{"id":101,"name":"nothing","avatar_url":"http://test01-20200725.oss-cn-shenzhen.aliyuncs.com/image/1666497316792.jpg?Expires=1981857315&OSSAccessKeyId=LTAI4G5RL7pjavqASCwc42kR&Signature=LV0UT3E4atwfxawakkND08%2FIdaw%3D"},"isCommentLike":-5,"dislike_count":0},{"id":103368,"parent_id":27805,"type":1,"commentor":3977,"gmtCreate":null,"gmtModified":null,"like_count":0,"content":"怎么上呀","anonymity":1,"any_name":"网瘾少年","commentCount":null,"user":{"id":3977,"name":"是我","avatar_url":null},"isCommentLike":-5,"dislike_count":0},{"id":103393,"parent_id":27805,"type":1,"commentor":743,"gmtCreate":null,"gmtModified":null,"like_count":0,"content":"请问选课邮件发了吗？","anonymity":1,"any_name":"六级词汇","commentCount":null,"user":{"id":743,"name":"十月","avatar_url":"http://test01-20200725.oss-cn-shenzhen.aliyuncs.com/image/1652756482677.jpg?Expires=1968116473&OSSAccessKeyId=LTAI4G5RL7pjavqASCwc42kR&Signature=EE8OByfBbcLuIEMXZky8wSXFfvc%3D"},"isCommentLike":-5,"dislike_count":0},{"id":103398,"parent_id":103353,"type":2,"commentor":71,"gmtCreate":null,"gmtModified":null,"like_count":0,"content":"过报名期啦","anonymity":1,"any_name":"皮卡丘","commentCount":null,"user":{"id":71,"name":"一支\uD83C\uDF4B茶","avatar_url":"http://test01-20200725.oss-cn-shenzhen.aliyuncs.com/image/1665761422653.jpg?Expires=1981121423&OSSAccessKeyId=LTAI4G5RL7pjavqASCwc42kR&Signature=HKm6K%2Fep6pjNO1GYdhmExFTk7rM%3D"},"isCommentLike":-5,"dislike_count":0},{"id":103411,"parent_id":103393,"type":2,"commentor":607,"gmtCreate":null,"gmtModified":null,"like_count":0,"content":"同问","anonymity":1,"any_name":"咖哩鱼蛋","commentCount":null,"user":{"id":607,"name":"Krystalria_kwl","avatar_url":"https://thirdwx.qlogo.cn/mmopen/vi_32/2Iw3M4Myq6G7XV6SfV5TUVFUxJboWcb7iazOrJbeaAZxBkUzHUpHH3TNRX51gWXFFibpV2BNAGb1eHyJ3ryMgs0A/132"},"isCommentLike":-5,"dislike_count":0}],"any_name":"允指原味鸡","relation":-2,"liked":-4,"anonymity":1,"dislike_count":0}