{"id":27917,"author":null,"author_avatar_url":null,"author_id":5084,"author_status":1,"gmt_create":1655814202104,"gmt_modified":1655814202104,"content":"有个疑惑是如果今年没有去牛津的，学校那两个去牛津全奖的名额是空放吗。","title":"有个疑惑是如果今年没有去牛津的，学校那两个去牛津全奖的名额是空放吗。","description":"no description yet","like_count":1,"comment_count":1,"view_count":348,"type":"post","tag":"not tag yet","imageList":"","content_source":null,"comments":[{"id":103886,"parent_id":27917,"type":1,"commentor":997,"gmtCreate":null,"gmtModified":null,"like_count":0,"content":"应该是的，就是被录取了才有全奖，实际上没有降低录取难度","anonymity":1,"any_name":"拱北吴彦祖","commentCount":null,"user":{"id":997,"name":"abbb","avatar_url":"http://test01-20200725.oss-cn-shenzhen.aliyuncs.com/image/1666240675378.jpg?Expires=1981600666&OSSAccessKeyId=LTAI4G5RL7pjavqASCwc42kR&Signature=voBXjpmkLSlHQvO%2FgG8d6pfiS44%3D"},"isCommentLike":-5,"dislike_count":0}],"any_name":"Jerry","relation":-2,"liked":-4,"anonymity":1,"dislike_count":0}