{"id":28027,"author":null,"author_avatar_url":null,"author_id":8144,"author_status":1,"gmt_create":1655890937790,"gmt_modified":1655890937790,"content":"专业课一般在通识多久之后出啊 再拖下去就没勇气查成绩啦\uD83E\uDD79","title":"专业课一般在通识多久之后出啊 再拖下去就没勇气查成绩啦\uD83E\uDD79","description":"no description yet","like_count":1,"comment_count":4,"view_count":260,"type":"post","tag":"not tag yet","imageList":"","content_source":null,"comments":[{"id":104256,"parent_id":28027,"type":1,"commentor":1224,"gmtCreate":null,"gmtModified":null,"like_count":0,"content":"蹲","anonymity":1,"any_name":"咖哩鱼蛋","commentCount":null,"user":{"id":1224,"name":"离开","avatar_url":"http://test01-20200725.oss-cn-shenzhen.aliyuncs.com/image/1666574062111.jpg?Expires=1981934054&OSSAccessKeyId=LTAI4G5RL7pjavqASCwc42kR&Signature=4UtxHSvb5x%2Bg0lLyW9w9g07emcs%3D"},"isCommentLike":-5,"dislike_count":0},{"id":104271,"parent_id":28027,"type":1,"commentor":1397,"gmtCreate":null,"gmtModified":null,"like_count":0,"content":"上学期是当天晚上七点多出了","anonymity":1,"any_name":"人生的智慧","commentCount":null,"user":{"id":1397,"name":"南加州的水果酒","avatar_url":"https://thirdwx.qlogo.cn/mmopen/vi_32/DyqPD7iaQcQWd3npX4BJyPQllyLwvvyrpbk7Du0yPVBgcI1Yaib03ribXLvib77YKtzmXKtn0BPAvx2d9AGcgr6Igg/132"},"isCommentLike":-5,"dislike_count":0},{"id":104272,"parent_id":28027,"type":1,"commentor":8826,"gmtCreate":null,"gmtModified":null,"like_count":0,"content":"蹲","anonymity":0,"any_name":null,"commentCount":null,"user":{"id":8826,"name":"ww爱睡觉","avatar_url":"http://test01-20200725.oss-cn-shenzhen.aliyuncs.com/image/1653722241916.jpg?Expires=1969082235&OSSAccessKeyId=LTAI4G5RL7pjavqASCwc42kR&Signature=oOQZj8%2BhPrFC9pYrPPczNmYDsgA%3D"},"isCommentLike":-5,"dislike_count":0},{"id":104274,"parent_id":28027,"type":1,"commentor":743,"gmtCreate":null,"gmtModified":null,"like_count":0,"content":"一般通识出了之后 专业课也快了","anonymity":1,"any_name":"芋圆奶茶","commentCount":null,"user":{"id":743,"name":"十月","avatar_url":"http://test01-20200725.oss-cn-shenzhen.aliyuncs.com/image/1652756482677.jpg?Expires=1968116473&OSSAccessKeyId=LTAI4G5RL7pjavqASCwc42kR&Signature=EE8OByfBbcLuIEMXZky8wSXFfvc%3D"},"isCommentLike":-5,"dislike_count":0}],"any_name":"三鲜水饺","relation":-2,"liked":-4,"anonymity":1,"dislike_count":0}