{"id":28089,"author":null,"author_avatar_url":null,"author_id":1984,"author_status":1,"gmt_create":1655894821365,"gmt_modified":1655894821365,"content":"有没有潘媛媛老师的同学呀，你们资讯科技的等级是多少呀？","title":"有没有潘媛媛老师的同学呀，你们资讯科技的等级是多少呀？","description":"no description yet","like_count":0,"comment_count":8,"view_count":337,"type":"post","tag":"not tag yet","imageList":"","content_source":null,"comments":[{"id":141445,"parent_id":28089,"type":1,"commentor":3524,"gmtCreate":null,"gmtModified":null,"like_count":2,"content":"想问问她的期末考核方式是什么","anonymity":0,"any_name":null,"commentCount":null,"user":{"id":3524,"name":"U_793491645162","avatar_url":null},"isCommentLike":-5,"dislike_count":0},{"id":104466,"parent_id":28089,"type":1,"commentor":8772,"gmtCreate":null,"gmtModified":null,"like_count":0,"content":"A-","anonymity":1,"any_name":"皮卡丘","commentCount":null,"user":{"id":8772,"name":"U_801831653089","avatar_url":null},"isCommentLike":-5,"dislike_count":0},{"id":104467,"parent_id":28089,"type":1,"commentor":602,"gmtCreate":null,"gmtModified":null,"like_count":0,"content":"a","anonymity":0,"any_name":null,"commentCount":null,"user":{"id":602,"name":"隔壁是老王","avatar_url":"https://thirdwx.qlogo.cn/mmopen/vi_32/f8icCL0NFHkGDBBkhBZm9OibuibzWlP9bhSlb4dWnTa56r7yIiaXnQhhkCujm1dBdObWv4XiawciaZkK43L1oLzAdYZg/132"},"isCommentLike":-5,"dislike_count":0},{"id":104484,"parent_id":28089,"type":1,"commentor":1984,"gmtCreate":null,"gmtModified":null,"like_count":0,"content":"好的！","anonymity":1,"any_name":"英国短毛猫","commentCount":null,"user":{"id":1984,"name":"沙丹猪扒饭","avatar_url":null},"isCommentLike":-5,"dislike_count":0},{"id":104512,"parent_id":28089,"type":1,"commentor":9197,"gmtCreate":null,"gmtModified":null,"like_count":0,"content":"Ｏ很喜欢给A-","anonymity":1,"any_name":"允指原味鸡","commentCount":null,"user":{"id":9197,"name":"U_80974165","avatar_url":null},"isCommentLike":-5,"dislike_count":0},{"id":104530,"parent_id":28089,"type":1,"commentor":1972,"gmtCreate":null,"gmtModified":null,"like_count":0,"content":"a-","anonymity":1,"any_name":"鸡蛋仔","commentCount":null,"user":{"id":1972,"name":"阿白","avatar_url":"https://thirdwx.qlogo.cn/mmopen/vi_32/Q3auHgzwzM5a2UxPy88fl8CtqmhLQRfUmcLbAbOZYOLECDeNCYKNeKlUBL7nicy6wV6FCgxcawgy8HGXpSvvdOw/132"},"isCommentLike":-5,"dislike_count":0},{"id":104485,"parent_id":104466,"type":2,"commentor":1984,"gmtCreate":null,"gmtModified":null,"like_count":0,"content":"好的","anonymity":1,"any_name":"英国短毛猫","commentCount":null,"user":{"id":1984,"name":"沙丹猪扒饭","avatar_url":null},"isCommentLike":-5,"dislike_count":0},{"id":104486,"parent_id":104467,"type":2,"commentor":1984,"gmtCreate":null,"gmtModified":null,"like_count":0,"content":"好的","anonymity":1,"any_name":"英国短毛猫","commentCount":null,"user":{"id":1984,"name":"沙丹猪扒饭","avatar_url":null},"isCommentLike":-5,"dislike_count":0}],"any_name":"英国短毛猫","relation":-2,"liked":-4,"anonymity":1,"dislike_count":0}