{"id":28123,"author":null,"author_avatar_url":null,"author_id":270,"author_status":1,"gmt_create":1655898252702,"gmt_modified":1655898252702,"content":"不知道怎么提高成绩了咋办？","title":"不知道怎么提高成绩了咋办？","description":"no description yet","like_count":0,"comment_count":3,"view_count":301,"type":"post","tag":"not tag yet","imageList":"","content_source":null,"comments":[{"id":104619,"parent_id":28123,"type":1,"commentor":9231,"gmtCreate":null,"gmtModified":null,"like_count":0,"content":"努力学，不去想结果就会好了","anonymity":1,"any_name":"珠海小天使","commentCount":null,"user":{"id":9231,"name":"U_538591655896","avatar_url":null},"isCommentLike":-5,"dislike_count":0},{"id":104655,"parent_id":28123,"type":1,"commentor":1457,"gmtCreate":null,"gmtModified":null,"like_count":0,"content":"把期望值降低，把努力值提高","anonymity":1,"any_name":"Anton","commentCount":null,"user":{"id":1457,"name":"\uD83E\uDD8Booou","avatar_url":"https://thirdwx.qlogo.cn/mmopen/vi_32/U6tHjJxrtD3DUEfO2SsBwzbuG5hPgOMMT3eOgxhz7OCNm38yaocBADwMiaFhu8ryEHQHZKCErlnsnN6n5pT5Ihw/132"},"isCommentLike":-5,"dislike_count":0},{"id":104627,"parent_id":104619,"type":2,"commentor":270,"gmtCreate":null,"gmtModified":null,"like_count":0,"content":"觉得自己已经很努力了，但没有达到理想值","anonymity":1,"any_name":"Jerry","commentCount":null,"user":{"id":270,"name":"蛆奇味蝻瓜饼","avatar_url":"http://test01-20200725.oss-cn-shenzhen.aliyuncs.com/image/1660746251527.jpg?Expires=1976106242&OSSAccessKeyId=LTAI4G5RL7pjavqASCwc42kR&Signature=wxKGSngs19HSbuL3DpNT%2BQ%2BIzxU%3D"},"isCommentLike":-5,"dislike_count":0}],"any_name":"Jerry","relation":-2,"liked":-4,"anonymity":1,"dislike_count":0}