{"id":28135,"author":null,"author_avatar_url":null,"author_id":1435,"author_status":1,"gmt_create":1655900487708,"gmt_modified":1655900487708,"content":"冒昧问一下，hmz的英4大家都是什么成绩","title":"冒昧问一下，hmz的英4大家都是什么成绩","description":"no description yet","like_count":0,"comment_count":6,"view_count":310,"type":"post","tag":"not tag yet","imageList":"","content_source":null,"comments":[{"id":104667,"parent_id":28135,"type":1,"commentor":3444,"gmtCreate":null,"gmtModified":null,"like_count":0,"content":"上学期 b+","anonymity":1,"any_name":"Anton","commentCount":null,"user":{"id":3444,"name":"猪柳蛋汉堡","avatar_url":"http://test01-20200725.oss-cn-shenzhen.aliyuncs.com/image/1650069093745.jpg?Expires=1965429091&OSSAccessKeyId=LTAI4G5RL7pjavqASCwc42kR&Signature=x17x8ICLLgtVMKshbqMVrSdf4xA%3D"},"isCommentLike":-5,"dislike_count":0},{"id":104668,"parent_id":28135,"type":1,"commentor":2086,"gmtCreate":null,"gmtModified":null,"like_count":0,"content":"c-哈哈哈 身边好多D","anonymity":1,"any_name":"拱北吴彦祖","commentCount":null,"user":{"id":2086,"name":"U_543701639323","avatar_url":null},"isCommentLike":-5,"dislike_count":0},{"id":104672,"parent_id":28135,"type":1,"commentor":881,"gmtCreate":null,"gmtModified":null,"like_count":0,"content":"b 心态崩掉 真的就班一才能拿a呗\uD83E\uDD72","anonymity":1,"any_name":"咖哩鱼蛋","commentCount":null,"user":{"id":881,"name":"明天一定会早起","avatar_url":"http://test01-20200725.oss-cn-shenzhen.aliyuncs.com/image/1647250276351.jpg?Expires=1962610271&OSSAccessKeyId=LTAI4G5RL7pjavqASCwc42kR&Signature=GVEEMU%2BBoifUCu3nR%2FFAnmKAHc8%3D"},"isCommentLike":-5,"dislike_count":0},{"id":104681,"parent_id":28135,"type":1,"commentor":8638,"gmtCreate":null,"gmtModified":null,"like_count":0,"content":"A- 我真的栓大q","anonymity":1,"any_name":"Redis设计与实现","commentCount":null,"user":{"id":8638,"name":"U_743441652958","avatar_url":null},"isCommentLike":-5,"dislike_count":0},{"id":104697,"parent_id":28135,"type":1,"commentor":1825,"gmtCreate":null,"gmtModified":null,"like_count":0,"content":"b 太难受了","anonymity":1,"any_name":"哈士奇","commentCount":null,"user":{"id":1825,"name":"Merry","avatar_url":"https://thirdwx.qlogo.cn/mmopen/vi_32/Ss5gKjTVte7gzCLjbYDgs7qibad9wA0oOKNXCmcicJ6zwjtCNBNnAjc1rzia6nGZIGWVxPEicZ5SaTX0WnpKlKuiaLQ/132"},"isCommentLike":-5,"dislike_count":0},{"id":104919,"parent_id":28135,"type":1,"commentor":8990,"gmtCreate":null,"gmtModified":null,"like_count":0,"content":"A-，我以为自己已经算是前五的学生了…","anonymity":0,"any_name":null,"commentCount":null,"user":{"id":8990,"name":"U_846601653397","avatar_url":null},"isCommentLike":-5,"dislike_count":0}],"any_name":"微积分","relation":-2,"liked":-4,"anonymity":1,"dislike_count":0}