{"id":2833,"author":null,"author_avatar_url":null,"author_id":178,"author_status":1,"gmt_create":1634622934404,"gmt_modified":1634622934404,"content":"srds我回想起高三都是可以做恶梦的级别。、","title":"srds我回想起高三都是可以做恶梦的级别。、","description":"no description yet","like_count":0,"comment_count":4,"view_count":144,"type":"post","tag":"not tag yet","imageList":"","content_source":null,"comments":[{"id":9618,"parent_id":2833,"type":1,"commentor":1295,"gmtCreate":null,"gmtModified":null,"like_count":1,"content":"但即使那样也是人生中很重要的一段经历啊 反正 我挺怀念的","anonymity":1,"any_name":"GRE精选","commentCount":null,"user":{"id":1295,"name":"U_637031633831","avatar_url":null},"isCommentLike":-5,"dislike_count":0},{"id":9650,"parent_id":2833,"type":1,"commentor":176,"gmtCreate":null,"gmtModified":null,"like_count":0,"content":"我也是，真的太压抑了，每天都睡不好，，不知道什么时候才能休息一下，，","anonymity":1,"any_name":"Redis设计与实现","commentCount":null,"user":{"id":176,"name":"妈宝金洁柔（飞升版","avatar_url":"https://thirdwx.qlogo.cn/mmopen/vi_32/xsia3UOhwROOxRs1DTjO85D4eciavsVcODGUoXVr3Cfe09X8tzBUjKkZtS7mfusLsxj4shktkDXP0MT25XkcsoAg/132"},"isCommentLike":-5,"dislike_count":0},{"id":9619,"parent_id":9618,"type":2,"commentor":178,"gmtCreate":null,"gmtModified":null,"like_count":0,"content":"嗯我能明白 每个人感受不同 我自己就很怀念初三 高三对我实在是太压抑了\uD83E\uDD27","anonymity":1,"any_name":"微积分","commentCount":null,"user":{"id":178,"name":"蛋糕吃不完我打包带走","avatar_url":"http://test01-20200725.oss-cn-shenzhen.aliyuncs.com/image/1665414649461.jpg?Expires=1980774645&OSSAccessKeyId=LTAI4G5RL7pjavqASCwc42kR&Signature=xzq%2BCi8RWYnlX1cA437oEcEfbFs%3D"},"isCommentLike":-5,"dislike_count":0},{"id":9621,"parent_id":9619,"type":2,"commentor":1295,"gmtCreate":null,"gmtModified":null,"like_count":0,"content":"我其实也很压抑 甚至学校心理老师 医院心理精神科都去过了，只是现在觉得过得比较迷茫 就会觉得那时候起码有目标也很充实but你说的压抑我真的理解","anonymity":1,"any_name":"GRE精选","commentCount":null,"user":{"id":1295,"name":"U_637031633831","avatar_url":null},"isCommentLike":-5,"dislike_count":0}],"any_name":"微积分","relation":-2,"liked":-4,"anonymity":1,"dislike_count":0}