{"id":28498,"author":null,"author_avatar_url":null,"author_id":6937,"author_status":1,"gmt_create":1656053700732,"gmt_modified":1656053700732,"content":"商学院出分速度真的跟鳖爬的一样","title":"商学院出分速度真的跟鳖爬的一样","description":"no description yet","like_count":6,"comment_count":0,"view_count":10,"type":"post","tag":"not tag yet","imageList":"","content_source":null,"comments":null,"any_name":"拉面小路","relation":-2,"liked":-4,"anonymity":1,"dislike_count":0}