{"id":28532,"author":"emo怪","author_avatar_url":null,"author_id":9245,"author_status":1,"gmt_create":1656055937043,"gmt_modified":1656055937043,"content":"商学院大一2.9之后还有希望提到3.3吗……心如死灰了","title":"商学院大一2.9之后还有希望提到3.3吗……心如死灰了","description":"no description yet","like_count":3,"comment_count":2,"view_count":288,"type":"post","tag":"not tag yet","imageList":"","content_source":null,"comments":[{"id":106216,"parent_id":28532,"type":1,"commentor":191,"gmtCreate":null,"gmtModified":null,"like_count":1,"content":"以为我本人发帖了属于是\uD83D\uDE05","anonymity":1,"any_name":"拱北吴彦祖","commentCount":null,"user":{"id":191,"name":"\uD83D\uDCB8","avatar_url":"https://thirdwx.qlogo.cn/mmopen/vi_32/8jiatE0H95ceuqia4LJx2RKCakfmQW26qZxEILNme7OU5sffpuurtrTacmSUOAjSf2bj12DRHWFtNzfIPvA3A5ew/132"},"isCommentLike":-5,"dislike_count":0},{"id":106327,"parent_id":28532,"type":1,"commentor":725,"gmtCreate":null,"gmtModified":null,"like_count":0,"content":"得要以后门门A➖","anonymity":1,"any_name":"人生的智慧","commentCount":null,"user":{"id":725,"name":"修正带还是修正液","avatar_url":"https://thirdwx.qlogo.cn/mmopen/vi_32/SCBpWZw1RbabyOtzf1kQ5BkgnaLibFIYHZYLkONIzWVBCqhicEyZmRxsjLnRvIHt8DiacWy8FxoJib3a5qFocwPicbg/132"},"isCommentLike":-5,"dislike_count":0}],"any_name":null,"relation":-2,"liked":-4,"anonymity":0,"dislike_count":0}