{"id":28573,"author":null,"author_avatar_url":null,"author_id":756,"author_status":1,"gmt_create":1656058052893,"gmt_modified":1656058052893,"content":"英语你像话吗你看看你这个b成绩","title":"英语你像话吗你看看你这个b成绩","description":"no description yet","like_count":3,"comment_count":7,"view_count":403,"type":"post","tag":"not tag yet","imageList":"http://test01-20200725.oss-cn-shenzhen.aliyuncs.com/image/1656058032610.jpg?Expires=1971418030&OSSAccessKeyId=LTAI4G5RL7pjavqASCwc42kR&Signature=nCXR9iQw2jCV0g2jRm1TGSi8mII%3D","content_source":null,"comments":[{"id":106379,"parent_id":28573,"type":1,"commentor":1338,"gmtCreate":null,"gmtModified":null,"like_count":1,"content":"谁看了不说一句真实","anonymity":1,"any_name":"人生的智慧","commentCount":null,"user":{"id":1338,"name":"肥包小朋友","avatar_url":"https://thirdwx.qlogo.cn/mmopen/vi_32/7TkibgeRoLsRzlFoMoGLSg4CVX981Y0n1aFysWMCsX8AEoMCAJnJ8DFaibmhT0dbXqz1Pl9I0kTXgIMLmWHU2kvA/132"},"isCommentLike":-5,"dislike_count":0},{"id":106387,"parent_id":28573,"type":1,"commentor":2086,"gmtCreate":null,"gmtModified":null,"like_count":1,"content":"另世我","anonymity":1,"any_name":"六级词汇","commentCount":null,"user":{"id":2086,"name":"U_543701639323","avatar_url":null},"isCommentLike":-5,"dislike_count":0},{"id":106381,"parent_id":28573,"type":1,"commentor":133,"gmtCreate":null,"gmtModified":null,"like_count":0,"content":"你中文多少呀","anonymity":1,"any_name":"布偶猫","commentCount":null,"user":{"id":133,"name":"xxx","avatar_url":"https://thirdwx.qlogo.cn/mmopen/vi_32/TF662XtCl6NNXQ5hYVgN3MlgzLsBOIhF435KHRgmhBkXmWnviajicwcR4jiaDuUnoW7UibEdfwhib4VEV3X2f6pX40Q/132"},"isCommentLike":-5,"dislike_count":0},{"id":106390,"parent_id":28573,"type":1,"commentor":1086,"gmtCreate":null,"gmtModified":null,"like_count":0,"content":"坠了当年英三A英四B-英语是什么人间疾苦啊","anonymity":1,"any_name":"老板","commentCount":null,"user":{"id":1086,"name":"Lntano.","avatar_url":"https://thirdwx.qlogo.cn/mmopen/vi_32/ABG8wMlm1NCmhmfhMPMq009akiaLvtDmUKSvNEZwrfRullo5D7ISno7omrxgTKbunKVgHv8fPeRkxAFRvDHocjg/132"},"isCommentLike":-5,"dislike_count":0},{"id":106412,"parent_id":28573,"type":1,"commentor":404,"gmtCreate":null,"gmtModified":null,"like_count":0,"content":"所有gpa都被英语拉","anonymity":1,"any_name":"拱北快递员","commentCount":null,"user":{"id":404,"name":"今天几点睡","avatar_url":"http://test01-20200725.oss-cn-shenzhen.aliyuncs.com/image/1662742355253.jpg?Expires=1978102346&OSSAccessKeyId=LTAI4G5RL7pjavqASCwc42kR&Signature=qLC0mRwv34mgUsW2URH%2FdQ3lxXw%3D"},"isCommentLike":-5,"dislike_count":0},{"id":106416,"parent_id":28573,"type":1,"commentor":9197,"gmtCreate":null,"gmtModified":null,"like_count":0,"content":"没关系以后就没有英语啦！","anonymity":1,"any_name":"亚古兽","commentCount":null,"user":{"id":9197,"name":"U_80974165","avatar_url":null},"isCommentLike":-5,"dislike_count":0},{"id":106422,"parent_id":106381,"type":2,"commentor":756,"gmtCreate":null,"gmtModified":null,"like_count":0,"content":"b-\uD83E\uDD72","anonymity":1,"any_name":"英国短毛猫","commentCount":null,"user":{"id":756,"name":"Habseligkeit","avatar_url":"https://thirdwx.qlogo.cn/mmopen/vi_32/N68LP3ophia5U86K2ibdbibtIW0ibnfuzTufUOXj4T1XkqCQOECJJfuK3ZuQuRlgsbIjtwSjQPDictHr3gVvickKq4GA/132"},"isCommentLike":-5,"dislike_count":0}],"any_name":"英国短毛猫","relation":-2,"liked":-4,"anonymity":1,"dislike_count":0}