{"id":28709,"author":null,"author_avatar_url":null,"author_id":271,"author_status":1,"gmt_create":1656066061146,"gmt_modified":1656066061146,"content":"有没有应经的家人，大二末GPA刚刚3.0+（不到3.1）大概是个什么水平？","title":"有没有应经的家人，大二末GPA刚刚3.0+（不到3.1）大概是个什么水平？","description":"no description yet","like_count":0,"comment_count":5,"view_count":353,"type":"post","tag":"not tag yet","imageList":"","content_source":null,"comments":[{"id":106811,"parent_id":28709,"type":1,"commentor":1198,"gmtCreate":null,"gmtModified":null,"like_count":0,"content":"看到3.8的 \uD83D\uDE2D\uD83D\uDE2D\uD83D\uDE2D\uD83D\uDE2D","anonymity":1,"any_name":"珠海小天使","commentCount":null,"user":{"id":1198,"name":"冰冰","avatar_url":"https://thirdwx.qlogo.cn/mmopen/vi_32/Q3auHgzwzM7iaibbplTYuHyA4sL75266znalNO07AWRL6TMHqTn19uCtkqibiabVMAbh99icqbEPwTztHL37pa91LIQ/132"},"isCommentLike":-5,"dislike_count":0},{"id":106854,"parent_id":28709,"type":1,"commentor":9250,"gmtCreate":null,"gmtModified":null,"like_count":0,"content":"不懂这个专业水平怎么划分的...求指导","anonymity":0,"any_name":null,"commentCount":null,"user":{"id":9250,"name":"U_PJ","avatar_url":"http://test01-20200725.oss-cn-shenzhen.aliyuncs.com/image/1664351814063.jpg?Expires=1979711806&OSSAccessKeyId=LTAI4G5RL7pjavqASCwc42kR&Signature=ttgS5p13TfubVoD6FPf3yVML7N8%3D"},"isCommentLike":-5,"dislike_count":0},{"id":106953,"parent_id":28709,"type":1,"commentor":286,"gmtCreate":null,"gmtModified":null,"like_count":0,"content":"中等略偏下吧我觉得","anonymity":0,"any_name":null,"commentCount":null,"user":{"id":286,"name":"青","avatar_url":"https://thirdwx.qlogo.cn/mmopen/vi_32/Q0j4TwGTfTLubj8UrSTSTC707IzZuZE4F4Ym6HiaLjxh3J2N1uLibc02gfcWKxgMSdy08KVD81gZsZk1VgAiawiaog/132"},"isCommentLike":-5,"dislike_count":0},{"id":106819,"parent_id":106811,"type":2,"commentor":271,"gmtCreate":null,"gmtModified":null,"like_count":0,"content":"已经不妄想那么高的分了，就想卑微的问问还有救吗\uD83D\uDE2D","anonymity":1,"any_name":"四川麻辣烫","commentCount":null,"user":{"id":271,"name":"那个鱼有这么大","avatar_url":"http://test01-20200725.oss-cn-shenzhen.aliyuncs.com/image/1640916700110.jpg?Expires=1956276695&OSSAccessKeyId=LTAI4G5RL7pjavqASCwc42kR&Signature=scskOi6IEXEQuCbpDhk64OHZ0I8%3D"},"isCommentLike":-5,"dislike_count":0},{"id":106986,"parent_id":106953,"type":2,"commentor":271,"gmtCreate":null,"gmtModified":null,"like_count":0,"content":"hd 谢谢","anonymity":1,"any_name":"四川麻辣烫","commentCount":null,"user":{"id":271,"name":"那个鱼有这么大","avatar_url":"http://test01-20200725.oss-cn-shenzhen.aliyuncs.com/image/1640916700110.jpg?Expires=1956276695&OSSAccessKeyId=LTAI4G5RL7pjavqASCwc42kR&Signature=scskOi6IEXEQuCbpDhk64OHZ0I8%3D"},"isCommentLike":-5,"dislike_count":0}],"any_name":"四川麻辣烫","relation":-2,"liked":-4,"anonymity":1,"dislike_count":0}