{"id":28820,"author":null,"author_avatar_url":null,"author_id":1012,"author_status":1,"gmt_create":1656087675822,"gmt_modified":1656087675822,"content":"非常非常非常焦虑","title":"非常非常非常焦虑","description":"no description yet","like_count":0,"comment_count":4,"view_count":244,"type":"post","tag":"not tag yet","imageList":"","content_source":null,"comments":[{"id":107297,"parent_id":28820,"type":1,"commentor":7892,"gmtCreate":null,"gmtModified":null,"like_count":0,"content":"成绩不是出了嘛\uD83E\uDD14","anonymity":0,"any_name":null,"commentCount":null,"user":{"id":7892,"name":"科大·执笔","avatar_url":"http://test01-20200725.oss-cn-shenzhen.aliyuncs.com/image/1652207350251.jpg?Expires=1967567343&OSSAccessKeyId=LTAI4G5RL7pjavqASCwc42kR&Signature=XMvbx3DLxnapsaAafDNdPnHYVAk%3D"},"isCommentLike":-5,"dislike_count":0},{"id":107299,"parent_id":107297,"type":2,"commentor":937,"gmtCreate":null,"gmtModified":null,"like_count":0,"content":"或许是担心能不能上院榜 我就是\uD83D\uDE22不希望自己没被别人看见 回来小组合作都没人找","anonymity":1,"any_name":"珠海小天使","commentCount":null,"user":{"id":937,"name":"Paprika","avatar_url":"https://thirdwx.qlogo.cn/mmopen/vi_32/DYAIOgq83erXO0Hibm3qJlZAq1DEuggbNcFD7NCFFzJrk2VLe4pHwHvbA8JuV9oOibd44ibYWvprax9F18Ank1eibw/132"},"isCommentLike":-5,"dislike_count":0},{"id":107311,"parent_id":107299,"type":2,"commentor":1012,"gmtCreate":null,"gmtModified":null,"like_count":0,"content":"是努力了却得不到理想的成绩，中上游很痛苦","anonymity":1,"any_name":"Redis设计与实现","commentCount":null,"user":{"id":1012,"name":"Jennifer33","avatar_url":"https://thirdwx.qlogo.cn/mmopen/vi_32/J1wVmmFiacfvFL7NibYiafa7fsXBiaVicrHPgdibkVe1QuJoZG9ibgKlNibhic2wUEWmkNqKlrscUuwNgcqdLbDVVJoicrRg/132"},"isCommentLike":-5,"dislike_count":0},{"id":107376,"parent_id":107311,"type":2,"commentor":2036,"gmtCreate":null,"gmtModified":null,"like_count":0,"content":"中上游+1\uD83D\uDE2D\uD83D\uDE2D\uD83D\uDE2D","anonymity":1,"any_name":"哈士奇","commentCount":null,"user":{"id":2036,"name":"知世","avatar_url":"https://thirdwx.qlogo.cn/mmopen/vi_32/Q0j4TwGTfTJQjKVbrlXzls1jUrWIlR2Ek4Elv8D4wgw83SVSCk0jysicoNWA6724hbLT2o2rJyAQsgWoASiaiaZNA/132"},"isCommentLike":-5,"dislike_count":0}],"any_name":"Redis设计与实现","relation":-2,"liked":-4,"anonymity":1,"dislike_count":0}