{"id":28836,"author":null,"author_avatar_url":null,"author_id":1864,"author_status":1,"gmt_create":1656123178706,"gmt_modified":1656123178706,"content":"想问下 办续签一定要在老家办吗？珠海那边可以办吗？就是我拿在学证明去珠海那里可以办吗？","title":"想问下 办续签一定要在老家办吗？珠海那边可以办吗？就是我拿在学证明去珠海那里可以办吗？","description":"no description yet","like_count":0,"comment_count":5,"view_count":178,"type":"post","tag":"not tag yet","imageList":"","content_source":null,"comments":[{"id":107369,"parent_id":28836,"type":1,"commentor":1864,"gmtCreate":null,"gmtModified":null,"like_count":0,"content":"因为我现在还在澳门 怕到时候回不去了","anonymity":1,"any_name":"Anton","commentCount":null,"user":{"id":1864,"name":"鼠鼠","avatar_url":"http://test01-20200725.oss-cn-shenzhen.aliyuncs.com/image/1661703319698.jpg?Expires=1977063321&OSSAccessKeyId=LTAI4G5RL7pjavqASCwc42kR&Signature=QOmLE7ryxq7LMZ5yDvkLYNv%2F7ow%3D"},"isCommentLike":-5,"dislike_count":0},{"id":107413,"parent_id":28836,"type":1,"commentor":7669,"gmtCreate":null,"gmtModified":null,"like_count":0,"content":"可以吧，可以找北安电话问问","anonymity":1,"any_name":"皮卡丘","commentCount":null,"user":{"id":7669,"name":"哈哈","avatar_url":null},"isCommentLike":-5,"dislike_count":0},{"id":107458,"parent_id":28836,"type":1,"commentor":9249,"gmtCreate":null,"gmtModified":null,"like_count":0,"content":"好像拱北可以","anonymity":0,"any_name":null,"commentCount":null,"user":{"id":9249,"name":"謝","avatar_url":"http://test01-20200725.oss-cn-shenzhen.aliyuncs.com/image/1656064225540.jpg?Expires=1971424220&OSSAccessKeyId=LTAI4G5RL7pjavqASCwc42kR&Signature=RTfxxe7rWUoK3DYK6DwMozV75Oo%3D"},"isCommentLike":-5,"dislike_count":0},{"id":107371,"parent_id":107369,"type":2,"commentor":824,"gmtCreate":null,"gmtModified":null,"like_count":0,"content":"拱北口岸可以办好像，小红书上看见的，你可以去搜搜","anonymity":1,"any_name":"奥利奥","commentCount":null,"user":{"id":824,"name":"D","avatar_url":"https://thirdwx.qlogo.cn/mmopen/vi_32/BIZFXqiaPbfZ6HM8Wuv767Blcr4PicIoIfwXiakACsIfUuibHt45IsIS9YrADLVKuNZmkkjPuymo8iaE643OOBuicKTQ/132"},"isCommentLike":-5,"dislike_count":0},{"id":107374,"parent_id":107369,"type":2,"commentor":8144,"gmtCreate":null,"gmtModified":null,"like_count":0,"content":"北安好像也能办","anonymity":1,"any_name":"三鲜水饺","commentCount":null,"user":{"id":8144,"name":"U_386281652665","avatar_url":null},"isCommentLike":-5,"dislike_count":0}],"any_name":"Anton","relation":-2,"liked":-4,"anonymity":1,"dislike_count":0}