{"id":28861,"author":null,"author_avatar_url":null,"author_id":4501,"author_status":1,"gmt_create":1656142434995,"gmt_modified":1656142434995,"content":"想去冰岛留学，极致美景，漫长冬日，社恐福音，要求也不高美美躺平","title":"想去冰岛留学，极致美景，漫长冬日，社恐福音，要求也不高美美躺平","description":"no description yet","like_count":13,"comment_count":9,"view_count":489,"type":"post","tag":"not tag yet","imageList":"","content_source":null,"comments":[{"id":107524,"parent_id":28861,"type":1,"commentor":6937,"gmtCreate":null,"gmtModified":null,"like_count":2,"content":"被你说的心动了\uD83D\uDE2D想直接移民","anonymity":1,"any_name":"喷火龙","commentCount":null,"user":{"id":6937,"name":"-----","avatar_url":null},"isCommentLike":-5,"dislike_count":0},{"id":107526,"parent_id":28861,"type":1,"commentor":9197,"gmtCreate":null,"gmtModified":null,"like_count":1,"content":"被你说的心动了\uD83D\uDE2D\uD83D\uDE2D\uD83D\uDE2D\uD83D\uDE2D\uD83D\uDE2D\uD83D\uDE2D","anonymity":1,"any_name":"Kelly","commentCount":null,"user":{"id":9197,"name":"U_80974165","avatar_url":null},"isCommentLike":-5,"dislike_count":0},{"id":107539,"parent_id":28861,"type":1,"commentor":1683,"gmtCreate":null,"gmtModified":null,"like_count":1,"content":"冰岛移民超级难","anonymity":1,"any_name":"三鲜水饺","commentCount":null,"user":{"id":1683,"name":"Rarity","avatar_url":"http://test01-20200725.oss-cn-shenzhen.aliyuncs.com/image/1661566204106.jpg?Expires=1976926200&OSSAccessKeyId=LTAI4G5RL7pjavqASCwc42kR&Signature=bkV9B%2FZEWNKBsMo%2BJxR0xngtBvI%3D"},"isCommentLike":-5,"dislike_count":0},{"id":107602,"parent_id":28861,"type":1,"commentor":78,"gmtCreate":null,"gmtModified":null,"like_count":1,"content":"我感觉只适合短居不适合长住诶，黑夜太长了容易抑郁，尽管我们都是小鼹鼠","anonymity":1,"any_name":"哈士奇","commentCount":null,"user":{"id":78,"name":"Panxuenfj","avatar_url":"https://thirdwx.qlogo.cn/mmopen/vi_32/h48Vg1pMQCGLMNpWY0k61G2MLUlCpH7SehlrwPJhQZUVZSkZCObjxhNbQiaEjM3QYKiaLibJR2Pl6SoqPWuZcGv5g/132"},"isCommentLike":-5,"dislike_count":0},{"id":107527,"parent_id":28861,"type":1,"commentor":1753,"gmtCreate":null,"gmtModified":null,"like_count":0,"content":"主人带我去冰岛\uD83D\uDE3B","anonymity":0,"any_name":null,"commentCount":null,"user":{"id":1753,"name":"礼堂测码中心","avatar_url":"http://test01-20200725.oss-cn-shenzhen.aliyuncs.com/image/1664193891349.jpg?Expires=1979553887&OSSAccessKeyId=LTAI4G5RL7pjavqASCwc42kR&Signature=JQWDS%2F90raIRZKKisocdzF63wes%3D"},"isCommentLike":-5,"dislike_count":0},{"id":107528,"parent_id":28861,"type":1,"commentor":178,"gmtCreate":null,"gmtModified":null,"like_count":0,"content":"惹 冰岛语了解下","anonymity":1,"any_name":"水箭龟","commentCount":null,"user":{"id":178,"name":"蛋糕吃不完我打包带走","avatar_url":"http://test01-20200725.oss-cn-shenzhen.aliyuncs.com/image/1665414649461.jpg?Expires=1980774645&OSSAccessKeyId=LTAI4G5RL7pjavqASCwc42kR&Signature=xzq%2BCi8RWYnlX1cA437oEcEfbFs%3D"},"isCommentLike":-5,"dislike_count":0},{"id":107531,"parent_id":28861,"type":1,"commentor":9127,"gmtCreate":null,"gmtModified":null,"like_count":0,"content":"高中暑假有幸去到了冰岛","anonymity":1,"any_name":"奥利奥","commentCount":null,"user":{"id":9127,"name":"方尊正","avatar_url":null},"isCommentLike":-5,"dislike_count":0},{"id":107568,"parent_id":28861,"type":1,"commentor":2018,"gmtCreate":null,"gmtModified":null,"like_count":0,"content":"待一年还好 第二年因为极昼极夜的关系会发现身体代谢什么的会失常 需要外界补充维生素d之类的","anonymity":1,"any_name":"亚古兽","commentCount":null,"user":{"id":2018,"name":"","avatar_url":""},"isCommentLike":-5,"dislike_count":0},{"id":107671,"parent_id":107602,"type":2,"commentor":4501,"gmtCreate":null,"gmtModified":null,"like_count":0,"content":"极夜去南欧度假","anonymity":1,"any_name":"英国短毛猫","commentCount":null,"user":{"id":4501,"name":"h i","avatar_url":"http://test01-20200725.oss-cn-shenzhen.aliyuncs.com/image/1661616915844.jpg?Expires=1976976914&OSSAccessKeyId=LTAI4G5RL7pjavqASCwc42kR&Signature=v7btMYJbuDCoWwPh9oDjkXU8ipY%3D"},"isCommentLike":-5,"dislike_count":0}],"any_name":"英国短毛猫","relation":-2,"liked":-4,"anonymity":1,"dislike_count":0}