{"id":29118,"author":null,"author_avatar_url":null,"author_id":1847,"author_status":1,"gmt_create":1656335878379,"gmt_modified":1656335878379,"content":"真有人在科大遇见自己的正缘么","title":"真有人在科大遇见自己的正缘么","description":"no description yet","like_count":0,"comment_count":10,"view_count":515,"type":"post","tag":"not tag yet","imageList":"","content_source":null,"comments":[{"id":108844,"parent_id":29118,"type":1,"commentor":1919,"gmtCreate":null,"gmtModified":null,"like_count":1,"content":"微乎其微。。。","anonymity":1,"any_name":"葡挞","commentCount":null,"user":{"id":1919,"name":"天天都犯困","avatar_url":"https://thirdwx.qlogo.cn/mmopen/vi_32/wxSWL58zZdoGSzBw7PibcibvHXFttXSaQLn8HrRSpB5VretrrMYpSP7pa9EE8GF0S3ENs7Ylukv0DyJWiaXwoWE4Q/132"},"isCommentLike":-5,"dislike_count":0},{"id":108837,"parent_id":29118,"type":1,"commentor":404,"gmtCreate":null,"gmtModified":null,"like_count":0,"content":"我没遇到","anonymity":1,"any_name":"鸡蛋仔","commentCount":null,"user":{"id":404,"name":"今天几点睡","avatar_url":"http://test01-20200725.oss-cn-shenzhen.aliyuncs.com/image/1662742355253.jpg?Expires=1978102346&OSSAccessKeyId=LTAI4G5RL7pjavqASCwc42kR&Signature=qLC0mRwv34mgUsW2URH%2FdQ3lxXw%3D"},"isCommentLike":-5,"dislike_count":0},{"id":108841,"parent_id":29118,"type":1,"commentor":254,"gmtCreate":null,"gmtModified":null,"like_count":0,"content":"我没有","anonymity":1,"any_name":"喷火龙","commentCount":null,"user":{"id":254,"name":"超人不会飞","avatar_url":"https://thirdwx.qlogo.cn/mmopen/vi_32/Q0j4TwGTfTJJIqnV1t5iaOItfKYvJJW68JsWPJrtb0DCf6MmmKNlNse2O8wPDxkMoguygwwsX9PXictI2DALHSzg/132"},"isCommentLike":-5,"dislike_count":0},{"id":108845,"parent_id":29118,"type":1,"commentor":596,"gmtCreate":null,"gmtModified":null,"like_count":0,"content":"没有","anonymity":1,"any_name":"人生的智慧","commentCount":null,"user":{"id":596,"name":"momo","avatar_url":"https://thirdwx.qlogo.cn/mmopen/vi_32/Q3auHgzwzM7ibGoKPZ1KWk4qfaC3dkBgpUVHibnyAs7OsyCLWhvBzbbIERHS8FRX1VcjfOnictGzib09zfXABCG2Yw/132"},"isCommentLike":-5,"dislike_count":0},{"id":108862,"parent_id":29118,"type":1,"commentor":347,"gmtCreate":null,"gmtModified":null,"like_count":0,"content":"嗯","anonymity":1,"any_name":"皮卡丘","commentCount":null,"user":{"id":347,"name":"OOOOO","avatar_url":"https://thirdwx.qlogo.cn/mmopen/vi_32/pv0QxsstWIXYxOnqGLogibEUVZpDoBVcHJIOib4iavKAlrGETvTD4SCDxOkjDKZuEhNpbLfj2Db7tNGO6yv9e7HLw/132"},"isCommentLike":-5,"dislike_count":0},{"id":108871,"parent_id":29118,"type":1,"commentor":1695,"gmtCreate":null,"gmtModified":null,"like_count":0,"content":"没有\uD83D\uDE22","anonymity":1,"any_name":"芋圆奶茶","commentCount":null,"user":{"id":1695,"name":"小李幼稚园","avatar_url":"http://test01-20200725.oss-cn-shenzhen.aliyuncs.com/image/1665499800937.jpg?Expires=1980859797&OSSAccessKeyId=LTAI4G5RL7pjavqASCwc42kR&Signature=k%2BmXlErR5r%2B0tOVFdkQlbk0gg1g%3D"},"isCommentLike":-5,"dislike_count":0},{"id":108875,"parent_id":29118,"type":1,"commentor":8144,"gmtCreate":null,"gmtModified":null,"like_count":0,"content":"有的啦","anonymity":1,"any_name":"Tom","commentCount":null,"user":{"id":8144,"name":"U_386281652665","avatar_url":null},"isCommentLike":-5,"dislike_count":0},{"id":108913,"parent_id":29118,"type":1,"commentor":9271,"gmtCreate":null,"gmtModified":null,"like_count":0,"content":"有的哦有的哦","anonymity":0,"any_name":null,"commentCount":null,"user":{"id":9271,"name":"没有意思","avatar_url":"http://test01-20200725.oss-cn-shenzhen.aliyuncs.com/image/1656343673182.jpg?Expires=1971703667&OSSAccessKeyId=LTAI4G5RL7pjavqASCwc42kR&Signature=FJpDNTVDKUkda2QMpkUjQwLdNks%3D"},"isCommentLike":-5,"dislike_count":0},{"id":109168,"parent_id":29118,"type":1,"commentor":9237,"gmtCreate":null,"gmtModified":null,"like_count":0,"content":"我觉得我遇到了","anonymity":0,"any_name":null,"commentCount":null,"user":{"id":9237,"name":"19岁科大在校院榜生","avatar_url":"http://test01-20200725.oss-cn-shenzhen.aliyuncs.com/image/1664524180051.jpg?Expires=1979884175&OSSAccessKeyId=LTAI4G5RL7pjavqASCwc42kR&Signature=qcMZUCyxsry7bd4Lo4LaplYXNT0%3D"},"isCommentLike":-5,"dislike_count":0},{"id":108846,"parent_id":108844,"type":2,"commentor":1920,"gmtCreate":null,"gmtModified":null,"like_count":0,"content":"好可怜啊\uD83E\uDD7A","anonymity":1,"any_name":"四川麻辣烫","commentCount":null,"user":{"id":1920,"name":"呜啦钠啦氏","avatar_url":"http://test01-20200725.oss-cn-shenzhen.aliyuncs.com/image/1638105845065.jpg?Expires=1953465836&OSSAccessKeyId=LTAI4G5RL7pjavqASCwc42kR&Signature=YxbQPtYDZMvZHdIPm0%2B2L6QAFyE%3D"},"isCommentLike":-5,"dislike_count":0}],"any_name":"布偶猫","relation":-2,"liked":-4,"anonymity":1,"dislike_count":0}