{"id":292,"author":null,"author_avatar_url":null,"author_id":451,"author_status":1,"gmt_create":1631112884036,"gmt_modified":1631112884036,"content":"不好意思有游戏车队吗！阴间作息的那种","title":"不好意思有游戏车队吗！阴间作息的那种","description":"no description yet","like_count":0,"comment_count":0,"view_count":3,"type":"post","tag":"not tag yet","imageList":"","content_source":null,"comments":null,"any_name":"亚古兽","relation":-2,"liked":-4,"anonymity":1,"dislike_count":0}