{"id":2921,"author":null,"author_avatar_url":null,"author_id":1366,"author_status":1,"gmt_create":1634731826174,"gmt_modified":1634731826174,"content":"开学后脱发严重，一薅一大把\n是我自己的问题嘛\uD83D\uDE2D\uD83D\uDE2D\uD83D\uDE2D\n有啥可以抗脱发的方法吗","title":"开学后脱发严重，一薅一大把\n是我自己的问题嘛\uD83D\uDE2D\uD83D\uDE2D\uD83D\uDE2D\n有啥可以抗脱发的方法吗","description":"no description yet","like_count":0,"comment_count":7,"view_count":141,"type":"post","tag":"not tag yet","imageList":"http://test01-20200725.oss-cn-shenzhen.aliyuncs.com/image/1634731829797.jpg?Expires=1950091824&OSSAccessKeyId=LTAI4G5RL7pjavqASCwc42kR&Signature=Ne3Vx5mYSAlHAFzx7MNUTOOOW1k%3D","content_source":null,"comments":[{"id":9923,"parent_id":2921,"type":1,"commentor":1288,"gmtCreate":null,"gmtModified":null,"like_count":0,"content":"早睡早起","anonymity":1,"any_name":"网瘾少年","commentCount":null,"user":{"id":1288,"name":"杨枝甘露","avatar_url":null},"isCommentLike":-5,"dislike_count":0},{"id":9925,"parent_id":2921,"type":1,"commentor":328,"gmtCreate":null,"gmtModified":null,"like_count":0,"content":"我觉得，和这里的水质啥的也有关系，我在家里不怎么掉头发的","anonymity":1,"any_name":"奥利奥","commentCount":null,"user":{"id":328,"name":"每天都很困","avatar_url":"http://test01-20200725.oss-cn-shenzhen.aliyuncs.com/image/1661699304888.png?Expires=1977059303&OSSAccessKeyId=LTAI4G5RL7pjavqASCwc42kR&Signature=WojBj5YDhY2Lt231vnf%2FX2VPRGc%3D"},"isCommentLike":-5,"dislike_count":0},{"id":9926,"parent_id":2921,"type":1,"commentor":133,"gmtCreate":null,"gmtModified":null,"like_count":0,"content":"澳门的水质非常差","anonymity":1,"any_name":"哥斯拉","commentCount":null,"user":{"id":133,"name":"xxx","avatar_url":"https://thirdwx.qlogo.cn/mmopen/vi_32/TF662XtCl6NNXQ5hYVgN3MlgzLsBOIhF435KHRgmhBkXmWnviajicwcR4jiaDuUnoW7UibEdfwhib4VEV3X2f6pX40Q/132"},"isCommentLike":-5,"dislike_count":0},{"id":9927,"parent_id":2921,"type":1,"commentor":879,"gmtCreate":null,"gmtModified":null,"like_count":0,"content":"净水龙头","anonymity":1,"any_name":"水箭龟","commentCount":null,"user":{"id":879,"name":"首尔酵父","avatar_url":"http://test01-20200725.oss-cn-shenzhen.aliyuncs.com/image/1636367014270.jpg?Expires=1951727008&OSSAccessKeyId=LTAI4G5RL7pjavqASCwc42kR&Signature=YZKpDH6VQirZzdBnrHqrEVPMuWM%3D"},"isCommentLike":-5,"dislike_count":0},{"id":9933,"parent_id":2921,"type":1,"commentor":643,"gmtCreate":null,"gmtModified":null,"like_count":0,"content":"虽然但是，有无花洒净水口推荐。我没找到，只找到水龙头的","anonymity":1,"any_name":"四川麻辣烫","commentCount":null,"user":{"id":643,"name":"脾气超级差","avatar_url":"http://test01-20200725.oss-cn-shenzhen.aliyuncs.com/image/1658825259833.jpg?Expires=1974185254&OSSAccessKeyId=LTAI4G5RL7pjavqASCwc42kR&Signature=cVqDAV6c37qT%2FyCkpGnFEKtS3TU%3D"},"isCommentLike":-5,"dislike_count":0},{"id":9935,"parent_id":2921,"type":1,"commentor":504,"gmtCreate":null,"gmtModified":null,"like_count":0,"content":"同问","anonymity":0,"any_name":null,"commentCount":null,"user":{"id":504,"name":"maito","avatar_url":"https://thirdwx.qlogo.cn/mmopen/vi_32/ILBrJqNk3JEwZswoaDQ5RghfFWOf6PToUEUze5shr1icVFI7oT6TbcGUZuibdpictDibwicVUkKDiaT4FFgmwNN43yPQ/132"},"isCommentLike":-5,"dislike_count":0},{"id":9932,"parent_id":9925,"type":2,"commentor":1366,"gmtCreate":null,"gmtModified":null,"like_count":0,"content":"在家我也不脱的，高三也没这么严重\uD83D\uDE2D\uD83D\uDE2D\uD83D\uDE2D","anonymity":0,"any_name":null,"commentCount":null,"user":{"id":1366,"name":"KK","avatar_url":"https://thirdwx.qlogo.cn/mmopen/vi_32/DYAIOgq83ep9TC1VMp3qYqoRJ4LjQr4JT5IMRqSwXzm5NicyvsQLaxYgYFwO2Fb4X9zIHlibbmyHibsm9cscM9U6A/132"},"isCommentLike":-5,"dislike_count":0}],"any_name":"出前一丁","relation":-2,"liked":-4,"anonymity":1,"dislike_count":0}