{"id":29323,"author":null,"author_avatar_url":null,"author_id":744,"author_status":1,"gmt_create":1656510707499,"gmt_modified":1656510707499,"content":"想问问科大医院出示了学生卡还需要在友联系上申报嘛？就是那个学生团体保险的。因为听说科大学生去看病是不花钱的但我还是花了钱，他会把钱打卡里还是要自己申请呀？","title":"想问问科大医院出示了学生卡还需要在友联系上申报嘛？就是那个学生团体保险的。因为听说科大学生去看病是不花钱的但我还是花了钱，他会把钱打卡里还是要自己申请呀？","description":"no description yet","like_count":0,"comment_count":6,"view_count":179,"type":"post","tag":"not tag yet","imageList":"","content_source":null,"comments":[{"id":109880,"parent_id":29323,"type":1,"commentor":9266,"gmtCreate":null,"gmtModified":null,"like_count":0,"content":"好像是要申请？","anonymity":0,"any_name":null,"commentCount":null,"user":{"id":9266,"name":"快乐小狗（发疯版）","avatar_url":"http://test01-20200725.oss-cn-shenzhen.aliyuncs.com/image/1656125037633.jpeg?Expires=1971485029&OSSAccessKeyId=LTAI4G5RL7pjavqASCwc42kR&Signature=SGSLxv%2FC1NeVkVh%2FRetaZxNEb3c%3D"},"isCommentLike":-5,"dislike_count":0},{"id":109886,"parent_id":29323,"type":1,"commentor":2866,"gmtCreate":null,"gmtModified":null,"like_count":0,"content":"怎么可能不花钱，只是少花钱","anonymity":1,"any_name":"皮卡丘","commentCount":null,"user":{"id":2866,"name":"無語","avatar_url":"http://test01-20200725.oss-cn-shenzhen.aliyuncs.com/image/1644504008406.jpeg?Expires=1959864005&OSSAccessKeyId=LTAI4G5RL7pjavqASCwc42kR&Signature=8WZo%2Bn2ntbUJ5ZA3vibFBtQan8w%3D"},"isCommentLike":-5,"dislike_count":0},{"id":109926,"parent_id":29323,"type":1,"commentor":1281,"gmtCreate":null,"gmtModified":null,"like_count":0,"content":"可以在有联系上申请，我在内地看的病都可以报销","anonymity":1,"any_name":"和味牛杂","commentCount":null,"user":{"id":1281,"name":"14120","avatar_url":"https://thirdwx.qlogo.cn/mmopen/vi_32/ZQibBvYdCKCMFkj1sV4H0SNZvviaC2ibXxoEBLLVGhFMKL0EtQMTdicQU2eOJ8OSBVVV7qsTXUANkX74V9jewhMa9g/132"},"isCommentLike":-5,"dislike_count":0},{"id":109939,"parent_id":29323,"type":1,"commentor":1862,"gmtCreate":null,"gmtModified":null,"like_count":0,"content":"需要，要申请，好像要上外网才能登上友联系","anonymity":1,"any_name":"摆烂到底","commentCount":null,"user":{"id":1862,"name":"\uD83E\uDD89","avatar_url":"https://thirdwx.qlogo.cn/mmopen/vi_32/IvYMYIYFfz5hQBEcG7V1L62OwcWwQcAiagJ8OsseN1TYiadKJicQgu1TNX5p2rG7sPcmUic1dj2icynd94Dw903ZoMA/132"},"isCommentLike":-5,"dislike_count":0},{"id":109903,"parent_id":109886,"type":2,"commentor":744,"gmtCreate":null,"gmtModified":null,"like_count":0,"content":"但是我的意思是一点儿没少 原价多少我交多少","anonymity":1,"any_name":"咖哩鱼蛋","commentCount":null,"user":{"id":744,"name":"仿生人会梦见电子羊吗","avatar_url":"https://thirdwx.qlogo.cn/mmopen/vi_32/mS1o3lAMWic8icSHficRhTeGLUE6yyqxKqltyqBN9DzibLey3zqicIIMRTz8Uyry2Z5XtjRBiazPibtvjjodO6ic76YnUw/132"},"isCommentLike":-5,"dislike_count":0},{"id":109904,"parent_id":109880,"type":2,"commentor":744,"gmtCreate":null,"gmtModified":null,"like_count":0,"content":"好的谢谢呜呜","anonymity":1,"any_name":"咖哩鱼蛋","commentCount":null,"user":{"id":744,"name":"仿生人会梦见电子羊吗","avatar_url":"https://thirdwx.qlogo.cn/mmopen/vi_32/mS1o3lAMWic8icSHficRhTeGLUE6yyqxKqltyqBN9DzibLey3zqicIIMRTz8Uyry2Z5XtjRBiazPibtvjjodO6ic76YnUw/132"},"isCommentLike":-5,"dislike_count":0}],"any_name":"咖哩鱼蛋","relation":-2,"liked":-4,"anonymity":1,"dislike_count":0}