{"id":29362,"author":"U_13961652525","author_avatar_url":null,"author_id":8090,"author_status":1,"gmt_create":1656562132654,"gmt_modified":1656562132654,"content":"想问下去年博雅啥时候出成绩的","title":"想问下去年博雅啥时候出成绩的","description":"no description yet","like_count":0,"comment_count":1,"view_count":115,"type":"post","tag":"not tag yet","imageList":"","content_source":null,"comments":[{"id":110068,"parent_id":29362,"type":1,"commentor":1227,"gmtCreate":null,"gmtModified":null,"like_count":0,"content":"6.24准时出的","anonymity":1,"any_name":"人生的智慧","commentCount":null,"user":{"id":1227,"name":"你必須熱愛點什麼比如我","avatar_url":"https://thirdwx.qlogo.cn/mmopen/vi_32/bmcNeH4nAFBZXicTrsnADIZuxTmlm3Jvficjn1lcicvBaxIicGavZlicJJEQ68bgRnJl37mJsSxArcdQqV8vjVVvuiaQ/132"},"isCommentLike":-5,"dislike_count":0}],"any_name":null,"relation":-2,"liked":-4,"anonymity":0,"dislike_count":0}