{"id":29374,"author":null,"author_avatar_url":null,"author_id":5507,"author_status":1,"gmt_create":1656568492995,"gmt_modified":1656568492995,"content":"wg你是我的再生父母","title":"wg你是我的再生父母","description":"no description yet","like_count":3,"comment_count":1,"view_count":25,"type":"post","tag":"not tag yet","imageList":"","content_source":null,"comments":[{"id":110407,"parent_id":29374,"type":1,"commentor":1751,"gmtCreate":null,"gmtModified":null,"like_count":0,"content":"我知道你是谁 你昨天发了朋友圈的那位","anonymity":1,"any_name":"大潭山车队","commentCount":null,"user":{"id":1751,"name":"\uD83D\uDC1D\uD83D\uDC96\uD83D\uDD12\uD83D\uDC93","avatar_url":"http://test01-20200725.oss-cn-shenzhen.aliyuncs.com/image/1654747810230.jpg?Expires=1970107803&OSSAccessKeyId=LTAI4G5RL7pjavqASCwc42kR&Signature=KahWaPknZKH%2BMug469QddEs%2FSvI%3D"},"isCommentLike":-5,"dislike_count":0}],"any_name":"摆烂到底","relation":-2,"liked":-4,"anonymity":1,"dislike_count":0}