{"id":29548,"author":null,"author_avatar_url":null,"author_id":6306,"author_status":1,"gmt_create":1656762778691,"gmt_modified":1656762778691,"content":"请教一下 r9000p和y9000p大家会怎么选 我已经了解过两台机器的差别啦 就是定价问题导致有点犹豫 谢谢大家","title":"请教一下 r9000p和y9000p大家会怎么选 我已经了解过两台机器的差别啦 就是定价问题导致有点犹豫 谢谢大家","description":"no description yet","like_count":0,"comment_count":6,"view_count":97,"type":"post","tag":"not tag yet","imageList":"","content_source":null,"comments":[{"id":110882,"parent_id":29548,"type":1,"commentor":576,"gmtCreate":null,"gmtModified":null,"like_count":0,"content":"我的是y9000p\uD83E\uDD23it在读","anonymity":1,"any_name":"深海鳕鱼堡","commentCount":null,"user":{"id":576,"name":"\uD83E\uDD71","avatar_url":"https://thirdwx.qlogo.cn/mmopen/vi_32/UcdjjDD5LEFEUsPUibN8tiaUaIuD1iccMvTCwTd6uF3MzziaficI0iaft20jHwV7RoiamWUxC0kNbzStfBicbpjnNFJfNg/132"},"isCommentLike":-5,"dislike_count":0},{"id":110916,"parent_id":29548,"type":1,"commentor":6306,"gmtCreate":null,"gmtModified":null,"like_count":0,"content":"ok 谢谢你！","anonymity":1,"any_name":"奥利奥","commentCount":null,"user":{"id":6306,"name":"懒羊羊","avatar_url":"http://test01-20200725.oss-cn-shenzhen.aliyuncs.com/image/1666801544789.jpg?Expires=1982161539&OSSAccessKeyId=LTAI4G5RL7pjavqASCwc42kR&Signature=bcgoDJIYOgA8YKbbJT9hZorvX%2BQ%3D"},"isCommentLike":-5,"dislike_count":0},{"id":110951,"parent_id":29548,"type":1,"commentor":1753,"gmtCreate":null,"gmtModified":null,"like_count":0,"content":"哪个便宜选哪个，哪个有货选哪个。这两个一般人用几乎无差别，不接受反驳。","anonymity":1,"any_name":"内卷狂魔","commentCount":null,"user":{"id":1753,"name":"礼堂测码中心","avatar_url":"http://test01-20200725.oss-cn-shenzhen.aliyuncs.com/image/1664193891349.jpg?Expires=1979553887&OSSAccessKeyId=LTAI4G5RL7pjavqASCwc42kR&Signature=JQWDS%2F90raIRZKKisocdzF63wes%3D"},"isCommentLike":-5,"dislike_count":0},{"id":110885,"parent_id":110882,"type":2,"commentor":576,"gmtCreate":null,"gmtModified":null,"like_count":0,"content":"感觉如果打游戏y9000p体验感会更好点\uD83E\uDD23不过其实无所谓也","anonymity":1,"any_name":"深海鳕鱼堡","commentCount":null,"user":{"id":576,"name":"\uD83E\uDD71","avatar_url":"https://thirdwx.qlogo.cn/mmopen/vi_32/UcdjjDD5LEFEUsPUibN8tiaUaIuD1iccMvTCwTd6uF3MzziaficI0iaft20jHwV7RoiamWUxC0kNbzStfBicbpjnNFJfNg/132"},"isCommentLike":-5,"dislike_count":0},{"id":110917,"parent_id":110882,"type":2,"commentor":6306,"gmtCreate":null,"gmtModified":null,"like_count":0,"content":"谢谢你！","anonymity":1,"any_name":"奥利奥","commentCount":null,"user":{"id":6306,"name":"懒羊羊","avatar_url":"http://test01-20200725.oss-cn-shenzhen.aliyuncs.com/image/1666801544789.jpg?Expires=1982161539&OSSAccessKeyId=LTAI4G5RL7pjavqASCwc42kR&Signature=bcgoDJIYOgA8YKbbJT9hZorvX%2BQ%3D"},"isCommentLike":-5,"dislike_count":0},{"id":110958,"parent_id":110951,"type":2,"commentor":6306,"gmtCreate":null,"gmtModified":null,"like_count":0,"content":"谢！","anonymity":1,"any_name":"奥利奥","commentCount":null,"user":{"id":6306,"name":"懒羊羊","avatar_url":"http://test01-20200725.oss-cn-shenzhen.aliyuncs.com/image/1666801544789.jpg?Expires=1982161539&OSSAccessKeyId=LTAI4G5RL7pjavqASCwc42kR&Signature=bcgoDJIYOgA8YKbbJT9hZorvX%2BQ%3D"},"isCommentLike":-5,"dislike_count":0}],"any_name":"奥利奥","relation":-2,"liked":-4,"anonymity":1,"dislike_count":0}