{"id":29636,"author":null,"author_avatar_url":null,"author_id":310,"author_status":1,"gmt_create":1656814187162,"gmt_modified":1656814187162,"content":"说得难听一点，免费的服务哪来那么高的要求，态度差也至少回答了问题，得到了自己要的答案目的不就达成了，想要态度好花钱去闲鱼找一对一，白嫖还想态度好，你寄吧谁啊","title":"说得难听一点，免费的服务哪来那么高的要求，态度差也至少回答了问题，得到了自己要的答案目的不就达成了，想要态度好花钱去闲鱼找一对一，白嫖还想态度好，你寄吧谁啊","description":"no description yet","like_count":2,"comment_count":8,"view_count":338,"type":"post","tag":"not tag yet","imageList":"","content_source":null,"comments":[{"id":111261,"parent_id":29636,"type":1,"commentor":1048,"gmtCreate":null,"gmtModified":null,"like_count":4,"content":"既然要做答疑就做好啊 态度不好不想答疑就别做了呗也没见群解散","anonymity":1,"any_name":"布偶猫","commentCount":null,"user":{"id":1048,"name":"Mxmtoon","avatar_url":"https://thirdwx.qlogo.cn/mmopen/vi_32/BgX1Kn6uGTJEd2EPsoR4dR9DUD9bOlSwHiae2D9R6ic78Hgqny8guZR5ibia8ua2xiajYjQkV54KJpnianxtd33deIkg/132"},"isCommentLike":-5,"dislike_count":0},{"id":111260,"parent_id":29636,"type":1,"commentor":1753,"gmtCreate":null,"gmtModified":null,"like_count":2,"content":"原来是QQ群的呆b","anonymity":1,"any_name":"网瘾少年","commentCount":null,"user":{"id":1753,"name":"礼堂测码中心","avatar_url":"http://test01-20200725.oss-cn-shenzhen.aliyuncs.com/image/1664193891349.jpg?Expires=1979553887&OSSAccessKeyId=LTAI4G5RL7pjavqASCwc42kR&Signature=JQWDS%2F90raIRZKKisocdzF63wes%3D"},"isCommentLike":-5,"dislike_count":0},{"id":111263,"parent_id":111260,"type":2,"commentor":9292,"gmtCreate":null,"gmtModified":null,"like_count":0,"content":"你好，请问有什么证据就说是答疑组的呢\uD83E\uDD14是觉得现在树洞里帮我们说话的就是我们的人吗，我觉得我们答疑组也没有差到只有自己人觉得自己人好吧\uD83D\uDE25","anonymity":0,"any_name":null,"commentCount":null,"user":{"id":9292,"name":"U_374421656781","avatar_url":null},"isCommentLike":-5,"dislike_count":0},{"id":111265,"parent_id":111261,"type":2,"commentor":389,"gmtCreate":null,"gmtModified":null,"like_count":0,"content":"又没人逼着他们做","anonymity":1,"any_name":"奥利奥","commentCount":null,"user":{"id":389,"name":"Ye","avatar_url":"http://test01-20200725.oss-cn-shenzhen.aliyuncs.com/image/1666692616794.jpg?Expires=1982052609&OSSAccessKeyId=LTAI4G5RL7pjavqASCwc42kR&Signature=TFev3d8OQ74D%2FdfZp4gmLfTGqjM%3D"},"isCommentLike":-5,"dislike_count":0},{"id":111266,"parent_id":111261,"type":2,"commentor":635,"gmtCreate":null,"gmtModified":null,"like_count":0,"content":"啊对对对对对","anonymity":1,"any_name":"深海鳕鱼堡","commentCount":null,"user":{"id":635,"name":"别理我，我比你牛逼","avatar_url":"http://test01-20200725.oss-cn-shenzhen.aliyuncs.com/image/1659496488044.gif?Expires=1974856478&OSSAccessKeyId=LTAI4G5RL7pjavqASCwc42kR&Signature=BDlc8M%2FBnAOuLIx8vfkdijTlje8%3D"},"isCommentLike":-5,"dislike_count":0},{"id":111267,"parent_id":111261,"type":2,"commentor":310,"gmtCreate":null,"gmtModified":null,"like_count":0,"content":"态度不好≠不想答疑，大学生了应该明白没有谁有义务为自己无偿劳动，别人既然答了多少是份小情，要是态度不好就别记着这份情完事，再强调一遍，白嫖还想态度好，你寄吧谁啊","anonymity":1,"any_name":"六级词汇","commentCount":null,"user":{"id":310,"name":"momo","avatar_url":"https://thirdwx.qlogo.cn/mmopen/vi_32/Q3auHgzwzM41p6OicT6aadKXqffRm2f6eOsgxDjFy2ZaebAjoJwHRuic6ic4qOKALzFvlratJLlvZNccDnQgbyWLg/132"},"isCommentLike":-5,"dislike_count":0},{"id":111277,"parent_id":111267,"type":2,"commentor":964,"gmtCreate":null,"gmtModified":null,"like_count":0,"content":"说的对嗯嗯","anonymity":1,"any_name":"亚古兽","commentCount":null,"user":{"id":964,"name":"困得自杀","avatar_url":"http://test01-20200725.oss-cn-shenzhen.aliyuncs.com/image/1657803874292.jpg?Expires=1973163874&OSSAccessKeyId=LTAI4G5RL7pjavqASCwc42kR&Signature=0R83hIsv5NcTaMzXAw%2FoJaeKRSw%3D"},"isCommentLike":-5,"dislike_count":0},{"id":111278,"parent_id":111267,"type":2,"commentor":964,"gmtCreate":null,"gmtModified":null,"like_count":0,"content":"感觉看了聊天记录 问的都是自己查一查入学手册还有类似于这两个专业有什么区别啊的问题，要是我我也急了","anonymity":1,"any_name":"亚古兽","commentCount":null,"user":{"id":964,"name":"困得自杀","avatar_url":"http://test01-20200725.oss-cn-shenzhen.aliyuncs.com/image/1657803874292.jpg?Expires=1973163874&OSSAccessKeyId=LTAI4G5RL7pjavqASCwc42kR&Signature=0R83hIsv5NcTaMzXAw%2FoJaeKRSw%3D"},"isCommentLike":-5,"dislike_count":0}],"any_name":"六级词汇","relation":-2,"liked":-4,"anonymity":1,"dislike_count":0}