{"id":29698,"author":"保保","author_avatar_url":null,"author_id":2862,"author_status":1,"gmt_create":1656850473593,"gmt_modified":1656850473593,"content":"不了解总学生会 本人在学院学生会（商）身边很多优秀的人 且氛围很好 很开心 工作也很开心 打心底里喜欢 希望大家不要收到言论困扰 选择自己喜欢的社团学生会 才是最重要哒","title":"不了解总学生会 本人在学院学生会（商）身边很多优秀的人 且氛围很好 很开心 工作也很开心 打心底里喜欢 希望大家不要收到言论困扰 选择自己喜欢的社团学生会 才是最重要哒","description":"no description yet","like_count":4,"comment_count":5,"view_count":360,"type":"post","tag":"not tag yet","imageList":"","content_source":null,"comments":[{"id":111491,"parent_id":29698,"type":1,"commentor":992,"gmtCreate":null,"gmtModified":null,"like_count":0,"content":"请问你是哪个部门的 大二了还能加吗\uD83D\uDE2D","anonymity":1,"any_name":"Anton","commentCount":null,"user":{"id":992,"name":"啵鸭","avatar_url":"http://test01-20200725.oss-cn-shenzhen.aliyuncs.com/image/1665479739137.jpg?Expires=1980839735&OSSAccessKeyId=LTAI4G5RL7pjavqASCwc42kR&Signature=%2BQTbVVGtv6dwA%2B12CUcF%2FquWUtA%3D"},"isCommentLike":-5,"dislike_count":0},{"id":111554,"parent_id":29698,"type":1,"commentor":9197,"gmtCreate":null,"gmtModified":null,"like_count":0,"content":"学院学生会每个都很好","anonymity":1,"any_name":"拱北吴彦祖","commentCount":null,"user":{"id":9197,"name":"U_80974165","avatar_url":null},"isCommentLike":-5,"dislike_count":0},{"id":111667,"parent_id":29698,"type":1,"commentor":214,"gmtCreate":null,"gmtModified":null,"like_count":0,"content":"同  我们部门关系都很好","anonymity":1,"any_name":"摆烂到底","commentCount":null,"user":{"id":214,"name":"小笨小笨","avatar_url":"https://thirdwx.qlogo.cn/mmopen/vi_32/NflfT9LAUqATiay4TgjiaQ6Q4egxn4xM73YoibWHYiaW2lBvl9hZCqgQ3Sf7lOdV0FaYQbds4q02UMhlgs67U8O2IQ/132"},"isCommentLike":-5,"dislike_count":0},{"id":111494,"parent_id":111491,"type":2,"commentor":2862,"gmtCreate":null,"gmtModified":null,"like_count":0,"content":"当然可以啦","anonymity":0,"any_name":null,"commentCount":null,"user":{"id":2862,"name":"保保","avatar_url":null},"isCommentLike":-5,"dislike_count":0},{"id":111510,"parent_id":111494,"type":2,"commentor":992,"gmtCreate":null,"gmtModified":null,"like_count":0,"content":"哪个部门呀","anonymity":1,"any_name":"Anton","commentCount":null,"user":{"id":992,"name":"啵鸭","avatar_url":"http://test01-20200725.oss-cn-shenzhen.aliyuncs.com/image/1665479739137.jpg?Expires=1980839735&OSSAccessKeyId=LTAI4G5RL7pjavqASCwc42kR&Signature=%2BQTbVVGtv6dwA%2B12CUcF%2FquWUtA%3D"},"isCommentLike":-5,"dislike_count":0}],"any_name":null,"relation":-2,"liked":-4,"anonymity":0,"dislike_count":0}