{"id":29732,"author":null,"author_avatar_url":null,"author_id":2631,"author_status":1,"gmt_create":1656905501694,"gmt_modified":1656905501694,"content":"线上转专业怎么缴费啊","title":"线上转专业怎么缴费啊","description":"no description yet","like_count":0,"comment_count":2,"view_count":109,"type":"post","tag":"not tag yet","imageList":"","content_source":null,"comments":[{"id":111696,"parent_id":29732,"type":1,"commentor":9144,"gmtCreate":null,"gmtModified":null,"like_count":0,"content":"怎么线上转哪","anonymity":1,"any_name":"皮卡丘","commentCount":null,"user":{"id":9144,"name":"U_469531653848","avatar_url":null},"isCommentLike":-5,"dislike_count":0},{"id":111730,"parent_id":29732,"type":1,"commentor":2036,"gmtCreate":null,"gmtModified":null,"like_count":0,"content":"先把自己的申请资料发给教务处，教务处审核通过以后再询问财务处缴费流程，在拿到缴费凭证，之后，再把它发给教务处就完成了✅","anonymity":1,"any_name":"老板","commentCount":null,"user":{"id":2036,"name":"知世","avatar_url":"https://thirdwx.qlogo.cn/mmopen/vi_32/Q0j4TwGTfTJQjKVbrlXzls1jUrWIlR2Ek4Elv8D4wgw83SVSCk0jysicoNWA6724hbLT2o2rJyAQsgWoASiaiaZNA/132"},"isCommentLike":-5,"dislike_count":0}],"any_name":"葡挞","relation":-2,"liked":-4,"anonymity":1,"dislike_count":0}