{"id":2976,"author":null,"author_avatar_url":null,"author_id":1369,"author_status":1,"gmt_create":1634811825244,"gmt_modified":1634811825244,"content":"有人看过《房思琪的初恋乐园》不？看完有什么想法，可以分享下吗？","title":"有人看过《房思琪的初恋乐园》不？看完有什么想法，可以分享下吗？","description":"no description yet","like_count":1,"comment_count":14,"view_count":197,"type":"post","tag":"not tag yet","imageList":"","content_source":null,"comments":[{"id":10164,"parent_id":2976,"type":1,"commentor":931,"gmtCreate":null,"gmtModified":null,"like_count":5,"content":"看过 它此刻就摆在我的书架上 因为我没经历过类似的事情 所以没法共情 但是作者的经历和曾说过的话写过的句子让我印象深刻","anonymity":1,"any_name":"鸡蛋仔","commentCount":null,"user":{"id":931,"name":"fengli","avatar_url":"http://test01-20200725.oss-cn-shenzhen.aliyuncs.com/image/1666425162084.jpg?Expires=1981785154&OSSAccessKeyId=LTAI4G5RL7pjavqASCwc42kR&Signature=sX%2BG7c2ycJYoXZat%2FkI3BiYTZjI%3D"},"isCommentLike":-5,"dislike_count":0},{"id":10181,"parent_id":2976,"type":1,"commentor":891,"gmtCreate":null,"gmtModified":null,"like_count":1,"content":"我看过两遍。给我最大的印象就是人是自私的。比如伊纹是被别人介绍给毛毛的（毛毛家里条件不错）但那个介绍的人为什么不敢把自己女儿（有提到这个人有一个未婚女儿）给毛毛呢。明明心知肚明，偏要把人推到深渊。以及家庭教育的问题吧，对性的避而不谈和父母的漠不关心影响孩子的三观。","anonymity":1,"any_name":"芋圆奶茶","commentCount":null,"user":{"id":891,"name":"王大王（动森打工版）","avatar_url":"https://thirdwx.qlogo.cn/mmopen/vi_32/Q0j4TwGTfTL72YEQthvp6YS76yVSRTJliaR7hGIqwsGCXyicicPEdQfOrmkqXQukW4HG3p2P9JCOWLQicRPIFv5k7A/132"},"isCommentLike":-5,"dislike_count":0},{"id":10172,"parent_id":2976,"type":1,"commentor":1221,"gmtCreate":null,"gmtModified":null,"like_count":0,"content":"看完整个人有点压抑","anonymity":1,"any_name":"Redis设计与实现","commentCount":null,"user":{"id":1221,"name":"哈哈哈哈哈哈哈哈哈哈","avatar_url":"http://test01-20200725.oss-cn-shenzhen.aliyuncs.com/image/1633062257503.jpg?Expires=1948422255&OSSAccessKeyId=LTAI4G5RL7pjavqASCwc42kR&Signature=jTqAyvfrQhETCFc612E47w%2F3zNA%3D"},"isCommentLike":-5,"dislike_count":0},{"id":10236,"parent_id":2976,"type":1,"commentor":920,"gmtCreate":null,"gmtModified":null,"like_count":0,"content":"看到一半看不下去……","anonymity":1,"any_name":"珠海小天使","commentCount":null,"user":{"id":920,"name":"逮咪大户","avatar_url":"https://thirdwx.qlogo.cn/mmopen/vi_32/2t4n5D8ozBp4us2EzRI33HXPGS6H1EBvUr0rY6akxcBriaeGvoILZr1JJbuF0ZGLeicSuUIWkeXWZOiahQnPQ9RXQ/132"},"isCommentLike":-5,"dislike_count":0},{"id":10237,"parent_id":2976,"type":1,"commentor":166,"gmtCreate":null,"gmtModified":null,"like_count":0,"content":"我大一的时候中文课的文学评论写的这个，比较困难，慎选","anonymity":0,"any_name":null,"commentCount":null,"user":{"id":166,"name":"蜜桃乌龙辰","avatar_url":"http://test01-20200725.oss-cn-shenzhen.aliyuncs.com/image/1648811943142.jpeg?Expires=1964171933&OSSAccessKeyId=LTAI4G5RL7pjavqASCwc42kR&Signature=zLMV1yAVlaNtqjUfhFB4s0PL%2F28%3D"},"isCommentLike":-5,"dislike_count":0},{"id":10533,"parent_id":2976,"type":1,"commentor":1222,"gmtCreate":null,"gmtModified":null,"like_count":0,"content":"在我不同年龄看过很多遍 每次看都有新感受吧","anonymity":0,"any_name":null,"commentCount":null,"user":{"id":1222,"name":".、","avatar_url":"http://test01-20200725.oss-cn-shenzhen.aliyuncs.com/image/1661672886151.jpg?Expires=1977032877&OSSAccessKeyId=LTAI4G5RL7pjavqASCwc42kR&Signature=JnzkepYGYPXWqS06GaGSivx8sWw%3D"},"isCommentLike":-5,"dislike_count":0},{"id":10165,"parent_id":10164,"type":2,"commentor":931,"gmtCreate":null,"gmtModified":null,"like_count":0,"content":"“我宁愿做一个媚俗的人 也不要看过世界的背面”“忍耐不是美德 发火才是美德”这是记忆最深的两句 虽然这本书读完多少让人不怎么开心 但社会需要这样的作品","anonymity":1,"any_name":"鸡蛋仔","commentCount":null,"user":{"id":931,"name":"fengli","avatar_url":"http://test01-20200725.oss-cn-shenzhen.aliyuncs.com/image/1666425162084.jpg?Expires=1981785154&OSSAccessKeyId=LTAI4G5RL7pjavqASCwc42kR&Signature=sX%2BG7c2ycJYoXZat%2FkI3BiYTZjI%3D"},"isCommentLike":-5,"dislike_count":0},{"id":10190,"parent_id":10164,"type":2,"commentor":931,"gmtCreate":null,"gmtModified":null,"like_count":0,"content":"以前我觉得这本书是主线讲性侵 副线讲家暴 后来发现这两条是明线 周围人的自私冷漠 这些人性中正常该有的微小之恶 才是整部小说的大背景","anonymity":1,"any_name":"鸡蛋仔","commentCount":null,"user":{"id":931,"name":"fengli","avatar_url":"http://test01-20200725.oss-cn-shenzhen.aliyuncs.com/image/1666425162084.jpg?Expires=1981785154&OSSAccessKeyId=LTAI4G5RL7pjavqASCwc42kR&Signature=sX%2BG7c2ycJYoXZat%2FkI3BiYTZjI%3D"},"isCommentLike":-5,"dislike_count":0},{"id":10195,"parent_id":10181,"type":2,"commentor":278,"gmtCreate":null,"gmtModified":null,"like_count":0,"content":"对！！！！！这个是我当时看了影响最深刻的点。真的细思极恐，完全是亲手毁掉了一个鲜活的少女的人生。","anonymity":1,"any_name":"六级词汇","commentCount":null,"user":{"id":278,"name":"\uD83E\uDDF8","avatar_url":"https://thirdwx.qlogo.cn/mmopen/vi_32/lWncicXnFCIhzzfr1h4ia4mYkEYIqy18o70lx8ZDuiadI0JDMhA83Q1RmHbh4rYVatgfDmhiac8hDferRpbRlL9L7Q/132"},"isCommentLike":-5,"dislike_count":0},{"id":10231,"parent_id":10181,"type":2,"commentor":182,"gmtCreate":null,"gmtModified":null,"like_count":0,"content":"啊 毛毛不是伊文后来遇到的好的那个嘛 伊文最开始结婚那个才是家暴男 不是毛毛","anonymity":1,"any_name":"和味牛杂","commentCount":null,"user":{"id":182,"name":"麦麦脆汁鸡","avatar_url":"https://thirdwx.qlogo.cn/mmopen/vi_32/A19Cv4bL1BicibtcgnSAQleHO4pPBaiaeuaLsK4AwaVia0fkjFEg2Spf81EswrwBYVFkfnVoqNyib5rJtulVyUNwTQQ/132"},"isCommentLike":-5,"dislike_count":0},{"id":10248,"parent_id":10231,"type":2,"commentor":891,"gmtCreate":null,"gmtModified":null,"like_count":0,"content":"家暴男叫毛毛\uD83D\uDEAC我印象中家暴男就叫毛毛","anonymity":1,"any_name":"四川麻辣烫","commentCount":null,"user":{"id":891,"name":"王大王（动森打工版）","avatar_url":"https://thirdwx.qlogo.cn/mmopen/vi_32/Q0j4TwGTfTL72YEQthvp6YS76yVSRTJliaR7hGIqwsGCXyicicPEdQfOrmkqXQukW4HG3p2P9JCOWLQicRPIFv5k7A/132"},"isCommentLike":-5,"dislike_count":0},{"id":10249,"parent_id":10248,"type":2,"commentor":891,"gmtCreate":null,"gmtModified":null,"like_count":0,"content":"我好像记混了\uD83D\uDEAC","anonymity":1,"any_name":"四川麻辣烫","commentCount":null,"user":{"id":891,"name":"王大王（动森打工版）","avatar_url":"https://thirdwx.qlogo.cn/mmopen/vi_32/Q0j4TwGTfTL72YEQthvp6YS76yVSRTJliaR7hGIqwsGCXyicicPEdQfOrmkqXQukW4HG3p2P9JCOWLQicRPIFv5k7A/132"},"isCommentLike":-5,"dislike_count":0},{"id":10250,"parent_id":10249,"type":2,"commentor":891,"gmtCreate":null,"gmtModified":null,"like_count":0,"content":"她老公叫一维\uD83D\uDEAC好多年看的书都忘掉了","anonymity":1,"any_name":"四川麻辣烫","commentCount":null,"user":{"id":891,"name":"王大王（动森打工版）","avatar_url":"https://thirdwx.qlogo.cn/mmopen/vi_32/Q0j4TwGTfTL72YEQthvp6YS76yVSRTJliaR7hGIqwsGCXyicicPEdQfOrmkqXQukW4HG3p2P9JCOWLQicRPIFv5k7A/132"},"isCommentLike":-5,"dislike_count":0},{"id":10270,"parent_id":10237,"type":2,"commentor":1369,"gmtCreate":null,"gmtModified":null,"like_count":0,"content":"学姐当时写的是什么啊，可以加个vx不","anonymity":1,"any_name":"哥斯拉","commentCount":null,"user":{"id":1369,"name":"藜末","avatar_url":"https://thirdwx.qlogo.cn/mmopen/vi_32/DYAIOgq83eplq2qibg54eDDxKOY5DclaRw1ze1v2m07hWtUuXUM44GibUqOebJ5EP9zIvwI3hIoeL2V9nVKNtibrQ/132"},"isCommentLike":-5,"dislike_count":0}],"any_name":"哥斯拉","relation":-2,"liked":-4,"anonymity":1,"dislike_count":0}