{"id":29773,"author":null,"author_avatar_url":null,"author_id":707,"author_status":1,"gmt_create":1656956909824,"gmt_modified":1656956909824,"content":"家人们 开学还有叉选修课的机会吗 现在很后悔","title":"家人们 开学还有叉选修课的机会吗 现在很后悔","description":"no description yet","like_count":1,"comment_count":4,"view_count":150,"type":"post","tag":"not tag yet","imageList":"","content_source":null,"comments":[{"id":111923,"parent_id":29773,"type":1,"commentor":9197,"gmtCreate":null,"gmtModified":null,"like_count":0,"content":"有的 开学两周可以x跨学院","anonymity":1,"any_name":"芋圆奶茶","commentCount":null,"user":{"id":9197,"name":"U_80974165","avatar_url":null},"isCommentLike":-5,"dislike_count":0},{"id":112143,"parent_id":111923,"type":2,"commentor":3326,"gmtCreate":null,"gmtModified":null,"like_count":0,"content":"请问社科可以叉吗","anonymity":1,"any_name":"Tom","commentCount":null,"user":{"id":3326,"name":"U_282851644513","avatar_url":null},"isCommentLike":-5,"dislike_count":0},{"id":112144,"parent_id":112143,"type":2,"commentor":9197,"gmtCreate":null,"gmtModified":null,"like_count":0,"content":"不可以哦","anonymity":1,"any_name":"芋圆奶茶","commentCount":null,"user":{"id":9197,"name":"U_80974165","avatar_url":null},"isCommentLike":-5,"dislike_count":0},{"id":112146,"parent_id":112144,"type":2,"commentor":3326,"gmtCreate":null,"gmtModified":null,"like_count":0,"content":"哭了，谢谢","anonymity":1,"any_name":"Tom","commentCount":null,"user":{"id":3326,"name":"U_282851644513","avatar_url":null},"isCommentLike":-5,"dislike_count":0}],"any_name":"和味牛杂","relation":-2,"liked":-4,"anonymity":1,"dislike_count":0}