{"id":29909,"author":"dfghh","author_avatar_url":"http://test01-20200725.oss-cn-shenzhen.aliyuncs.com/image/1661089450931.jpg?Expires=1976449446&OSSAccessKeyId=LTAI4G5RL7pjavqASCwc42kR&Signature=enBEYdYHz3znjgHMyWx0b9sjcv0%3D","author_id":438,"author_status":1,"gmt_create":1657102215332,"gmt_modified":1657102215332,"content":"教育优惠送的耳机是不是没有保修啊\n 丢了一个耳机\uD83D\uDE2D\uD83D\uDE2D\uD83D\uDE2D","title":"教育优惠送的耳机是不是没有保修啊\n 丢了一个耳机\uD83D\uDE2D\uD83D\uDE2D\uD83D\uDE2D","description":"no description yet","like_count":0,"comment_count":8,"view_count":196,"type":"post","tag":"not tag yet","imageList":"","content_source":null,"comments":[{"id":112793,"parent_id":29909,"type":1,"commentor":1380,"gmtCreate":null,"gmtModified":null,"like_count":0,"content":"可以去咸鱼或者转转看看，好多卖单只的","anonymity":1,"any_name":"珠海小天使","commentCount":null,"user":{"id":1380,"name":"47.","avatar_url":"https://thirdwx.qlogo.cn/mmopen/vi_32/Q0j4TwGTfTLxyECuhxq9G3srnuFopfaChyEdJTYQjeXQ74U9LVMfSEMOqac0iciaHqPXtxaUavsAX6LXTS7vHfow/132"},"isCommentLike":-5,"dislike_count":0},{"id":112795,"parent_id":29909,"type":1,"commentor":9147,"gmtCreate":null,"gmtModified":null,"like_count":0,"content":"建议先去问一下","anonymity":1,"any_name":"阿拉斯加猪","commentCount":null,"user":{"id":9147,"name":"米兰的小铁匠","avatar_url":null},"isCommentLike":-5,"dislike_count":0},{"id":112805,"parent_id":29909,"type":1,"commentor":920,"gmtCreate":null,"gmtModified":null,"like_count":0,"content":"可以去科大一些二手群问问 我之前丢了充电仓找其他同学收了一个","anonymity":1,"any_name":"葡挞","commentCount":null,"user":{"id":920,"name":"逮咪大户","avatar_url":"https://thirdwx.qlogo.cn/mmopen/vi_32/2t4n5D8ozBp4us2EzRI33HXPGS6H1EBvUr0rY6akxcBriaeGvoILZr1JJbuF0ZGLeicSuUIWkeXWZOiahQnPQ9RXQ/132"},"isCommentLike":-5,"dislike_count":0},{"id":112846,"parent_id":29909,"type":1,"commentor":7892,"gmtCreate":null,"gmtModified":null,"like_count":0,"content":"完了，没有S了","anonymity":0,"any_name":null,"commentCount":null,"user":{"id":7892,"name":"科大·执笔","avatar_url":"http://test01-20200725.oss-cn-shenzhen.aliyuncs.com/image/1652207350251.jpg?Expires=1967567343&OSSAccessKeyId=LTAI4G5RL7pjavqASCwc42kR&Signature=XMvbx3DLxnapsaAafDNdPnHYVAk%3D"},"isCommentLike":-5,"dislike_count":0},{"id":112797,"parent_id":112795,"type":2,"commentor":438,"gmtCreate":null,"gmtModified":null,"like_count":0,"content":"好的谢谢 好想之前小票还丢了\uD83D\uDE25","anonymity":0,"any_name":null,"commentCount":null,"user":{"id":438,"name":"dfghh","avatar_url":"http://test01-20200725.oss-cn-shenzhen.aliyuncs.com/image/1661089450931.jpg?Expires=1976449446&OSSAccessKeyId=LTAI4G5RL7pjavqASCwc42kR&Signature=enBEYdYHz3znjgHMyWx0b9sjcv0%3D"},"isCommentLike":-5,"dislike_count":0},{"id":112798,"parent_id":112793,"type":2,"commentor":438,"gmtCreate":null,"gmtModified":null,"like_count":0,"content":"淘宝店上的airpods单只可信嘛 客服说是正品诶","anonymity":0,"any_name":null,"commentCount":null,"user":{"id":438,"name":"dfghh","avatar_url":"http://test01-20200725.oss-cn-shenzhen.aliyuncs.com/image/1661089450931.jpg?Expires=1976449446&OSSAccessKeyId=LTAI4G5RL7pjavqASCwc42kR&Signature=enBEYdYHz3znjgHMyWx0b9sjcv0%3D"},"isCommentLike":-5,"dislike_count":0},{"id":112811,"parent_id":112805,"type":2,"commentor":438,"gmtCreate":null,"gmtModified":null,"like_count":0,"content":"Ok非常感谢╰(*´︶`*)╯","anonymity":0,"any_name":null,"commentCount":null,"user":{"id":438,"name":"dfghh","avatar_url":"http://test01-20200725.oss-cn-shenzhen.aliyuncs.com/image/1661089450931.jpg?Expires=1976449446&OSSAccessKeyId=LTAI4G5RL7pjavqASCwc42kR&Signature=enBEYdYHz3znjgHMyWx0b9sjcv0%3D"},"isCommentLike":-5,"dislike_count":0},{"id":112949,"parent_id":112846,"type":2,"commentor":438,"gmtCreate":null,"gmtModified":null,"like_count":0,"content":"??","anonymity":0,"any_name":null,"commentCount":null,"user":{"id":438,"name":"dfghh","avatar_url":"http://test01-20200725.oss-cn-shenzhen.aliyuncs.com/image/1661089450931.jpg?Expires=1976449446&OSSAccessKeyId=LTAI4G5RL7pjavqASCwc42kR&Signature=enBEYdYHz3znjgHMyWx0b9sjcv0%3D"},"isCommentLike":-5,"dislike_count":0}],"any_name":null,"relation":-2,"liked":-4,"anonymity":0,"dislike_count":0}