{"id":30010,"author":null,"author_avatar_url":null,"author_id":1753,"author_status":1,"gmt_create":1657205548073,"gmt_modified":1657205548073,"content":"感觉开学估计要推迟了 今年学校都没时间做准备工作","title":"感觉开学估计要推迟了 今年学校都没时间做准备工作","description":"no description yet","like_count":0,"comment_count":0,"view_count":10,"type":"post","tag":"not tag yet","imageList":"","content_source":null,"comments":null,"any_name":"拱北吴彦祖","relation":-2,"liked":-4,"anonymity":1,"dislike_count":0}