{"id":30047,"author":null,"author_avatar_url":null,"author_id":154,"author_status":1,"gmt_create":1657248874464,"gmt_modified":1657248874464,"content":"哪里找商学院往年院长优秀生名单啊","title":"哪里找商学院往年院长优秀生名单啊","description":"no description yet","like_count":0,"comment_count":2,"view_count":150,"type":"post","tag":"not tag yet","imageList":"","content_source":null,"comments":[{"id":113447,"parent_id":30047,"type":1,"commentor":9147,"gmtCreate":null,"gmtModified":null,"like_count":0,"content":"wemust资讯","anonymity":1,"any_name":"Redis设计与实现","commentCount":null,"user":{"id":9147,"name":"米兰的小铁匠","avatar_url":null},"isCommentLike":-5,"dislike_count":0},{"id":113448,"parent_id":30047,"type":1,"commentor":71,"gmtCreate":null,"gmtModified":null,"like_count":0,"content":"商学院学生会公众号","anonymity":1,"any_name":"拱北快递员","commentCount":null,"user":{"id":71,"name":"一支\uD83C\uDF4B茶","avatar_url":"http://test01-20200725.oss-cn-shenzhen.aliyuncs.com/image/1665761422653.jpg?Expires=1981121423&OSSAccessKeyId=LTAI4G5RL7pjavqASCwc42kR&Signature=HKm6K%2Fep6pjNO1GYdhmExFTk7rM%3D"},"isCommentLike":-5,"dislike_count":0}],"any_name":"Jerry","relation":-2,"liked":-4,"anonymity":1,"dislike_count":0}