{"id":30143,"author":null,"author_avatar_url":null,"author_id":1198,"author_status":1,"gmt_create":1657281649665,"gmt_modified":1657281649665,"content":"是不是整个日本沉没了\n我们就能直接挨个碰杯了\n不喜勿喷 乱喷C","title":"是不是整个日本沉没了\n我们就能直接挨个碰杯了\n不喜勿喷 乱喷C","description":"no description yet","like_count":0,"comment_count":6,"view_count":340,"type":"post","tag":"not tag yet","imageList":"","content_source":null,"comments":[{"id":113883,"parent_id":30143,"type":1,"commentor":310,"gmtCreate":null,"gmtModified":null,"like_count":11,"content":"安倍死了不一定是好事，但是整个日本沉了的话我们的海防还是能轻松一些的","anonymity":1,"any_name":"人生的智慧","commentCount":null,"user":{"id":310,"name":"momo","avatar_url":"https://thirdwx.qlogo.cn/mmopen/vi_32/Q3auHgzwzM41p6OicT6aadKXqffRm2f6eOsgxDjFy2ZaebAjoJwHRuic6ic4qOKALzFvlratJLlvZNccDnQgbyWLg/132"},"isCommentLike":-5,"dislike_count":0},{"id":113886,"parent_id":30143,"type":1,"commentor":1683,"gmtCreate":null,"gmtModified":null,"like_count":1,"content":"别反串","anonymity":1,"any_name":"奥利奥","commentCount":null,"user":{"id":1683,"name":"Rarity","avatar_url":"http://test01-20200725.oss-cn-shenzhen.aliyuncs.com/image/1661566204106.jpg?Expires=1976926200&OSSAccessKeyId=LTAI4G5RL7pjavqASCwc42kR&Signature=bkV9B%2FZEWNKBsMo%2BJxR0xngtBvI%3D"},"isCommentLike":-5,"dislike_count":0},{"id":113884,"parent_id":30143,"type":1,"commentor":2139,"gmtCreate":null,"gmtModified":null,"like_count":0,"content":"这有点过了，人民无辜啊。","anonymity":0,"any_name":null,"commentCount":null,"user":{"id":2139,"name":"胜利牌杜松子酒","avatar_url":"http://test01-20200725.oss-cn-shenzhen.aliyuncs.com/image/1664416004324.jpg?Expires=1979775997&OSSAccessKeyId=LTAI4G5RL7pjavqASCwc42kR&Signature=Itcowd79GEjrEbvi36tlS2aDo6Q%3D"},"isCommentLike":-5,"dislike_count":0},{"id":113890,"parent_id":30143,"type":1,"commentor":2127,"gmtCreate":null,"gmtModified":null,"like_count":0,"content":"活抓一精日","anonymity":1,"any_name":"水箭龟","commentCount":null,"user":{"id":2127,"name":"U_28361640053","avatar_url":null},"isCommentLike":-5,"dislike_count":0},{"id":113885,"parent_id":113884,"type":2,"commentor":1753,"gmtCreate":null,"gmtModified":null,"like_count":0,"content":"你赶紧跟它们割席，它们已经疯了","anonymity":1,"any_name":"Tom","commentCount":null,"user":{"id":1753,"name":"礼堂测码中心","avatar_url":"http://test01-20200725.oss-cn-shenzhen.aliyuncs.com/image/1664193891349.jpg?Expires=1979553887&OSSAccessKeyId=LTAI4G5RL7pjavqASCwc42kR&Signature=JQWDS%2F90raIRZKKisocdzF63wes%3D"},"isCommentLike":-5,"dislike_count":0},{"id":113889,"parent_id":113885,"type":2,"commentor":1198,"gmtCreate":null,"gmtModified":null,"like_count":0,"content":"以前中国人也很无辜\uD83D\uDE07","anonymity":1,"any_name":"阿拉斯加猪","commentCount":null,"user":{"id":1198,"name":"冰冰","avatar_url":"https://thirdwx.qlogo.cn/mmopen/vi_32/Q3auHgzwzM7iaibbplTYuHyA4sL75266znalNO07AWRL6TMHqTn19uCtkqibiabVMAbh99icqbEPwTztHL37pa91LIQ/132"},"isCommentLike":-5,"dislike_count":0}],"any_name":"阿拉斯加猪","relation":-2,"liked":-4,"anonymity":1,"dislike_count":0}