{"id":30293,"author":null,"author_avatar_url":null,"author_id":964,"author_status":1,"gmt_create":1657514016356,"gmt_modified":1657514016356,"content":"问问如果开用来申请研究生的实习证明的话需要英文版吗，如果公司没有英文版怎么办","title":"问问如果开用来申请研究生的实习证明的话需要英文版吗，如果公司没有英文版怎么办","description":"no description yet","like_count":0,"comment_count":2,"view_count":105,"type":"post","tag":"not tag yet","imageList":"","content_source":null,"comments":[{"id":114718,"parent_id":30293,"type":1,"commentor":1655,"gmtCreate":null,"gmtModified":null,"like_count":0,"content":"网上找英文模板打下来盖公司章就行","anonymity":0,"any_name":null,"commentCount":null,"user":{"id":1655,"name":"应急食品（毕业版）","avatar_url":"http://test01-20200725.oss-cn-shenzhen.aliyuncs.com/image/1636378464049.gif?Expires=1951738454&OSSAccessKeyId=LTAI4G5RL7pjavqASCwc42kR&Signature=Ay0yzvZwaOrfFrXfYrxsTdpLkwM%3D"},"isCommentLike":-5,"dislike_count":0},{"id":114968,"parent_id":114718,"type":2,"commentor":964,"gmtCreate":null,"gmtModified":null,"like_count":0,"content":"谢谢！！！","anonymity":0,"any_name":null,"commentCount":null,"user":{"id":964,"name":"困得自杀","avatar_url":"http://test01-20200725.oss-cn-shenzhen.aliyuncs.com/image/1657803874292.jpg?Expires=1973163874&OSSAccessKeyId=LTAI4G5RL7pjavqASCwc42kR&Signature=0R83hIsv5NcTaMzXAw%2FoJaeKRSw%3D"},"isCommentLike":-5,"dislike_count":0}],"any_name":"出前一丁","relation":-2,"liked":-4,"anonymity":1,"dislike_count":0}