{"id":30339,"author":null,"author_avatar_url":null,"author_id":296,"author_status":1,"gmt_create":1657554737150,"gmt_modified":1657554737150,"content":"法学gpa3.1可以申请到什么硕士啊呜呜呜","title":"法学gpa3.1可以申请到什么硕士啊呜呜呜","description":"no description yet","like_count":1,"comment_count":2,"view_count":322,"type":"post","tag":"not tag yet","imageList":"","content_source":null,"comments":[{"id":115057,"parent_id":30339,"type":1,"commentor":4501,"gmtCreate":null,"gmtModified":null,"like_count":0,"content":"英国qs100可冲，澳洲保底","anonymity":1,"any_name":"Redis设计与实现","commentCount":null,"user":{"id":4501,"name":"h i","avatar_url":"http://test01-20200725.oss-cn-shenzhen.aliyuncs.com/image/1661616915844.jpg?Expires=1976976914&OSSAccessKeyId=LTAI4G5RL7pjavqASCwc42kR&Signature=v7btMYJbuDCoWwPh9oDjkXU8ipY%3D"},"isCommentLike":-5,"dislike_count":0},{"id":115201,"parent_id":115057,"type":2,"commentor":9250,"gmtCreate":null,"gmtModified":null,"like_count":0,"content":"really\uD83D\uDC40?","anonymity":0,"any_name":null,"commentCount":null,"user":{"id":9250,"name":"U_PJ","avatar_url":"http://test01-20200725.oss-cn-shenzhen.aliyuncs.com/image/1664351814063.jpg?Expires=1979711806&OSSAccessKeyId=LTAI4G5RL7pjavqASCwc42kR&Signature=ttgS5p13TfubVoD6FPf3yVML7N8%3D"},"isCommentLike":-5,"dislike_count":0}],"any_name":"摆烂到底","relation":-2,"liked":-4,"anonymity":1,"dislike_count":0}