{"id":30381,"author":null,"author_avatar_url":null,"author_id":1938,"author_status":1,"gmt_create":1657613802172,"gmt_modified":1657613802172,"content":"深圳现在去哪不隔离啊 出省","title":"深圳现在去哪不隔离啊 出省","description":"no description yet","like_count":1,"comment_count":1,"view_count":109,"type":"post","tag":"not tag yet","imageList":"","content_source":null,"comments":[{"id":115292,"parent_id":30381,"type":1,"commentor":927,"gmtCreate":null,"gmtModified":null,"like_count":0,"content":"不是高风险都不隔离啊\uD83D\uDE02","anonymity":1,"any_name":"Anton","commentCount":null,"user":{"id":927,"name":"mxmtoon","avatar_url":"http://test01-20200725.oss-cn-shenzhen.aliyuncs.com/image/1631702684469.jpg?Expires=1947062678&OSSAccessKeyId=LTAI4G5RL7pjavqASCwc42kR&Signature=3%2Fw2TUPoSwp5ghWRvQP548vFJMI%3D"},"isCommentLike":-5,"dislike_count":0}],"any_name":"亚古兽","relation":-2,"liked":-4,"anonymity":1,"dislike_count":0}