{"id":30417,"author":null,"author_avatar_url":null,"author_id":1300,"author_status":1,"gmt_create":1657678027027,"gmt_modified":1657678027027,"content":"emmm上班睡着了被发现了好尴尬","title":"emmm上班睡着了被发现了好尴尬","description":"no description yet","like_count":0,"comment_count":5,"view_count":248,"type":"post","tag":"not tag yet","imageList":"","content_source":null,"comments":[{"id":115467,"parent_id":30417,"type":1,"commentor":2015,"gmtCreate":null,"gmtModified":null,"like_count":0,"content":"我昨天打游戏被老板抓到了，艹，我上了快一个月了，第一次打游戏就被他抓了，无语\uD83D\uDE13","anonymity":0,"any_name":null,"commentCount":null,"user":{"id":2015,"name":"腿毛多","avatar_url":"http://test01-20200725.oss-cn-shenzhen.aliyuncs.com/image/1662058836104.jpg?Expires=1977418836&OSSAccessKeyId=LTAI4G5RL7pjavqASCwc42kR&Signature=w0t3AHdQMmbyjVZausc%2FrO9nY6E%3D"},"isCommentLike":-5,"dislike_count":0},{"id":115485,"parent_id":30417,"type":1,"commentor":1274,"gmtCreate":null,"gmtModified":null,"like_count":0,"content":"睡呗，又不能把你怎样哈哈哈哈","anonymity":1,"any_name":"摆烂到底","commentCount":null,"user":{"id":1274,"name":"zz喻","avatar_url":"https://thirdwx.qlogo.cn/mmopen/vi_32/AHukDxPf2pCkI2cyoNdLNEQBKwLy2MQp3qVmSrpicYUy9uibMsqXMJ5apuARzWqOZwrAltTSj9z9U7QutaHgqToQ/132"},"isCommentLike":-5,"dislike_count":0},{"id":115527,"parent_id":30417,"type":1,"commentor":1984,"gmtCreate":null,"gmtModified":null,"like_count":0,"content":"啊啊我那天也睡着了还留口水了，幸好没人注意到，丢了个大脸了","anonymity":1,"any_name":"喷火龙","commentCount":null,"user":{"id":1984,"name":"沙丹猪扒饭","avatar_url":null},"isCommentLike":-5,"dislike_count":0},{"id":115487,"parent_id":115485,"type":2,"commentor":1300,"gmtCreate":null,"gmtModified":null,"like_count":0,"content":"就挺不好意思的","anonymity":1,"any_name":"布偶猫","commentCount":null,"user":{"id":1300,"name":"momo","avatar_url":"https://thirdwx.qlogo.cn/mmopen/vi_32/Q3auHgzwzM7CGtMib0fLpiacnFCIV4p4fOQq7YJFnq1qz3Rib80wFzy3bQgCZJ8zbY0YpiciakLNOuK69UMKfibj3lwg/132"},"isCommentLike":-5,"dislike_count":0},{"id":115490,"parent_id":115487,"type":2,"commentor":1274,"gmtCreate":null,"gmtModified":null,"like_count":0,"content":"晚上早点睡呀，提升睡眠质量","anonymity":1,"any_name":"摆烂到底","commentCount":null,"user":{"id":1274,"name":"zz喻","avatar_url":"https://thirdwx.qlogo.cn/mmopen/vi_32/AHukDxPf2pCkI2cyoNdLNEQBKwLy2MQp3qVmSrpicYUy9uibMsqXMJ5apuARzWqOZwrAltTSj9z9U7QutaHgqToQ/132"},"isCommentLike":-5,"dislike_count":0}],"any_name":"布偶猫","relation":-2,"liked":-4,"anonymity":1,"dislike_count":0}