{"id":30552,"author":null,"author_avatar_url":null,"author_id":9325,"author_status":1,"gmt_create":1657857591306,"gmt_modified":1657857591306,"content":"有没有uu成功重修过得C的课\uD83D\uDE2D我看学校网站上说只有C以下才可以重修\uD83D\uDE2D","title":"有没有uu成功重修过得C的课\uD83D\uDE2D我看学校网站上说只有C以下才可以重修\uD83D\uDE2D","description":"no description yet","like_count":0,"comment_count":4,"view_count":153,"type":"post","tag":"not tag yet","imageList":"","content_source":null,"comments":[{"id":116230,"parent_id":30552,"type":1,"commentor":260,"gmtCreate":null,"gmtModified":null,"like_count":0,"content":"举手！我重修过","anonymity":1,"any_name":"哥斯拉","commentCount":null,"user":{"id":260,"name":"啊姜","avatar_url":"https://thirdwx.qlogo.cn/mmopen/vi_32/iboNOib8bZy8MdEbCUjUvZy19kb5Aa0icCFe5qsPXTwvibFTdS0nmf5Wwick0VJXDB7IDyH7fiaTBU4afllNLUA2PptA/132"},"isCommentLike":-5,"dislike_count":0},{"id":116454,"parent_id":116230,"type":2,"commentor":9325,"gmtCreate":null,"gmtModified":null,"like_count":0,"content":"具体咋操作的呀 找学院申请嘛","anonymity":0,"any_name":null,"commentCount":null,"user":{"id":9325,"name":"U_215791657857","avatar_url":null},"isCommentLike":-5,"dislike_count":0},{"id":116473,"parent_id":116230,"type":2,"commentor":1778,"gmtCreate":null,"gmtModified":null,"like_count":0,"content":"蹲蹲！！！我也想\uD83D\uDE2D","anonymity":0,"any_name":null,"commentCount":null,"user":{"id":1778,"name":"小青柠汁","avatar_url":"http://test01-20200725.oss-cn-shenzhen.aliyuncs.com/image/1659628760089.jpg?Expires=1974988754&OSSAccessKeyId=LTAI4G5RL7pjavqASCwc42kR&Signature=WSH5CfLgf1KNIcKkqWX%2BiidvhtE%3D"},"isCommentLike":-5,"dislike_count":0},{"id":117122,"parent_id":116454,"type":2,"commentor":260,"gmtCreate":null,"gmtModified":null,"like_count":0,"content":"对 在选课期间直接填表交过去就好啦","anonymity":1,"any_name":"哥斯拉","commentCount":null,"user":{"id":260,"name":"啊姜","avatar_url":"https://thirdwx.qlogo.cn/mmopen/vi_32/iboNOib8bZy8MdEbCUjUvZy19kb5Aa0icCFe5qsPXTwvibFTdS0nmf5Wwick0VJXDB7IDyH7fiaTBU4afllNLUA2PptA/132"},"isCommentLike":-5,"dislike_count":0}],"any_name":"摆烂到底","relation":-2,"liked":-4,"anonymity":1,"dislike_count":0}