{"id":3058,"author":"WeBug","author_avatar_url":"https://thirdwx.qlogo.cn/mmopen/vi_32/Q0j4TwGTfTL7DdUiaLBYFA4Er91DRaYffMibicYk4A0XlnbF7NuFUcPdZJdfrFVs1I7ia2uYNKWOdMia4yibBgbZHPibw/132","author_id":1111,"author_status":1,"gmt_create":1634975958056,"gmt_modified":1634975958056,"content":"去办逗留签的记得带张湿纸巾拿来擦手指\uD83D\uDC94","title":"去办逗留签的记得带张湿纸巾拿来擦手指\uD83D\uDC94","description":"no description yet","like_count":0,"comment_count":4,"view_count":185,"type":"post","tag":"not tag yet","imageList":"","content_source":null,"comments":[{"id":10455,"parent_id":3058,"type":1,"commentor":1295,"gmtCreate":null,"gmtModified":null,"like_count":0,"content":"不带会发生什么\uD83D\uDC42","anonymity":1,"any_name":"咖哩鱼蛋","commentCount":null,"user":{"id":1295,"name":"U_637031633831","avatar_url":null},"isCommentLike":-5,"dislike_count":0},{"id":10456,"parent_id":3058,"type":1,"commentor":389,"gmtCreate":null,"gmtModified":null,"like_count":0,"content":"哈哈哈哈哈哈哈哈哈","anonymity":1,"any_name":"珠海小天使","commentCount":null,"user":{"id":389,"name":"Ye","avatar_url":"http://test01-20200725.oss-cn-shenzhen.aliyuncs.com/image/1666692616794.jpg?Expires=1982052609&OSSAccessKeyId=LTAI4G5RL7pjavqASCwc42kR&Signature=TFev3d8OQ74D%2FdfZp4gmLfTGqjM%3D"},"isCommentLike":-5,"dislike_count":0},{"id":10506,"parent_id":3058,"type":1,"commentor":504,"gmtCreate":null,"gmtModified":null,"like_count":0,"content":"谢谢你，陌生人","anonymity":1,"any_name":"网瘾少年","commentCount":null,"user":{"id":504,"name":"maito","avatar_url":"https://thirdwx.qlogo.cn/mmopen/vi_32/ILBrJqNk3JEwZswoaDQ5RghfFWOf6PToUEUze5shr1icVFI7oT6TbcGUZuibdpictDibwicVUkKDiaT4FFgmwNN43yPQ/132"},"isCommentLike":-5,"dislike_count":0},{"id":10457,"parent_id":10455,"type":2,"commentor":1111,"gmtCreate":null,"gmtModified":null,"like_count":0,"content":"可以试试（指你的食指会黑","anonymity":0,"any_name":null,"commentCount":null,"user":{"id":1111,"name":"WeBug","avatar_url":"https://thirdwx.qlogo.cn/mmopen/vi_32/Q0j4TwGTfTL7DdUiaLBYFA4Er91DRaYffMibicYk4A0XlnbF7NuFUcPdZJdfrFVs1I7ia2uYNKWOdMia4yibBgbZHPibw/132"},"isCommentLike":-5,"dislike_count":0}],"any_name":null,"relation":-2,"liked":-4,"anonymity":0,"dislike_count":0}