{"id":30786,"author":null,"author_avatar_url":null,"author_id":1434,"author_status":1,"gmt_create":1658067011880,"gmt_modified":1658067011880,"content":"咱们九月份会网课吗","title":"咱们九月份会网课吗","description":"no description yet","like_count":0,"comment_count":5,"view_count":390,"type":"post","tag":"not tag yet","imageList":"","content_source":null,"comments":[{"id":117198,"parent_id":30786,"type":1,"commentor":8028,"gmtCreate":null,"gmtModified":null,"like_count":1,"content":"如果开学上网课，可不可以在家里上，姐妹们","anonymity":1,"any_name":"芋圆奶茶","commentCount":null,"user":{"id":8028,"name":"小花猫","avatar_url":"http://test01-20200725.oss-cn-shenzhen.aliyuncs.com/image/1652439999180.jpg?Expires=1967799993&OSSAccessKeyId=LTAI4G5RL7pjavqASCwc42kR&Signature=OzfmMdBs6fhsAfFgEuMLQeSI2So%3D"},"isCommentLike":-5,"dislike_count":0},{"id":117141,"parent_id":30786,"type":1,"commentor":1980,"gmtCreate":null,"gmtModified":null,"like_count":0,"content":"应该不会吧 最近澳门不是新增降了很多了","anonymity":1,"any_name":"微积分","commentCount":null,"user":{"id":1980,"name":"大兄弟","avatar_url":null},"isCommentLike":-5,"dislike_count":0},{"id":117143,"parent_id":30786,"type":1,"commentor":950,"gmtCreate":null,"gmtModified":null,"like_count":0,"content":"感觉肯定会有一两周","anonymity":1,"any_name":"沊仔刘亦菲","commentCount":null,"user":{"id":950,"name":"嘉心糖今天吃什么","avatar_url":"http://test01-20200725.oss-cn-shenzhen.aliyuncs.com/image/1653601697278.gif?Expires=1968961688&OSSAccessKeyId=LTAI4G5RL7pjavqASCwc42kR&Signature=MJ1wFoThzUSd5vemDHpVKNWnCcA%3D"},"isCommentLike":-5,"dislike_count":0},{"id":117169,"parent_id":30786,"type":1,"commentor":6474,"gmtCreate":null,"gmtModified":null,"like_count":0,"content":"希望能顺利开学","anonymity":1,"any_name":"布偶猫","commentCount":null,"user":{"id":6474,"name":"U_25211649780","avatar_url":null},"isCommentLike":-5,"dislike_count":0},{"id":117192,"parent_id":30786,"type":1,"commentor":1007,"gmtCreate":null,"gmtModified":null,"like_count":0,"content":"一俩周是必然 应该是不论澳门有没有疫情第一周应该都是网课","anonymity":0,"any_name":null,"commentCount":null,"user":{"id":1007,"name":"JJ1p","avatar_url":"https://thirdwx.qlogo.cn/mmopen/vi_32/Hf60rj6dzM7hia5dKfEgDia5fNeqibvCPxuc5Sl1nMLzjjpsmNjicqMnvJ3LSzRXaUb5B3EpRqF1ickLt7E0MicCCB7A/132"},"isCommentLike":-5,"dislike_count":0}],"any_name":"皮卡丘","relation":-2,"liked":-4,"anonymity":1,"dislike_count":0}