{"id":30840,"author":null,"author_avatar_url":null,"author_id":178,"author_status":1,"gmt_create":1658137620008,"gmt_modified":1658137620008,"content":"如果可以开到实习证明的话还有必要去实习吗\uD83D\uDC40","title":"如果可以开到实习证明的话还有必要去实习吗\uD83D\uDC40","description":"no description yet","like_count":0,"comment_count":7,"view_count":482,"type":"post","tag":"not tag yet","imageList":"","content_source":null,"comments":[{"id":117350,"parent_id":30840,"type":1,"commentor":1274,"gmtCreate":null,"gmtModified":null,"like_count":6,"content":"实习证明并不能证明你实习过，在招聘的过程中没人会看你的证明，只有实打实的经历才能证明你实习过","anonymity":1,"any_name":"和味牛杂","commentCount":null,"user":{"id":1274,"name":"zz喻","avatar_url":"https://thirdwx.qlogo.cn/mmopen/vi_32/AHukDxPf2pCkI2cyoNdLNEQBKwLy2MQp3qVmSrpicYUy9uibMsqXMJ5apuARzWqOZwrAltTSj9z9U7QutaHgqToQ/132"},"isCommentLike":-5,"dislike_count":0},{"id":117332,"parent_id":30840,"type":1,"commentor":9197,"gmtCreate":null,"gmtModified":null,"like_count":3,"content":"没必要 看电视剧吧","anonymity":1,"any_name":"奥利奥","commentCount":null,"user":{"id":9197,"name":"U_80974165","avatar_url":null},"isCommentLike":-5,"dislike_count":0},{"id":117359,"parent_id":30840,"type":1,"commentor":931,"gmtCreate":null,"gmtModified":null,"like_count":3,"content":"几天前我问过跟你一样的问题，现在我觉得如果你是低年级的话没必要","anonymity":1,"any_name":"鸡蛋仔","commentCount":null,"user":{"id":931,"name":"fengli","avatar_url":"http://test01-20200725.oss-cn-shenzhen.aliyuncs.com/image/1666425162084.jpg?Expires=1981785154&OSSAccessKeyId=LTAI4G5RL7pjavqASCwc42kR&Signature=sX%2BG7c2ycJYoXZat%2FkI3BiYTZjI%3D"},"isCommentLike":-5,"dislike_count":0},{"id":117342,"parent_id":30840,"type":1,"commentor":262,"gmtCreate":null,"gmtModified":null,"like_count":0,"content":"看什么岗位吧","anonymity":1,"any_name":"offer收割机","commentCount":null,"user":{"id":262,"name":"清禾","avatar_url":"https://thirdwx.qlogo.cn/mmopen/vi_32/vibNyAtFicrC7CWQB4siadoQRX5QObMaK29iatolcT6c3lEXBJzkkVia2UzKaZHFWqdjiac5LmWwS5uXyvfuWFcFHWcQ/132"},"isCommentLike":-5,"dislike_count":0},{"id":117345,"parent_id":30840,"type":1,"commentor":2266,"gmtCreate":null,"gmtModified":null,"like_count":0,"content":"可以累积下经验","anonymity":0,"any_name":null,"commentCount":null,"user":{"id":2266,"name":"圆周率","avatar_url":null},"isCommentLike":-5,"dislike_count":0},{"id":117336,"parent_id":117332,"type":2,"commentor":992,"gmtCreate":null,"gmtModified":null,"like_count":0,"content":"认真的吗","anonymity":1,"any_name":"大潭山车队","commentCount":null,"user":{"id":992,"name":"啵鸭","avatar_url":"http://test01-20200725.oss-cn-shenzhen.aliyuncs.com/image/1665479739137.jpg?Expires=1980839735&OSSAccessKeyId=LTAI4G5RL7pjavqASCwc42kR&Signature=%2BQTbVVGtv6dwA%2B12CUcF%2FquWUtA%3D"},"isCommentLike":-5,"dislike_count":0},{"id":117352,"parent_id":117336,"type":2,"commentor":9197,"gmtCreate":null,"gmtModified":null,"like_count":0,"content":"认真的","anonymity":1,"any_name":"奥利奥","commentCount":null,"user":{"id":9197,"name":"U_80974165","avatar_url":null},"isCommentLike":-5,"dislike_count":0}],"any_name":"深海鳕鱼堡","relation":-2,"liked":-4,"anonymity":1,"dislike_count":0}