{"id":31085,"author":null,"author_avatar_url":null,"author_id":628,"author_status":1,"gmt_create":1658239599173,"gmt_modified":1658239599173,"content":"好好笑啊，问了一下午本科什么学校都不敢说，南理工法学硕士了不起啊\uD83E\uDD79怕不是准备把“我是211硕士刻在墓志铭上咯”","title":"好好笑啊，问了一下午本科什么学校都不敢说，南理工法学硕士了不起啊\uD83E\uDD79怕不是准备把“我是211硕士刻在墓志铭上咯”","description":"no description yet","like_count":5,"comment_count":12,"view_count":234,"type":"post","tag":"not tag yet","imageList":"http://test01-20200725.oss-cn-shenzhen.aliyuncs.com/image/1658239551481.jpg?Expires=1973599555&OSSAccessKeyId=LTAI4G5RL7pjavqASCwc42kR&Signature=2F0Am0SJo6E45XRfZs2lFUfphp4%3D;http://test01-20200725.oss-cn-shenzhen.aliyuncs.com/image/1658239557979.jpg?Expires=1973599557&OSSAccessKeyId=LTAI4G5RL7pjavqASCwc42kR&Signature=eMTUFEu%2BKUVFDhE9LW5jdY87dag%3D;http://test01-20200725.oss-cn-shenzhen.aliyuncs.com/image/1658239553134.jpg?Expires=1973599558&OSSAccessKeyId=LTAI4G5RL7pjavqASCwc42kR&Signature=8t30Is2ICiKE1wtQXi4KJa1AEak%3D","content_source":null,"comments":[{"id":118260,"parent_id":31085,"type":1,"commentor":270,"gmtCreate":null,"gmtModified":null,"like_count":2,"content":"211就这素质？头像都用的别人照片","anonymity":1,"any_name":"深海鳕鱼堡","commentCount":null,"user":{"id":270,"name":"蛆奇味蝻瓜饼","avatar_url":"http://test01-20200725.oss-cn-shenzhen.aliyuncs.com/image/1660746251527.jpg?Expires=1976106242&OSSAccessKeyId=LTAI4G5RL7pjavqASCwc42kR&Signature=wxKGSngs19HSbuL3DpNT%2BQ%2BIzxU%3D"},"isCommentLike":-5,"dislike_count":0},{"id":118286,"parent_id":31085,"type":1,"commentor":1683,"gmtCreate":null,"gmtModified":null,"like_count":2,"content":"你就一直抓住他家里穷这一点来说，说他是仇富的底层酸民hhh","anonymity":1,"any_name":"阿拉斯加猪","commentCount":null,"user":{"id":1683,"name":"Rarity","avatar_url":"http://test01-20200725.oss-cn-shenzhen.aliyuncs.com/image/1661566204106.jpg?Expires=1976926200&OSSAccessKeyId=LTAI4G5RL7pjavqASCwc42kR&Signature=bkV9B%2FZEWNKBsMo%2BJxR0xngtBvI%3D"},"isCommentLike":-5,"dislike_count":0},{"id":118259,"parent_id":31085,"type":1,"commentor":693,"gmtCreate":null,"gmtModified":null,"like_count":0,"content":"去南京理工学法…？ 虽然我也是法学的 但法学专业在理工科院校里啥地位心里没点逼数吗","anonymity":1,"any_name":"offer收割机","commentCount":null,"user":{"id":693,"name":"复 习 不 完 了","avatar_url":"https://thirdwx.qlogo.cn/mmopen/vi_32/DKaaFjYaLuot756YU7Wtj0uORNNfHbyvgrvEdgvtswibBYZqYCWOjd6gHLby6zbrQv0mWy8xQegk8EGCmbI1OlQ/132"},"isCommentLike":-5,"dislike_count":0},{"id":118276,"parent_id":31085,"type":1,"commentor":270,"gmtCreate":null,"gmtModified":null,"like_count":0,"content":"好贱一人，一条微博转几十遍骂","anonymity":1,"any_name":"深海鳕鱼堡","commentCount":null,"user":{"id":270,"name":"蛆奇味蝻瓜饼","avatar_url":"http://test01-20200725.oss-cn-shenzhen.aliyuncs.com/image/1660746251527.jpg?Expires=1976106242&OSSAccessKeyId=LTAI4G5RL7pjavqASCwc42kR&Signature=wxKGSngs19HSbuL3DpNT%2BQ%2BIzxU%3D"},"isCommentLike":-5,"dislike_count":0},{"id":118296,"parent_id":31085,"type":1,"commentor":958,"gmtCreate":null,"gmtModified":null,"like_count":0,"content":"我笑死了我跟这个哥对喷了一下午 最后他喷不过我删评拉黑我了","anonymity":0,"any_name":null,"commentCount":null,"user":{"id":958,"name":"1","avatar_url":"https://thirdwx.qlogo.cn/mmopen/vi_32/aDFic64vdTvVXHqz17WfnrzlibMHX6Dj0vZHhx4QsiavOLJiaTicXm0OetllqhMaVFEB3AwNDsF046niadhRUbs5Bxsw/132"},"isCommentLike":-5,"dislike_count":0},{"id":118266,"parent_id":118259,"type":2,"commentor":628,"gmtCreate":null,"gmtModified":null,"like_count":0,"content":"笑话罢了，看他的逻辑水平以后接谁案子谁倒霉","anonymity":1,"any_name":"Jerry","commentCount":null,"user":{"id":628,"name":"古希腊掌管选课的神","avatar_url":"http://test01-20200725.oss-cn-shenzhen.aliyuncs.com/image/1650879725627.jpg?Expires=1966239722&OSSAccessKeyId=LTAI4G5RL7pjavqASCwc42kR&Signature=3waEl%2B4zLKW%2F8ST3bwPkH4EkQa4%3D"},"isCommentLike":-5,"dislike_count":0},{"id":118267,"parent_id":118260,"type":2,"commentor":628,"gmtCreate":null,"gmtModified":null,"like_count":0,"content":"不知道头像是不是本人，反正素质是真的低","anonymity":1,"any_name":"Jerry","commentCount":null,"user":{"id":628,"name":"古希腊掌管选课的神","avatar_url":"http://test01-20200725.oss-cn-shenzhen.aliyuncs.com/image/1650879725627.jpg?Expires=1966239722&OSSAccessKeyId=LTAI4G5RL7pjavqASCwc42kR&Signature=3waEl%2B4zLKW%2F8ST3bwPkH4EkQa4%3D"},"isCommentLike":-5,"dislike_count":0},{"id":118270,"parent_id":118266,"type":2,"commentor":693,"gmtCreate":null,"gmtModified":null,"like_count":0,"content":"我们学校那么烂都有985来读法学博士，怎么它高贵211没有985的学生读博士\uD83D\uDE22 好可怜哦","anonymity":1,"any_name":"offer收割机","commentCount":null,"user":{"id":693,"name":"复 习 不 完 了","avatar_url":"https://thirdwx.qlogo.cn/mmopen/vi_32/DKaaFjYaLuot756YU7Wtj0uORNNfHbyvgrvEdgvtswibBYZqYCWOjd6gHLby6zbrQv0mWy8xQegk8EGCmbI1OlQ/132"},"isCommentLike":-5,"dislike_count":0},{"id":118277,"parent_id":118270,"type":2,"commentor":628,"gmtCreate":null,"gmtModified":null,"like_count":0,"content":"人家就稀罕那个211的头衔，不是92对它来说都是三本野鸡学校呢\uD83D\uDE07","anonymity":1,"any_name":"Jerry","commentCount":null,"user":{"id":628,"name":"古希腊掌管选课的神","avatar_url":"http://test01-20200725.oss-cn-shenzhen.aliyuncs.com/image/1650879725627.jpg?Expires=1966239722&OSSAccessKeyId=LTAI4G5RL7pjavqASCwc42kR&Signature=3waEl%2B4zLKW%2F8ST3bwPkH4EkQa4%3D"},"isCommentLike":-5,"dislike_count":0},{"id":118279,"parent_id":118276,"type":2,"commentor":628,"gmtCreate":null,"gmtModified":null,"like_count":0,"content":"看他之前转发，就一仇富凤凰蝻罢了\uD83D\uDE03跟他骂了一下午，也就我闲的没事做","anonymity":1,"any_name":"Jerry","commentCount":null,"user":{"id":628,"name":"古希腊掌管选课的神","avatar_url":"http://test01-20200725.oss-cn-shenzhen.aliyuncs.com/image/1650879725627.jpg?Expires=1966239722&OSSAccessKeyId=LTAI4G5RL7pjavqASCwc42kR&Signature=3waEl%2B4zLKW%2F8ST3bwPkH4EkQa4%3D"},"isCommentLike":-5,"dislike_count":0},{"id":118283,"parent_id":118277,"type":2,"commentor":693,"gmtCreate":null,"gmtModified":null,"like_count":0,"content":"咱野鸡学校能不能降点学费啊\uD83E\uDD24 能减学费的话野鸭也可以","anonymity":1,"any_name":"offer收割机","commentCount":null,"user":{"id":693,"name":"复 习 不 完 了","avatar_url":"https://thirdwx.qlogo.cn/mmopen/vi_32/DKaaFjYaLuot756YU7Wtj0uORNNfHbyvgrvEdgvtswibBYZqYCWOjd6gHLby6zbrQv0mWy8xQegk8EGCmbI1OlQ/132"},"isCommentLike":-5,"dislike_count":0},{"id":118327,"parent_id":118296,"type":2,"commentor":628,"gmtCreate":null,"gmtModified":null,"like_count":0,"content":"我也是，这哥战斗力真的弱","anonymity":1,"any_name":"Jerry","commentCount":null,"user":{"id":628,"name":"古希腊掌管选课的神","avatar_url":"http://test01-20200725.oss-cn-shenzhen.aliyuncs.com/image/1650879725627.jpg?Expires=1966239722&OSSAccessKeyId=LTAI4G5RL7pjavqASCwc42kR&Signature=3waEl%2B4zLKW%2F8ST3bwPkH4EkQa4%3D"},"isCommentLike":-5,"dislike_count":0}],"any_name":"Jerry","relation":-2,"liked":-4,"anonymity":1,"dislike_count":0}