{"id":31251,"author":"U_277811634190","author_avatar_url":null,"author_id":1321,"author_status":1,"gmt_create":1658322574643,"gmt_modified":1658322574643,"content":"有拉拉吗，能在学校找个姐姐吗\uD83D\uDE2D 点赞我找你好吗\uD83D\uDE2D","title":"有拉拉吗，能在学校找个姐姐吗\uD83D\uDE2D 点赞我找你好吗\uD83D\uDE2D","description":"no description yet","like_count":2,"comment_count":10,"view_count":420,"type":"post","tag":"not tag yet","imageList":"","content_source":null,"comments":[{"id":118948,"parent_id":31251,"type":1,"commentor":1133,"gmtCreate":null,"gmtModified":null,"like_count":5,"content":"我也想和姐姐谈恋爱 但恋爱这种事情强求不来噢宝 如果只是想解决生理需求可以试试diy或者小玩具 毕竟这种事情还是挺私密的","anonymity":1,"any_name":"Tom","commentCount":null,"user":{"id":1133,"name":"无事小神仙","avatar_url":"http://test01-20200725.oss-cn-shenzhen.aliyuncs.com/image/1666848003348.jpg?Expires=1982207995&OSSAccessKeyId=LTAI4G5RL7pjavqASCwc42kR&Signature=x51mAxQH5IM9JjWF9zcJntifllU%3D"},"isCommentLike":-5,"dislike_count":0},{"id":119145,"parent_id":31251,"type":1,"commentor":3142,"gmtCreate":null,"gmtModified":null,"like_count":1,"content":"爱情强求不来 先从朋友做起 科大拉拉不少","anonymity":1,"any_name":"英国短毛猫","commentCount":null,"user":{"id":3142,"name":"泡泡","avatar_url":"http://test01-20200725.oss-cn-shenzhen.aliyuncs.com/image/1645794545402.jpg?Expires=1961154542&OSSAccessKeyId=LTAI4G5RL7pjavqASCwc42kR&Signature=EWULRIPUyNCYNqOPXVA2Xst3jA0%3D"},"isCommentLike":-5,"dislike_count":0},{"id":118936,"parent_id":31251,"type":1,"commentor":1274,"gmtCreate":null,"gmtModified":null,"like_count":0,"content":"？","anonymity":1,"any_name":"深海鳕鱼堡","commentCount":null,"user":{"id":1274,"name":"zz喻","avatar_url":"https://thirdwx.qlogo.cn/mmopen/vi_32/AHukDxPf2pCkI2cyoNdLNEQBKwLy2MQp3qVmSrpicYUy9uibMsqXMJ5apuARzWqOZwrAltTSj9z9U7QutaHgqToQ/132"},"isCommentLike":-5,"dislike_count":0},{"id":118939,"parent_id":31251,"type":1,"commentor":1683,"gmtCreate":null,"gmtModified":null,"like_count":0,"content":"月炮的？","anonymity":1,"any_name":"芋圆奶茶","commentCount":null,"user":{"id":1683,"name":"Rarity","avatar_url":"http://test01-20200725.oss-cn-shenzhen.aliyuncs.com/image/1661566204106.jpg?Expires=1976926200&OSSAccessKeyId=LTAI4G5RL7pjavqASCwc42kR&Signature=bkV9B%2FZEWNKBsMo%2BJxR0xngtBvI%3D"},"isCommentLike":-5,"dislike_count":0},{"id":118958,"parent_id":31251,"type":1,"commentor":1138,"gmtCreate":null,"gmtModified":null,"like_count":0,"content":"所以一个赞也没有……请问你姓什么","anonymity":1,"any_name":"哥斯拉","commentCount":null,"user":{"id":1138,"name":"王一博女朋友","avatar_url":"https://thirdwx.qlogo.cn/mmopen/vi_32/DYAIOgq83eoIXfouYMiagSo49GrqIbH4gtOlVJdBRjVIp5QwFnvqChnQiaf9DpgNeTaKs0m9cEGicjaAiaT5kIWcqg/132"},"isCommentLike":-5,"dislike_count":0},{"id":118984,"parent_id":118948,"type":2,"commentor":1321,"gmtCreate":null,"gmtModified":null,"like_count":0,"content":"我只想单纯体验恋爱的感觉而已\uD83D\uDE2D","anonymity":0,"any_name":null,"commentCount":null,"user":{"id":1321,"name":"U_277811634190","avatar_url":null},"isCommentLike":-5,"dislike_count":0},{"id":118985,"parent_id":118984,"type":2,"commentor":1133,"gmtCreate":null,"gmtModified":null,"like_count":0,"content":"总有一天会有的～爱自有天意","anonymity":1,"any_name":"Tom","commentCount":null,"user":{"id":1133,"name":"无事小神仙","avatar_url":"http://test01-20200725.oss-cn-shenzhen.aliyuncs.com/image/1666848003348.jpg?Expires=1982207995&OSSAccessKeyId=LTAI4G5RL7pjavqASCwc42kR&Signature=x51mAxQH5IM9JjWF9zcJntifllU%3D"},"isCommentLike":-5,"dislike_count":0},{"id":118987,"parent_id":118948,"type":2,"commentor":1321,"gmtCreate":null,"gmtModified":null,"like_count":0,"content":"好的宝","anonymity":0,"any_name":null,"commentCount":null,"user":{"id":1321,"name":"U_277811634190","avatar_url":null},"isCommentLike":-5,"dislike_count":0},{"id":119882,"parent_id":119145,"type":2,"commentor":1321,"gmtCreate":null,"gmtModified":null,"like_count":0,"content":"确实强求不来，但是我这种有点内向的人真的好难遇到","anonymity":0,"any_name":null,"commentCount":null,"user":{"id":1321,"name":"U_277811634190","avatar_url":null},"isCommentLike":-5,"dislike_count":0},{"id":119883,"parent_id":118958,"type":2,"commentor":1321,"gmtCreate":null,"gmtModified":null,"like_count":0,"content":"我姓c","anonymity":0,"any_name":null,"commentCount":null,"user":{"id":1321,"name":"U_277811634190","avatar_url":null},"isCommentLike":-5,"dislike_count":0}],"any_name":null,"relation":-2,"liked":-4,"anonymity":0,"dislike_count":0}