{"id":31343,"author":null,"author_avatar_url":null,"author_id":7694,"author_status":1,"gmt_create":1658392301640,"gmt_modified":1658392301640,"content":"每隔一段时间就被良心莫名其妙的谴责。","title":"每隔一段时间就被良心莫名其妙的谴责。","description":"no description yet","like_count":0,"comment_count":0,"view_count":4,"type":"post","tag":"not tag yet","imageList":"","content_source":null,"comments":null,"any_name":"四川麻辣烫","relation":-2,"liked":-4,"anonymity":1,"dislike_count":0}