{"id":31482,"author":null,"author_avatar_url":null,"author_id":1176,"author_status":1,"gmt_create":1658459194509,"gmt_modified":1658459194509,"content":"如果美国英国都想申请应该考雅思还是托福啊 纠结\uD83E\uDD79感觉雅思更容易点\uD83E\uDD2F","title":"如果美国英国都想申请应该考雅思还是托福啊 纠结\uD83E\uDD79感觉雅思更容易点\uD83E\uDD2F","description":"no description yet","like_count":0,"comment_count":9,"view_count":355,"type":"post","tag":"not tag yet","imageList":"","content_source":null,"comments":[{"id":120162,"parent_id":31482,"type":1,"commentor":1655,"gmtCreate":null,"gmtModified":null,"like_count":1,"content":"我是雅思，托福上手真难\uD83E\uDD72","anonymity":0,"any_name":null,"commentCount":null,"user":{"id":1655,"name":"应急食品（毕业版）","avatar_url":"http://test01-20200725.oss-cn-shenzhen.aliyuncs.com/image/1636378464049.gif?Expires=1951738454&OSSAccessKeyId=LTAI4G5RL7pjavqASCwc42kR&Signature=Ay0yzvZwaOrfFrXfYrxsTdpLkwM%3D"},"isCommentLike":-5,"dislike_count":0},{"id":120174,"parent_id":31482,"type":1,"commentor":1540,"gmtCreate":null,"gmtModified":null,"like_count":0,"content":"如果志向美国top20感觉就得考托福 排名前列有一些学校不接受雅思","anonymity":1,"any_name":"哈士奇","commentCount":null,"user":{"id":1540,"name":"WjRRR~~","avatar_url":"https://thirdwx.qlogo.cn/mmopen/vi_32/Q0j4TwGTfTIuW6Fe7HCibOwfoRFhfysia9blzvOkiaxM6QHlQmHnomx6oXqGzj2icJZVL2icKd2Nb4FicNb07ReQuCDQ/132"},"isCommentLike":-5,"dislike_count":0},{"id":120165,"parent_id":120162,"type":2,"commentor":1176,"gmtCreate":null,"gmtModified":null,"like_count":0,"content":"是的！听力很无语！你也是打算申请美国的吗","anonymity":1,"any_name":"拱北快递员","commentCount":null,"user":{"id":1176,"name":"抓马西瓜","avatar_url":"https://thirdwx.qlogo.cn/mmopen/vi_32/Q0j4TwGTfTIwMguHrHm955dicOojbvgSRibV8coPXTvqemtGiaUOB6R7Xc10HE2VqKtBcPvrL9dqvcxNDFPNdvr2w/132"},"isCommentLike":-5,"dislike_count":0},{"id":120178,"parent_id":120165,"type":2,"commentor":1655,"gmtCreate":null,"gmtModified":null,"like_count":0,"content":"我已经准备要去了hhh","anonymity":0,"any_name":null,"commentCount":null,"user":{"id":1655,"name":"应急食品（毕业版）","avatar_url":"http://test01-20200725.oss-cn-shenzhen.aliyuncs.com/image/1636378464049.gif?Expires=1951738454&OSSAccessKeyId=LTAI4G5RL7pjavqASCwc42kR&Signature=Ay0yzvZwaOrfFrXfYrxsTdpLkwM%3D"},"isCommentLike":-5,"dislike_count":0},{"id":120179,"parent_id":120174,"type":2,"commentor":1176,"gmtCreate":null,"gmtModified":null,"like_count":0,"content":"是不是接受的就可以用雅思","anonymity":1,"any_name":"拱北快递员","commentCount":null,"user":{"id":1176,"name":"抓马西瓜","avatar_url":"https://thirdwx.qlogo.cn/mmopen/vi_32/Q0j4TwGTfTIwMguHrHm955dicOojbvgSRibV8coPXTvqemtGiaUOB6R7Xc10HE2VqKtBcPvrL9dqvcxNDFPNdvr2w/132"},"isCommentLike":-5,"dislike_count":0},{"id":120180,"parent_id":120178,"type":2,"commentor":1176,"gmtCreate":null,"gmtModified":null,"like_count":0,"content":"wow恭喜","anonymity":1,"any_name":"拱北快递员","commentCount":null,"user":{"id":1176,"name":"抓马西瓜","avatar_url":"https://thirdwx.qlogo.cn/mmopen/vi_32/Q0j4TwGTfTIwMguHrHm955dicOojbvgSRibV8coPXTvqemtGiaUOB6R7Xc10HE2VqKtBcPvrL9dqvcxNDFPNdvr2w/132"},"isCommentLike":-5,"dislike_count":0},{"id":120198,"parent_id":120162,"type":2,"commentor":154,"gmtCreate":null,"gmtModified":null,"like_count":0,"content":"请问去了哪个学校啊","anonymity":1,"any_name":"offer收割机","commentCount":null,"user":{"id":154,"name":"辛勒正","avatar_url":"https://thirdwx.qlogo.cn/mmopen/vi_32/dWx8QYK6vuNf75V8CAXdXVccqgSPllIb2LCZEz9vEn8medYU3aickOxMJKH3kKb3n5ibMfQf7ZvvHbVHkfjHhiarw/132"},"isCommentLike":-5,"dislike_count":0},{"id":120200,"parent_id":120180,"type":2,"commentor":1655,"gmtCreate":null,"gmtModified":null,"like_count":0,"content":"谢谢哈，也等你喜报","anonymity":0,"any_name":null,"commentCount":null,"user":{"id":1655,"name":"应急食品（毕业版）","avatar_url":"http://test01-20200725.oss-cn-shenzhen.aliyuncs.com/image/1636378464049.gif?Expires=1951738454&OSSAccessKeyId=LTAI4G5RL7pjavqASCwc42kR&Signature=Ay0yzvZwaOrfFrXfYrxsTdpLkwM%3D"},"isCommentLike":-5,"dislike_count":0},{"id":120201,"parent_id":120198,"type":2,"commentor":1655,"gmtCreate":null,"gmtModified":null,"like_count":0,"content":"20+的小渣渣\uD83E\uDD72","anonymity":0,"any_name":null,"commentCount":null,"user":{"id":1655,"name":"应急食品（毕业版）","avatar_url":"http://test01-20200725.oss-cn-shenzhen.aliyuncs.com/image/1636378464049.gif?Expires=1951738454&OSSAccessKeyId=LTAI4G5RL7pjavqASCwc42kR&Signature=Ay0yzvZwaOrfFrXfYrxsTdpLkwM%3D"},"isCommentLike":-5,"dislike_count":0}],"any_name":"拱北快递员","relation":-2,"liked":-4,"anonymity":1,"dislike_count":0}