{"id":31528,"author":null,"author_avatar_url":null,"author_id":9179,"author_status":1,"gmt_create":1658484385744,"gmt_modified":1658484385744,"content":"想问一下大家 好朋友的男朋友跟别人聊天会说xxx真骚想上她这样的话或者会评论一个女生的身材 并且形容的非常下流 还有一系列很恶心很不尊重女性的对话 朋友从来不知道他是这样的人 两人感情还行 那男的也确实很喜欢我朋友 别人给我看了聊天记录 我觉得我朋友有权利知道她男朋友到底是什么样的人 就把聊天记录转发给我朋友看 后来他们大吵了一架分手了 请问是我多管闲事了吗","title":"想问一下大家 好朋友的男朋友跟别人聊天会说xxx真骚想上她这样的话或者会评论一个女生的身材 并且形容的非常下流 还有一系列很恶心很不尊重女性的对话 朋友从来不知道他是这样","description":"no description yet","like_count":0,"comment_count":17,"view_count":768,"type":"post","tag":"not tag yet","imageList":"","content_source":null,"comments":[{"id":120338,"parent_id":31528,"type":1,"commentor":9287,"gmtCreate":null,"gmtModified":null,"like_count":19,"content":"你干得漂亮","anonymity":1,"any_name":"内卷狂魔","commentCount":null,"user":{"id":9287,"name":"U_707461656743","avatar_url":null},"isCommentLike":-5,"dislike_count":0},{"id":120341,"parent_id":31528,"type":1,"commentor":8144,"gmtCreate":null,"gmtModified":null,"like_count":16,"content":"我是你朋友的话我会感谢你","anonymity":1,"any_name":"网瘾少年","commentCount":null,"user":{"id":8144,"name":"U_386281652665","avatar_url":null},"isCommentLike":-5,"dislike_count":0},{"id":120358,"parent_id":31528,"type":1,"commentor":2036,"gmtCreate":null,"gmtModified":null,"like_count":13,"content":"我去 我要是有一个朋友这么帮我把关 我真的会很感激\uD83D\uDE2D\uD83D\uDE2D\uD83D\uDE2D\uD83D\uDE2D真心错付多苦啊","anonymity":1,"any_name":"摆烂到底","commentCount":null,"user":{"id":2036,"name":"知世","avatar_url":"https://thirdwx.qlogo.cn/mmopen/vi_32/Q0j4TwGTfTJQjKVbrlXzls1jUrWIlR2Ek4Elv8D4wgw83SVSCk0jysicoNWA6724hbLT2o2rJyAQsgWoASiaiaZNA/132"},"isCommentLike":-5,"dislike_count":0},{"id":120346,"parent_id":31528,"type":1,"commentor":884,"gmtCreate":null,"gmtModified":null,"like_count":5,"content":"姐妹要小心 说真话有可能会遇到不好的事情\uD83D\uDE22\uD83D\uDE22\uD83D\uDE22\uD83D\uDE22","anonymity":1,"any_name":"老板","commentCount":null,"user":{"id":884,"name":"野生雪人","avatar_url":"https://thirdwx.qlogo.cn/mmopen/vi_32/8a8mPjIM59wiaotosF3sgkOkPoEjdW3WKXrrnicYgZxicRUKfFl3XZ1WhvKsia3tibKSxvQjONYmhibSSVOeOo5WFKibg/132"},"isCommentLike":-5,"dislike_count":0},{"id":120373,"parent_id":31528,"type":1,"commentor":9236,"gmtCreate":null,"gmtModified":null,"like_count":5,"content":"我觉得好朋友比好男朋友更难找。你会转给她消息 她也选择相信你 你们的关系一定很好8⃣️！！","anonymity":1,"any_name":"三鲜水饺","commentCount":null,"user":{"id":9236,"name":"U_303491656033","avatar_url":null},"isCommentLike":-5,"dislike_count":0},{"id":120340,"parent_id":31528,"type":1,"commentor":1727,"gmtCreate":null,"gmtModified":null,"like_count":4,"content":"分手也是早晚的事，别想太多","anonymity":1,"any_name":"大潭山车队","commentCount":null,"user":{"id":1727,"name":"葉泓荃","avatar_url":"https://thirdwx.qlogo.cn/mmopen/vi_32/n7yGP9Xwbic9FO8n1mFdR6F4RsVGYxWYpggnNGFibLEAeDUBsoT4e04jZpp2pmBKkfBDQ943PkjNpLibxYXmQLeKA/132"},"isCommentLike":-5,"dislike_count":0},{"id":120339,"parent_id":31528,"type":1,"commentor":268,"gmtCreate":null,"gmtModified":null,"like_count":3,"content":"不多管闲事，这种男的恶心","anonymity":1,"any_name":"四川麻辣烫","commentCount":null,"user":{"id":268,"name":"敖","avatar_url":"https://thirdwx.qlogo.cn/mmopen/vi_32/8nsklc0ARyFr5d1BWVKWoykl9R9vK16dXOEbWjcT1t8Qvufc9hTwnvwrVuTD4CtZc54DW1W9CU5cE7ic9a6A1Gw/132"},"isCommentLike":-5,"dislike_count":0},{"id":120448,"parent_id":31528,"type":1,"commentor":550,"gmtCreate":null,"gmtModified":null,"like_count":2,"content":"干得好啊，好人一生平安","anonymity":1,"any_name":"阿拉斯加猪","commentCount":null,"user":{"id":550,"name":"W","avatar_url":"https://thirdwx.qlogo.cn/mmopen/vi_32/DYAIOgq83er3Oo2kKcJclA3hk1Sicv8zckVcQ4HdfaOd9IEGYoOrY8jDkZHtHCCRwqNaXGicN1tFia91gU8eAc9BQ/132"},"isCommentLike":-5,"dislike_count":0},{"id":120350,"parent_id":31528,"type":1,"commentor":9400,"gmtCreate":null,"gmtModified":null,"like_count":1,"content":"没事姐妹 这种男的早晚会出事","anonymity":1,"any_name":"布偶猫","commentCount":null,"user":{"id":9400,"name":"绿崽o3o","avatar_url":null},"isCommentLike":-5,"dislike_count":0},{"id":120356,"parent_id":31528,"type":1,"commentor":700,"gmtCreate":null,"gmtModified":null,"like_count":1,"content":"男的太坏了！","anonymity":0,"any_name":null,"commentCount":null,"user":{"id":700,"name":"我是Apex高手","avatar_url":"http://test01-20200725.oss-cn-shenzhen.aliyuncs.com/image/1663215936796.jpg?Expires=1978575936&OSSAccessKeyId=LTAI4G5RL7pjavqASCwc42kR&Signature=iGYHDWJ0bdPnEuRGScA1%2F8rgr40%3D"},"isCommentLike":-5,"dislike_count":0},{"id":120375,"parent_id":31528,"type":1,"commentor":881,"gmtCreate":null,"gmtModified":null,"like_count":1,"content":"绝对不算多管闲事！（希望你朋友是彻底分手","anonymity":1,"any_name":"offer收割机","commentCount":null,"user":{"id":881,"name":"明天一定会早起","avatar_url":"http://test01-20200725.oss-cn-shenzhen.aliyuncs.com/image/1647250276351.jpg?Expires=1962610271&OSSAccessKeyId=LTAI4G5RL7pjavqASCwc42kR&Signature=GVEEMU%2BBoifUCu3nR%2FFAnmKAHc8%3D"},"isCommentLike":-5,"dislike_count":0},{"id":120355,"parent_id":31528,"type":1,"commentor":1753,"gmtCreate":null,"gmtModified":null,"like_count":0,"content":"你确实是多管闲事","anonymity":1,"any_name":"奥利奥","commentCount":null,"user":{"id":1753,"name":"礼堂测码中心","avatar_url":"http://test01-20200725.oss-cn-shenzhen.aliyuncs.com/image/1664193891349.jpg?Expires=1979553887&OSSAccessKeyId=LTAI4G5RL7pjavqASCwc42kR&Signature=JQWDS%2F90raIRZKKisocdzF63wes%3D"},"isCommentLike":-5,"dislike_count":0},{"id":120381,"parent_id":120355,"type":2,"commentor":1942,"gmtCreate":null,"gmtModified":null,"like_count":0,"content":"你男的吧","anonymity":1,"any_name":"哈士奇","commentCount":null,"user":{"id":1942,"name":"女德模范","avatar_url":"http://test01-20200725.oss-cn-shenzhen.aliyuncs.com/image/1638273164906.jpg?Expires=1953633156&OSSAccessKeyId=LTAI4G5RL7pjavqASCwc42kR&Signature=GiXJ%2FQ8zHPnk%2Fkcqa%2FuJpuG%2FKlw%3D"},"isCommentLike":-5,"dislike_count":0},{"id":120382,"parent_id":120381,"type":2,"commentor":1753,"gmtCreate":null,"gmtModified":null,"like_count":0,"content":"你烧杯吧","anonymity":1,"any_name":"奥利奥","commentCount":null,"user":{"id":1753,"name":"礼堂测码中心","avatar_url":"http://test01-20200725.oss-cn-shenzhen.aliyuncs.com/image/1664193891349.jpg?Expires=1979553887&OSSAccessKeyId=LTAI4G5RL7pjavqASCwc42kR&Signature=JQWDS%2F90raIRZKKisocdzF63wes%3D"},"isCommentLike":-5,"dislike_count":0},{"id":120386,"parent_id":120355,"type":2,"commentor":270,"gmtCreate":null,"gmtModified":null,"like_count":0,"content":"爬","anonymity":1,"any_name":"哥斯拉","commentCount":null,"user":{"id":270,"name":"蛆奇味蝻瓜饼","avatar_url":"http://test01-20200725.oss-cn-shenzhen.aliyuncs.com/image/1660746251527.jpg?Expires=1976106242&OSSAccessKeyId=LTAI4G5RL7pjavqASCwc42kR&Signature=wxKGSngs19HSbuL3DpNT%2BQ%2BIzxU%3D"},"isCommentLike":-5,"dislike_count":0},{"id":120389,"parent_id":120355,"type":2,"commentor":647,"gmtCreate":null,"gmtModified":null,"like_count":0,"content":"急了吗哈哈哈哈","anonymity":1,"any_name":"人生的智慧","commentCount":null,"user":{"id":647,"name":"凍檸茶少奶","avatar_url":"http://test01-20200725.oss-cn-shenzhen.aliyuncs.com/image/1656908230605.jpg?Expires=1972268225&OSSAccessKeyId=LTAI4G5RL7pjavqASCwc42kR&Signature=yOhRWNWlRDNQY%2BdkKCNMZ%2BnB2g4%3D"},"isCommentLike":-5,"dislike_count":0},{"id":120417,"parent_id":120355,"type":2,"commentor":1380,"gmtCreate":null,"gmtModified":null,"like_count":0,"content":"当事人男生？性激素分泌过于旺盛我可以帮你切掉一个","anonymity":1,"any_name":"水箭龟","commentCount":null,"user":{"id":1380,"name":"47.","avatar_url":"https://thirdwx.qlogo.cn/mmopen/vi_32/Q0j4TwGTfTLxyECuhxq9G3srnuFopfaChyEdJTYQjeXQ74U9LVMfSEMOqac0iciaHqPXtxaUavsAX6LXTS7vHfow/132"},"isCommentLike":-5,"dislike_count":0}],"any_name":"拱北快递员","relation":-2,"liked":-4,"anonymity":1,"dislike_count":0}