{"id":31601,"author":"U_13961652525","author_avatar_url":null,"author_id":8090,"author_status":1,"gmt_create":1658567646216,"gmt_modified":1658567646216,"content":"转专业的结果是出来了吗？在哪里公布呢？","title":"转专业的结果是出来了吗？在哪里公布呢？","description":"no description yet","like_count":0,"comment_count":0,"view_count":41,"type":"post","tag":"not tag yet","imageList":"","content_source":null,"comments":null,"any_name":null,"relation":-2,"liked":-4,"anonymity":0,"dislike_count":0}