{"id":31656,"author":null,"author_avatar_url":null,"author_id":9399,"author_status":1,"gmt_create":1658634087499,"gmt_modified":1658634087499,"content":"求问 马上大二开学能报四级吗？能报的话要抢名额吗？好强吗？真的想快点把这个简单东西考了 题都做完了（多考一个证是一个 周边的人都太卷）","title":"求问 马上大二开学能报四级吗？能报的话要抢名额吗？好强吗？真的想快点把这个简单东西考了 题都做完了（多考一个证是一个 周边的人都太卷）","description":"no description yet","like_count":0,"comment_count":1,"view_count":223,"type":"post","tag":"not tag yet","imageList":"","content_source":null,"comments":[{"id":121151,"parent_id":31656,"type":1,"commentor":9349,"gmtCreate":null,"gmtModified":null,"like_count":1,"content":"理论上大一就能报，实际上未必抢得到。大二当然也可以报，四级没必要做题，实在太简单了","anonymity":0,"any_name":null,"commentCount":null,"user":{"id":9349,"name":"雀巢卡扎菲","avatar_url":"http://test01-20200725.oss-cn-shenzhen.aliyuncs.com/image/1658587779635.jpg?Expires=1973947773&OSSAccessKeyId=LTAI4G5RL7pjavqASCwc42kR&Signature=vxX5%2BvkPJtlbYwqs1IBfbOUs3yY%3D"},"isCommentLike":-5,"dislike_count":0}],"any_name":"多喝热水","relation":-2,"liked":-4,"anonymity":1,"dislike_count":0}