{"id":31713,"author":null,"author_avatar_url":null,"author_id":1471,"author_status":1,"gmt_create":1658670953001,"gmt_modified":1658670953001,"content":"有没有姐妹在澳门住然后有晚课的\n很晚下课回去的话会怕吗","title":"有没有姐妹在澳门住然后有晚课的\n很晚下课回去的话会怕吗","description":"no description yet","like_count":0,"comment_count":9,"view_count":292,"type":"post","tag":"not tag yet","imageList":"http://test01-20200725.oss-cn-shenzhen.aliyuncs.com/image/1658670922532.jpg?Expires=1974030917&OSSAccessKeyId=LTAI4G5RL7pjavqASCwc42kR&Signature=%2Bi5o471CyGTeOMCFtfx%2F1G4%2Bmp8%3D","content_source":null,"comments":[{"id":121431,"parent_id":31713,"type":1,"commentor":5834,"gmtCreate":null,"gmtModified":null,"like_count":0,"content":"个人建议可以买个报警器 按了贼大声的那种 或者买个防狼喷雾 防狼喷雾从vx上可以找人买 我也有途径 电商平台买不到\n当然结伴同行是最好的","anonymity":0,"any_name":null,"commentCount":null,"user":{"id":5834,"name":"YOYO爱发呆","avatar_url":"http://test01-20200725.oss-cn-shenzhen.aliyuncs.com/image/1648900055409.jpg?Expires=1964260057&OSSAccessKeyId=LTAI4G5RL7pjavqASCwc42kR&Signature=rVAJN0HVwFqqTxtuio7fdMTHzkI%3D"},"isCommentLike":-5,"dislike_count":0},{"id":121437,"parent_id":31713,"type":1,"commentor":693,"gmtCreate":null,"gmtModified":null,"like_count":0,"content":"和合租的同学一起回家？怕人还好，怕鬼就好像没有啥好办法？","anonymity":1,"any_name":"出前一丁","commentCount":null,"user":{"id":693,"name":"复 习 不 完 了","avatar_url":"https://thirdwx.qlogo.cn/mmopen/vi_32/DKaaFjYaLuot756YU7Wtj0uORNNfHbyvgrvEdgvtswibBYZqYCWOjd6gHLby6zbrQv0mWy8xQegk8EGCmbI1OlQ/132"},"isCommentLike":-5,"dislike_count":0},{"id":121441,"parent_id":31713,"type":1,"commentor":9174,"gmtCreate":null,"gmtModified":null,"like_count":0,"content":"结伴，走有灯的大马路，澳门有些小路还是挺恐怖的","anonymity":1,"any_name":"和味牛杂","commentCount":null,"user":{"id":9174,"name":"U_907231654308","avatar_url":null},"isCommentLike":-5,"dislike_count":0},{"id":121433,"parent_id":121431,"type":2,"commentor":1471,"gmtCreate":null,"gmtModified":null,"like_count":0,"content":"好的，其实怕人还怕鬼\uD83D\uDE30","anonymity":1,"any_name":"多喝热水","commentCount":null,"user":{"id":1471,"name":"塔可","avatar_url":null},"isCommentLike":-5,"dislike_count":0},{"id":121434,"parent_id":121433,"type":2,"commentor":5834,"gmtCreate":null,"gmtModified":null,"like_count":0,"content":"为什么怕鬼。。。我不是很理解  小岛晚上一般都灯火通明的吧 也没怎么有黑的地方吧","anonymity":0,"any_name":null,"commentCount":null,"user":{"id":5834,"name":"YOYO爱发呆","avatar_url":"http://test01-20200725.oss-cn-shenzhen.aliyuncs.com/image/1648900055409.jpg?Expires=1964260057&OSSAccessKeyId=LTAI4G5RL7pjavqASCwc42kR&Signature=rVAJN0HVwFqqTxtuio7fdMTHzkI%3D"},"isCommentLike":-5,"dislike_count":0},{"id":121435,"parent_id":121434,"type":2,"commentor":1471,"gmtCreate":null,"gmtModified":null,"like_count":0,"content":"香港恐怖片看多了，感觉氹仔花园像九十年代的房子的感觉，所以会害怕","anonymity":1,"any_name":"多喝热水","commentCount":null,"user":{"id":1471,"name":"塔可","avatar_url":null},"isCommentLike":-5,"dislike_count":0},{"id":121439,"parent_id":121437,"type":2,"commentor":1471,"gmtCreate":null,"gmtModified":null,"like_count":0,"content":"是的，不过我和他们学院不一样不知道方不方便凑到一起\uD83D\uDE30","anonymity":1,"any_name":"多喝热水","commentCount":null,"user":{"id":1471,"name":"塔可","avatar_url":null},"isCommentLike":-5,"dislike_count":0},{"id":121442,"parent_id":121441,"type":2,"commentor":1471,"gmtCreate":null,"gmtModified":null,"like_count":0,"content":"是的\uD83D\uDE2D","anonymity":1,"any_name":"多喝热水","commentCount":null,"user":{"id":1471,"name":"塔可","avatar_url":null},"isCommentLike":-5,"dislike_count":0},{"id":121446,"parent_id":121439,"type":2,"commentor":693,"gmtCreate":null,"gmtModified":null,"like_count":0,"content":"在澳门租房应该是大二或者大三？学业应该挺忙的，还要学语言。或许他们可以在自习室/图书馆自习，等你下课刚好一起回家？","anonymity":1,"any_name":"网瘾少年","commentCount":null,"user":{"id":693,"name":"复 习 不 完 了","avatar_url":"https://thirdwx.qlogo.cn/mmopen/vi_32/DKaaFjYaLuot756YU7Wtj0uORNNfHbyvgrvEdgvtswibBYZqYCWOjd6gHLby6zbrQv0mWy8xQegk8EGCmbI1OlQ/132"},"isCommentLike":-5,"dislike_count":0}],"any_name":"多喝热水","relation":-2,"liked":-4,"anonymity":1,"dislike_count":0}