{"id":31752,"author":"U_864081647501","author_avatar_url":"http://test01-20200725.oss-cn-shenzhen.aliyuncs.com/image/1649480927365.jpg?Expires=1964840922&OSSAccessKeyId=LTAI4G5RL7pjavqASCwc42kR&Signature=Who1OnC6jipki0F9CQFcv6kdKQM%3D","author_id":4912,"author_status":1,"gmt_create":1658686888390,"gmt_modified":1658686888390,"content":"妈的，我就想看个电影，我还充了个日VIP，然后酒店电视我还特意选VIP电影，妈的都蓝屏不能看，免费的又是很老很老的片，妈的我看啥，妈的，还睡不着","title":"妈的，我就想看个电影，我还充了个日VIP，然后酒店电视我还特意选VIP电影，妈的都蓝屏不能看，免费的又是很老很老的片，妈的我看啥，妈的，还睡不着","description":"no description yet","like_count":2,"comment_count":8,"view_count":253,"type":"post","tag":"not tag yet","imageList":"","content_source":null,"comments":[{"id":121667,"parent_id":31752,"type":1,"commentor":286,"gmtCreate":null,"gmtModified":null,"like_count":0,"content":"妈的 我也睡不着","anonymity":1,"any_name":"Redis设计与实现","commentCount":null,"user":{"id":286,"name":"青","avatar_url":"https://thirdwx.qlogo.cn/mmopen/vi_32/Q0j4TwGTfTLubj8UrSTSTC707IzZuZE4F4Ym6HiaLjxh3J2N1uLibc02gfcWKxgMSdy08KVD81gZsZk1VgAiawiaog/132"},"isCommentLike":-5,"dislike_count":0},{"id":121669,"parent_id":31752,"type":1,"commentor":7911,"gmtCreate":null,"gmtModified":null,"like_count":0,"content":"妈的，我也睡不着","anonymity":0,"any_name":null,"commentCount":null,"user":{"id":7911,"name":"Pppppb","avatar_url":"http://test01-20200725.oss-cn-shenzhen.aliyuncs.com/image/1652938997216.jpg?Expires=1968298994&OSSAccessKeyId=LTAI4G5RL7pjavqASCwc42kR&Signature=yPf4yt9%2FslCQOXYlywkbZ%2FL1dXY%3D"},"isCommentLike":-5,"dislike_count":0},{"id":121672,"parent_id":31752,"type":1,"commentor":7149,"gmtCreate":null,"gmtModified":null,"like_count":0,"content":"吗的，我也睡不着","anonymity":0,"any_name":null,"commentCount":null,"user":{"id":7149,"name":"早餐店","avatar_url":"http://test01-20200725.oss-cn-shenzhen.aliyuncs.com/image/1655480697405.jpg?Expires=1970840695&OSSAccessKeyId=LTAI4G5RL7pjavqASCwc42kR&Signature=jHurS5dmuFqCjl437AlggUwQP7Q%3D"},"isCommentLike":-5,"dislike_count":0},{"id":121674,"parent_id":31752,"type":1,"commentor":8592,"gmtCreate":null,"gmtModified":null,"like_count":0,"content":"妈的，我也睡不着","anonymity":0,"any_name":null,"commentCount":null,"user":{"id":8592,"name":"好日和","avatar_url":"http://test01-20200725.oss-cn-shenzhen.aliyuncs.com/image/1664383073371.gif?Expires=1979743068&OSSAccessKeyId=LTAI4G5RL7pjavqASCwc42kR&Signature=p5%2BiKHqbYmeufwi5nVllhFEe7M8%3D"},"isCommentLike":-5,"dislike_count":0},{"id":121675,"parent_id":31752,"type":1,"commentor":1962,"gmtCreate":null,"gmtModified":null,"like_count":0,"content":"吗的，我也睡不着","anonymity":0,"any_name":null,"commentCount":null,"user":{"id":1962,"name":"服了","avatar_url":"http://test01-20200725.oss-cn-shenzhen.aliyuncs.com/image/1665703814505.jpg?Expires=1981063815&OSSAccessKeyId=LTAI4G5RL7pjavqASCwc42kR&Signature=ZeCQXRF4Gz5MtBZ4gxcQu%2BUpHeI%3D"},"isCommentLike":-5,"dislike_count":0},{"id":121676,"parent_id":31752,"type":1,"commentor":4912,"gmtCreate":null,"gmtModified":null,"like_count":0,"content":"哈哈哈哈哈哈哈哈哈哈哈哈哈哈","anonymity":0,"any_name":null,"commentCount":null,"user":{"id":4912,"name":"U_864081647501","avatar_url":"http://test01-20200725.oss-cn-shenzhen.aliyuncs.com/image/1649480927365.jpg?Expires=1964840922&OSSAccessKeyId=LTAI4G5RL7pjavqASCwc42kR&Signature=Who1OnC6jipki0F9CQFcv6kdKQM%3D"},"isCommentLike":-5,"dislike_count":0},{"id":121677,"parent_id":31752,"type":1,"commentor":2000,"gmtCreate":null,"gmtModified":null,"like_count":0,"content":"今夜注定无人入眠","anonymity":0,"any_name":null,"commentCount":null,"user":{"id":2000,"name":"大头爆栗子","avatar_url":"https://thirdwx.qlogo.cn/mmopen/vi_32/IujJKkcVyOLvc4nL3xIQhqIzbQl14r9g396Wic3ZuyZrcSS5u3sE1QkTGwKOqWLHOVrwyULWGhPUD7LWKd3xP0g/132"},"isCommentLike":-5,"dislike_count":0},{"id":121710,"parent_id":31752,"type":1,"commentor":286,"gmtCreate":null,"gmtModified":null,"like_count":0,"content":"晚上睡不着 打给我","anonymity":1,"any_name":"Redis设计与实现","commentCount":null,"user":{"id":286,"name":"青","avatar_url":"https://thirdwx.qlogo.cn/mmopen/vi_32/Q0j4TwGTfTLubj8UrSTSTC707IzZuZE4F4Ym6HiaLjxh3J2N1uLibc02gfcWKxgMSdy08KVD81gZsZk1VgAiawiaog/132"},"isCommentLike":-5,"dislike_count":0}],"any_name":null,"relation":-2,"liked":-4,"anonymity":0,"dislike_count":0}