{"id":31894,"author":null,"author_avatar_url":null,"author_id":1521,"author_status":1,"gmt_create":1658800781186,"gmt_modified":1658800781186,"content":"大家在内地接受的真是唯物主义教育吗？地图连线破坏风水的歪理居然还广受支持？？？","title":"大家在内地接受的真是唯物主义教育吗？地图连线破坏风水的歪理居然还广受支持？？？","description":"no description yet","like_count":1,"comment_count":14,"view_count":339,"type":"post","tag":"not tag yet","imageList":"","content_source":null,"comments":[{"id":122677,"parent_id":31894,"type":1,"commentor":9197,"gmtCreate":null,"gmtModified":null,"like_count":7,"content":"那你一定不是福建人广东人云南人广西人贵州人","anonymity":1,"any_name":"网瘾少年","commentCount":null,"user":{"id":9197,"name":"U_80974165","avatar_url":null},"isCommentLike":-5,"dislike_count":0},{"id":122671,"parent_id":31894,"type":1,"commentor":2514,"gmtCreate":null,"gmtModified":null,"like_count":5,"content":"去收收上海金融大楼的那个风水局吧，还有香港的风水局。。。风水是中国文化的瑰宝，不是迷信","anonymity":0,"any_name":null,"commentCount":null,"user":{"id":2514,"name":"哀是涛的球迷","avatar_url":null},"isCommentLike":-5,"dislike_count":0},{"id":122676,"parent_id":31894,"type":1,"commentor":2514,"gmtCreate":null,"gmtModified":null,"like_count":5,"content":"美国的大学也有风水课程的开展。。。自己不认同，又要和中医一样被国外争取了","anonymity":0,"any_name":null,"commentCount":null,"user":{"id":2514,"name":"哀是涛的球迷","avatar_url":null},"isCommentLike":-5,"dislike_count":0},{"id":122649,"parent_id":31894,"type":1,"commentor":592,"gmtCreate":null,"gmtModified":null,"like_count":2,"content":"呃呃关键不是在于这些歪理是不是真的，而是在于他内心是不是真的有想用这些歪理来影响我们的想法","anonymity":1,"any_name":"拉面小路","commentCount":null,"user":{"id":592,"name":"xxl","avatar_url":"http://test01-20200725.oss-cn-shenzhen.aliyuncs.com/image/1664352859085.jpg?Expires=1979712854&OSSAccessKeyId=LTAI4G5RL7pjavqASCwc42kR&Signature=jqrJUes41AT1wXmBa32L8fBdjCs%3D"},"isCommentLike":-5,"dislike_count":0},{"id":122672,"parent_id":31894,"type":1,"commentor":2514,"gmtCreate":null,"gmtModified":null,"like_count":2,"content":"最简单来说，，家里面的东西位置摆放的位置好，，空气流通，给你的感觉就很舒适，你的工作效率就会提高","anonymity":0,"any_name":null,"commentCount":null,"user":{"id":2514,"name":"哀是涛的球迷","avatar_url":null},"isCommentLike":-5,"dislike_count":0},{"id":122645,"parent_id":31894,"type":1,"commentor":2139,"gmtCreate":null,"gmtModified":null,"like_count":1,"content":"离了个大谱","anonymity":0,"any_name":null,"commentCount":null,"user":{"id":2139,"name":"胜利牌杜松子酒","avatar_url":"http://test01-20200725.oss-cn-shenzhen.aliyuncs.com/image/1664416004324.jpg?Expires=1979775997&OSSAccessKeyId=LTAI4G5RL7pjavqASCwc42kR&Signature=Itcowd79GEjrEbvi36tlS2aDo6Q%3D"},"isCommentLike":-5,"dislike_count":0},{"id":122713,"parent_id":31894,"type":1,"commentor":393,"gmtCreate":null,"gmtModified":null,"like_count":1,"content":"没办法，很多人智商有问题.jpg","anonymity":1,"any_name":"多喝热水","commentCount":null,"user":{"id":393,"name":"nbbcslm","avatar_url":"http://test01-20200725.oss-cn-shenzhen.aliyuncs.com/image/1666616582987.jpg?Expires=1981976576&OSSAccessKeyId=LTAI4G5RL7pjavqASCwc42kR&Signature=HXLjg9zoo9RipDnZDEZYHaxqqsU%3D"},"isCommentLike":-5,"dislike_count":0},{"id":122793,"parent_id":31894,"type":1,"commentor":1655,"gmtCreate":null,"gmtModified":null,"like_count":1,"content":"澳门的各个赌场地理位置的设计是最讲究风水的……你可以自己去科普科普","anonymity":0,"any_name":null,"commentCount":null,"user":{"id":1655,"name":"应急食品（毕业版）","avatar_url":"http://test01-20200725.oss-cn-shenzhen.aliyuncs.com/image/1636378464049.gif?Expires=1951738454&OSSAccessKeyId=LTAI4G5RL7pjavqASCwc42kR&Signature=Ay0yzvZwaOrfFrXfYrxsTdpLkwM%3D"},"isCommentLike":-5,"dislike_count":0},{"id":122644,"parent_id":31894,"type":1,"commentor":9450,"gmtCreate":null,"gmtModified":null,"like_count":0,"content":"老祖宗的东西不得不信。。","anonymity":1,"any_name":"offer收割机","commentCount":null,"user":{"id":9450,"name":"U_897941658678","avatar_url":null},"isCommentLike":-5,"dislike_count":0},{"id":122688,"parent_id":31894,"type":1,"commentor":881,"gmtCreate":null,"gmtModified":null,"like_count":0,"content":"个人认为风水和唯物不冲突 风水也是唯物...三纲五常跟风水命理完全不一样...","anonymity":1,"any_name":"微积分","commentCount":null,"user":{"id":881,"name":"明天一定会早起","avatar_url":"http://test01-20200725.oss-cn-shenzhen.aliyuncs.com/image/1647250276351.jpg?Expires=1962610271&OSSAccessKeyId=LTAI4G5RL7pjavqASCwc42kR&Signature=GVEEMU%2BBoifUCu3nR%2FFAnmKAHc8%3D"},"isCommentLike":-5,"dislike_count":0},{"id":122648,"parent_id":122644,"type":2,"commentor":2139,"gmtCreate":null,"gmtModified":null,"like_count":0,"content":"那三纲五常也快点请回来吧，加速！","anonymity":0,"any_name":null,"commentCount":null,"user":{"id":2139,"name":"胜利牌杜松子酒","avatar_url":"http://test01-20200725.oss-cn-shenzhen.aliyuncs.com/image/1664416004324.jpg?Expires=1979775997&OSSAccessKeyId=LTAI4G5RL7pjavqASCwc42kR&Signature=Itcowd79GEjrEbvi36tlS2aDo6Q%3D"},"isCommentLike":-5,"dislike_count":0},{"id":122652,"parent_id":122648,"type":2,"commentor":9450,"gmtCreate":null,"gmtModified":null,"like_count":0,"content":"那为什么又有人相信四字演唱会摆阵呢？总之，我觉得是什么猎奇大家就想相信什么吧","anonymity":1,"any_name":"offer收割机","commentCount":null,"user":{"id":9450,"name":"U_897941658678","avatar_url":null},"isCommentLike":-5,"dislike_count":0},{"id":122653,"parent_id":122648,"type":2,"commentor":9450,"gmtCreate":null,"gmtModified":null,"like_count":0,"content":"没必要那么冲，朋友","anonymity":1,"any_name":"offer收割机","commentCount":null,"user":{"id":9450,"name":"U_897941658678","avatar_url":null},"isCommentLike":-5,"dislike_count":0},{"id":122818,"parent_id":122677,"type":2,"commentor":1887,"gmtCreate":null,"gmtModified":null,"like_count":0,"content":"真的要笑死了哈哈哈哈哈","anonymity":1,"any_name":"英国短毛猫","commentCount":null,"user":{"id":1887,"name":"I","avatar_url":"http://test01-20200725.oss-cn-shenzhen.aliyuncs.com/image/1650262442932.gif?Expires=1965622441&OSSAccessKeyId=LTAI4G5RL7pjavqASCwc42kR&Signature=5OPMm1zWBicaIbe%2FshMRrISWdZY%3D"},"isCommentLike":-5,"dislike_count":0}],"any_name":"六级词汇","relation":-2,"liked":-4,"anonymity":1,"dislike_count":0}