{"id":31969,"author":null,"author_avatar_url":null,"author_id":518,"author_status":1,"gmt_create":1658839322104,"gmt_modified":1658839322104,"content":"说件傻事：\n我小时候去厦门玩，回来的时候从海滩上带了几个贝壳回家当做纪念，结果放在抽屉放了几年后，长大的我才发现当年捡来的贝壳里，一半都是风干的口香糖，md","title":"说件傻事：\n我小时候去厦门玩，回来的时候从海滩上带了几个贝壳回家当做纪念，结果放在抽屉放了几年后，长大的我才发现当年捡来的贝壳里，一半都是风干的口香糖，md","description":"no description yet","like_count":17,"comment_count":6,"view_count":337,"type":"post","tag":"not tag yet","imageList":"","content_source":null,"comments":[{"id":123130,"parent_id":31969,"type":1,"commentor":2036,"gmtCreate":null,"gmtModified":null,"like_count":0,"content":"哈哈哈哈哈哈哈哈哈哈哈好可爱啊你","anonymity":1,"any_name":"咖哩鱼蛋","commentCount":null,"user":{"id":2036,"name":"知世","avatar_url":"https://thirdwx.qlogo.cn/mmopen/vi_32/Q0j4TwGTfTJQjKVbrlXzls1jUrWIlR2Ek4Elv8D4wgw83SVSCk0jysicoNWA6724hbLT2o2rJyAQsgWoASiaiaZNA/132"},"isCommentLike":-5,"dislike_count":0},{"id":123134,"parent_id":31969,"type":1,"commentor":9197,"gmtCreate":null,"gmtModified":null,"like_count":0,"content":"笑死我了 意思是当时很多游客喜欢用贝壳装口香糖渣然后回归自然","anonymity":1,"any_name":"皮卡丘","commentCount":null,"user":{"id":9197,"name":"U_80974165","avatar_url":null},"isCommentLike":-5,"dislike_count":0},{"id":123535,"parent_id":31969,"type":1,"commentor":3154,"gmtCreate":null,"gmtModified":null,"like_count":0,"content":"厦门人震惊！","anonymity":1,"any_name":"Redis设计与实现","commentCount":null,"user":{"id":3154,"name":"正常人","avatar_url":"http://test01-20200725.oss-cn-shenzhen.aliyuncs.com/image/1661787562911.jpg?Expires=1977147560&OSSAccessKeyId=LTAI4G5RL7pjavqASCwc42kR&Signature=63w8Wu599OpD0tptbr%2B3lt8e2YM%3D"},"isCommentLike":-5,"dislike_count":0},{"id":123132,"parent_id":123130,"type":2,"commentor":518,"gmtCreate":null,"gmtModified":null,"like_count":0,"content":"长大后一看就知道不对劲，不懂我爸妈怎么不告诉我还让我带回来的","anonymity":1,"any_name":"拱北吴彦祖","commentCount":null,"user":{"id":518,"name":"Carpe Diem","avatar_url":"https://thirdwx.qlogo.cn/mmopen/vi_32/boORqiaGxZHpFfgBa6Ztu9rng4c5iatxXK4pwtrgslfvBgd6ibH3X92yhiaazngicX9rG0LbgLTQBqhaW4PxBUicxsHg/132"},"isCommentLike":-5,"dislike_count":0},{"id":123136,"parent_id":123132,"type":2,"commentor":2036,"gmtCreate":null,"gmtModified":null,"like_count":0,"content":"哈哈哈哈哈哈哈哈哈哈爸妈无语","anonymity":1,"any_name":"咖哩鱼蛋","commentCount":null,"user":{"id":2036,"name":"知世","avatar_url":"https://thirdwx.qlogo.cn/mmopen/vi_32/Q0j4TwGTfTJQjKVbrlXzls1jUrWIlR2Ek4Elv8D4wgw83SVSCk0jysicoNWA6724hbLT2o2rJyAQsgWoASiaiaZNA/132"},"isCommentLike":-5,"dislike_count":0},{"id":123137,"parent_id":123134,"type":2,"commentor":518,"gmtCreate":null,"gmtModified":null,"like_count":0,"content":"没，就是纯粹的口香糖变硬块了，上面还有气孔，我当时没发现。。。","anonymity":1,"any_name":"拱北吴彦祖","commentCount":null,"user":{"id":518,"name":"Carpe Diem","avatar_url":"https://thirdwx.qlogo.cn/mmopen/vi_32/boORqiaGxZHpFfgBa6Ztu9rng4c5iatxXK4pwtrgslfvBgd6ibH3X92yhiaazngicX9rG0LbgLTQBqhaW4PxBUicxsHg/132"},"isCommentLike":-5,"dislike_count":0}],"any_name":"拱北吴彦祖","relation":-2,"liked":-4,"anonymity":1,"dislike_count":0}