{"id":31986,"author":null,"author_avatar_url":null,"author_id":9464,"author_status":1,"gmt_create":1658852656368,"gmt_modified":1658852656368,"content":"科大最好的专业是哪两个","title":"科大最好的专业是哪两个","description":"no description yet","like_count":0,"comment_count":8,"view_count":553,"type":"post","tag":"not tag yet","imageList":"","content_source":null,"comments":[{"id":123234,"parent_id":31986,"type":1,"commentor":501,"gmtCreate":null,"gmtModified":null,"like_count":6,"content":"it 医","anonymity":1,"any_name":"六级词汇","commentCount":null,"user":{"id":501,"name":"Simei","avatar_url":"https://thirdwx.qlogo.cn/mmopen/vi_32/Q0j4TwGTfTLLZ4cK3hXg1gtD8vc94NAx0VoJd98UvKPKlYQU2fHnkjtCSl70HGo47qTFHrHoKribTz6unwCQRBA/132"},"isCommentLike":-5,"dislike_count":0},{"id":123241,"parent_id":31986,"type":1,"commentor":1931,"gmtCreate":null,"gmtModified":null,"like_count":3,"content":"博雅商学 博雅服管","anonymity":1,"any_name":"老板","commentCount":null,"user":{"id":1931,"name":"momo","avatar_url":"https://thirdwx.qlogo.cn/mmopen/vi_32/Q3auHgzwzM7g5hhbvuLN4KlGiaQMC75SD3Jiaa5rJ6S34MvhpGhCLLiasJkibz6VLUQYxJltdpiaTQBGGjmEjM9KsTA/132"},"isCommentLike":-5,"dislike_count":0},{"id":123301,"parent_id":31986,"type":1,"commentor":9197,"gmtCreate":null,"gmtModified":null,"like_count":0,"content":"it和临床医学","anonymity":1,"any_name":"咖哩鱼蛋","commentCount":null,"user":{"id":9197,"name":"U_80974165","avatar_url":null},"isCommentLike":-5,"dislike_count":0},{"id":123250,"parent_id":123241,"type":2,"commentor":9174,"gmtCreate":null,"gmtModified":null,"like_count":0,"content":"老哥别酱","anonymity":1,"any_name":"允指原味鸡","commentCount":null,"user":{"id":9174,"name":"U_907231654308","avatar_url":null},"isCommentLike":-5,"dislike_count":0},{"id":123295,"parent_id":123241,"type":2,"commentor":509,"gmtCreate":null,"gmtModified":null,"like_count":0,"content":"？","anonymity":1,"any_name":"英国短毛猫","commentCount":null,"user":{"id":509,"name":"✨✨","avatar_url":"http://test01-20200725.oss-cn-shenzhen.aliyuncs.com/image/1658930465723.jpg?Expires=1974290457&OSSAccessKeyId=LTAI4G5RL7pjavqASCwc42kR&Signature=%2FmDPZ711YrIA9n5nSR%2BvS3u1jA8%3D"},"isCommentLike":-5,"dislike_count":0},{"id":123318,"parent_id":123241,"type":2,"commentor":6934,"gmtCreate":null,"gmtModified":null,"like_count":0,"content":"xswl","anonymity":1,"any_name":"珠海小天使","commentCount":null,"user":{"id":6934,"name":"U_255731650847","avatar_url":null},"isCommentLike":-5,"dislike_count":0},{"id":123345,"parent_id":123241,"type":2,"commentor":9158,"gmtCreate":null,"gmtModified":null,"like_count":0,"content":"典","anonymity":1,"any_name":"Redis设计与实现","commentCount":null,"user":{"id":9158,"name":"U_853931653986","avatar_url":null},"isCommentLike":-5,"dislike_count":0},{"id":123421,"parent_id":123241,"type":2,"commentor":1751,"gmtCreate":null,"gmtModified":null,"like_count":0,"content":"哈哈哈哈哈哈","anonymity":1,"any_name":"拱北快递员","commentCount":null,"user":{"id":1751,"name":"\uD83D\uDC1D\uD83D\uDC96\uD83D\uDD12\uD83D\uDC93","avatar_url":"http://test01-20200725.oss-cn-shenzhen.aliyuncs.com/image/1654747810230.jpg?Expires=1970107803&OSSAccessKeyId=LTAI4G5RL7pjavqASCwc42kR&Signature=KahWaPknZKH%2BMug469QddEs%2FSvI%3D"},"isCommentLike":-5,"dislike_count":0}],"any_name":"三鲜水饺","relation":-2,"liked":-4,"anonymity":1,"dislike_count":0}