{"id":32168,"author":null,"author_avatar_url":null,"author_id":1048,"author_status":1,"gmt_create":1659006740694,"gmt_modified":1659006740694,"content":"。","title":"。","description":"no description yet","like_count":0,"comment_count":8,"view_count":436,"type":"post","tag":"not tag yet","imageList":"http://test01-20200725.oss-cn-shenzhen.aliyuncs.com/image/1659006736727.jpg?Expires=1974366736&OSSAccessKeyId=LTAI4G5RL7pjavqASCwc42kR&Signature=tNEFzIDcolitkHIxy8lJsbwn2KA%3D","content_source":null,"comments":[{"id":124159,"parent_id":32168,"type":1,"commentor":604,"gmtCreate":null,"gmtModified":null,"like_count":11,"content":"撒谎不脸红","anonymity":1,"any_name":"咖哩鱼蛋","commentCount":null,"user":{"id":604,"name":"，，，，","avatar_url":"http://test01-20200725.oss-cn-shenzhen.aliyuncs.com/image/1631950746265.jpg?Expires=1947310739&OSSAccessKeyId=LTAI4G5RL7pjavqASCwc42kR&Signature=05c5Yh5RvG%2FIXvMEOsxW4D2eNkg%3D"},"isCommentLike":-5,"dislike_count":0},{"id":124158,"parent_id":32168,"type":1,"commentor":1055,"gmtCreate":null,"gmtModified":null,"like_count":8,"content":"热知识，唐山案不是暴恐性质","anonymity":0,"any_name":null,"commentCount":null,"user":{"id":1055,"name":"道德真空小伯纳","avatar_url":"http://test01-20200725.oss-cn-shenzhen.aliyuncs.com/image/1645783266362.jpg?Expires=1961143260&OSSAccessKeyId=LTAI4G5RL7pjavqASCwc42kR&Signature=m4OZ%2FDIwoOmPCN8doRVCqjZdMO8%3D"},"isCommentLike":-5,"dislike_count":0},{"id":124154,"parent_id":32168,"type":1,"commentor":1683,"gmtCreate":null,"gmtModified":null,"like_count":7,"content":"主要原因之一是把新疆西藏管住了。08年打砸抢的时候街上行人人手一张报纸讨论，现在已经过去14年了，那时10后还没出生。","anonymity":1,"any_name":"多喝热水","commentCount":null,"user":{"id":1683,"name":"Rarity","avatar_url":"http://test01-20200725.oss-cn-shenzhen.aliyuncs.com/image/1661566204106.jpg?Expires=1976926200&OSSAccessKeyId=LTAI4G5RL7pjavqASCwc42kR&Signature=bkV9B%2FZEWNKBsMo%2BJxR0xngtBvI%3D"},"isCommentLike":-5,"dislike_count":0},{"id":124157,"parent_id":32168,"type":1,"commentor":366,"gmtCreate":null,"gmtModified":null,"like_count":1,"content":"\uD83C\uDF6C⛰️之后还有安全感吗","anonymity":1,"any_name":"网瘾少年","commentCount":null,"user":{"id":366,"name":"和美女貼貼","avatar_url":"http://test01-20200725.oss-cn-shenzhen.aliyuncs.com/image/1663142907319.jpg?Expires=1978502904&OSSAccessKeyId=LTAI4G5RL7pjavqASCwc42kR&Signature=1JLyARGxgfYdi61y0XPh%2BQZidcE%3D"},"isCommentLike":-5,"dislike_count":0},{"id":124182,"parent_id":32168,"type":1,"commentor":3549,"gmtCreate":null,"gmtModified":null,"like_count":1,"content":"ts事件之前我也这么认为","anonymity":0,"any_name":null,"commentCount":null,"user":{"id":3549,"name":"已经…没有海星了","avatar_url":"http://test01-20200725.oss-cn-shenzhen.aliyuncs.com/image/1655657384672.jpg?Expires=1971017376&OSSAccessKeyId=LTAI4G5RL7pjavqASCwc42kR&Signature=VulKD1KTsmBSVHOYsJXv9AfFh9A%3D"},"isCommentLike":-5,"dislike_count":0},{"id":124155,"parent_id":124154,"type":2,"commentor":1683,"gmtCreate":null,"gmtModified":null,"like_count":0,"content":"而经历过90年代车匪路霸+严打的7080后，当然会因为唐山打人案上热搜而感到惊讶。","anonymity":1,"any_name":"多喝热水","commentCount":null,"user":{"id":1683,"name":"Rarity","avatar_url":"http://test01-20200725.oss-cn-shenzhen.aliyuncs.com/image/1661566204106.jpg?Expires=1976926200&OSSAccessKeyId=LTAI4G5RL7pjavqASCwc42kR&Signature=bkV9B%2FZEWNKBsMo%2BJxR0xngtBvI%3D"},"isCommentLike":-5,"dislike_count":0},{"id":124161,"parent_id":124158,"type":2,"commentor":1683,"gmtCreate":null,"gmtModified":null,"like_count":0,"content":"可是它明明就杀死了中国2亿青少年网民的灵魂（）","anonymity":0,"any_name":null,"commentCount":null,"user":{"id":1683,"name":"Rarity","avatar_url":"http://test01-20200725.oss-cn-shenzhen.aliyuncs.com/image/1661566204106.jpg?Expires=1976926200&OSSAccessKeyId=LTAI4G5RL7pjavqASCwc42kR&Signature=bkV9B%2FZEWNKBsMo%2BJxR0xngtBvI%3D"},"isCommentLike":-5,"dislike_count":0},{"id":124169,"parent_id":124158,"type":2,"commentor":1753,"gmtCreate":null,"gmtModified":null,"like_count":0,"content":"唐山人说这种事在唐山司空见惯\uD83D\uDE02所以你仔细想想，细思恐极","anonymity":1,"any_name":"葡挞","commentCount":null,"user":{"id":1753,"name":"礼堂测码中心","avatar_url":"http://test01-20200725.oss-cn-shenzhen.aliyuncs.com/image/1664193891349.jpg?Expires=1979553887&OSSAccessKeyId=LTAI4G5RL7pjavqASCwc42kR&Signature=JQWDS%2F90raIRZKKisocdzF63wes%3D"},"isCommentLike":-5,"dislike_count":0}],"any_name":"出前一丁","relation":-2,"liked":-4,"anonymity":1,"dislike_count":0}