{"id":32241,"author":null,"author_avatar_url":null,"author_id":3145,"author_status":1,"gmt_create":1659087712322,"gmt_modified":1659087712322,"content":"我21级的 jrm有没有人知道这个是什么意思呀","title":"我21级的 jrm有没有人知道这个是什么意思呀","description":"no description yet","like_count":1,"comment_count":4,"view_count":343,"type":"post","tag":"not tag yet","imageList":"http://test01-20200725.oss-cn-shenzhen.aliyuncs.com/image/1659087657257.jpg?Expires=1974447653&OSSAccessKeyId=LTAI4G5RL7pjavqASCwc42kR&Signature=2sUoFBADKc5YRgHGwGc4dGqt6OU%3D","content_source":null,"comments":[{"id":124610,"parent_id":32241,"type":1,"commentor":9197,"gmtCreate":null,"gmtModified":null,"like_count":1,"content":"没意思呀 学习计划就是和选课有关的 不影响","anonymity":1,"any_name":"Redis设计与实现","commentCount":null,"user":{"id":9197,"name":"U_80974165","avatar_url":null},"isCommentLike":-5,"dislike_count":0},{"id":124630,"parent_id":32241,"type":1,"commentor":673,"gmtCreate":null,"gmtModified":null,"like_count":0,"content":"就是19年9月更新并一直沿用到现在的学习计划","anonymity":0,"any_name":null,"commentCount":null,"user":{"id":673,"name":"江浙沪混血酷Girl","avatar_url":"http://test01-20200725.oss-cn-shenzhen.aliyuncs.com/image/1655819531248.jpg?Expires=1971179522&OSSAccessKeyId=LTAI4G5RL7pjavqASCwc42kR&Signature=OKb%2Bew33ZQ5ENen29Fcl56nwibM%3D"},"isCommentLike":-5,"dislike_count":0},{"id":124702,"parent_id":124610,"type":2,"commentor":3145,"gmtCreate":null,"gmtModified":null,"like_count":0,"content":"好的谢谢！！","anonymity":1,"any_name":"内卷狂魔","commentCount":null,"user":{"id":3145,"name":"U_486741642837","avatar_url":"http://test01-20200725.oss-cn-shenzhen.aliyuncs.com/image/1644465873075.jpg?Expires=1959825871&OSSAccessKeyId=LTAI4G5RL7pjavqASCwc42kR&Signature=crpUOl41j3%2BXo9GJCvi%2B0YJ3giU%3D"},"isCommentLike":-5,"dislike_count":0},{"id":124703,"parent_id":124630,"type":2,"commentor":3145,"gmtCreate":null,"gmtModified":null,"like_count":0,"content":"谢谢！！","anonymity":1,"any_name":"内卷狂魔","commentCount":null,"user":{"id":3145,"name":"U_486741642837","avatar_url":"http://test01-20200725.oss-cn-shenzhen.aliyuncs.com/image/1644465873075.jpg?Expires=1959825871&OSSAccessKeyId=LTAI4G5RL7pjavqASCwc42kR&Signature=crpUOl41j3%2BXo9GJCvi%2B0YJ3giU%3D"},"isCommentLike":-5,"dislike_count":0}],"any_name":"内卷狂魔","relation":-2,"liked":-4,"anonymity":1,"dislike_count":0}