{"id":32304,"author":null,"author_avatar_url":null,"author_id":754,"author_status":1,"gmt_create":1659173152312,"gmt_modified":1659173152312,"content":"学校玩树洞的人很多吗？不会翻来覆去都是一批人吧","title":"学校玩树洞的人很多吗？不会翻来覆去都是一批人吧","description":"no description yet","like_count":1,"comment_count":4,"view_count":308,"type":"post","tag":"not tag yet","imageList":"","content_source":null,"comments":[{"id":124998,"parent_id":32304,"type":1,"commentor":270,"gmtCreate":null,"gmtModified":null,"like_count":2,"content":"是一批人。所以前上一批帖子一起撕逼的人在下一篇帖子可能互相点赞呢。","anonymity":1,"any_name":"允指原味鸡","commentCount":null,"user":{"id":270,"name":"蛆奇味蝻瓜饼","avatar_url":"http://test01-20200725.oss-cn-shenzhen.aliyuncs.com/image/1660746251527.jpg?Expires=1976106242&OSSAccessKeyId=LTAI4G5RL7pjavqASCwc42kR&Signature=wxKGSngs19HSbuL3DpNT%2BQ%2BIzxU%3D"},"isCommentLike":-5,"dislike_count":0},{"id":124992,"parent_id":32304,"type":1,"commentor":85,"gmtCreate":null,"gmtModified":null,"like_count":0,"content":"感觉似乎是的 还有不少朋友不知道树洞","anonymity":0,"any_name":null,"commentCount":null,"user":{"id":85,"name":"Anne漪（撒欢放假版","avatar_url":"https://thirdwx.qlogo.cn/mmopen/vi_32/boORqiaGxZHpFfgBa6Ztu9pm6KmCpPwDOTSW3u7Mn5Fl9Y7YNt7vLjWP8ShwCAicpCPFj65czgoLwMQGUsQhO02w/132"},"isCommentLike":-5,"dislike_count":0},{"id":124995,"parent_id":32304,"type":1,"commentor":1778,"gmtCreate":null,"gmtModified":null,"like_count":0,"content":"但是感觉也不少","anonymity":1,"any_name":"葡挞","commentCount":null,"user":{"id":1778,"name":"小青柠汁","avatar_url":"http://test01-20200725.oss-cn-shenzhen.aliyuncs.com/image/1659628760089.jpg?Expires=1974988754&OSSAccessKeyId=LTAI4G5RL7pjavqASCwc42kR&Signature=WSH5CfLgf1KNIcKkqWX%2BiidvhtE%3D"},"isCommentLike":-5,"dislike_count":0},{"id":125009,"parent_id":32304,"type":1,"commentor":1683,"gmtCreate":null,"gmtModified":null,"like_count":0,"content":"你感觉多是因为很多人根本不是科大学生","anonymity":1,"any_name":"大潭山车队","commentCount":null,"user":{"id":1683,"name":"Rarity","avatar_url":"http://test01-20200725.oss-cn-shenzhen.aliyuncs.com/image/1661566204106.jpg?Expires=1976926200&OSSAccessKeyId=LTAI4G5RL7pjavqASCwc42kR&Signature=bkV9B%2FZEWNKBsMo%2BJxR0xngtBvI%3D"},"isCommentLike":-5,"dislike_count":0}],"any_name":"哥斯拉","relation":-2,"liked":-4,"anonymity":1,"dislike_count":0}