{"id":3234,"author":null,"author_avatar_url":null,"author_id":1169,"author_status":1,"gmt_create":1635254818577,"gmt_modified":1635254818577,"content":"今天无敌感谢晚上在学校球场帮我的好人们（崴脚了），真的，科大就是好人多，好人一生平安，一夜暴富，真的多谢.","title":"今天无敌感谢晚上在学校球场帮我的好人们（崴脚了），真的，科大就是好人多，好人一生平安，一夜暴富，真的多谢.","description":"no description yet","like_count":9,"comment_count":0,"view_count":24,"type":"post","tag":"not tag yet","imageList":"","content_source":null,"comments":null,"any_name":"六级词汇","relation":-2,"liked":-4,"anonymity":1,"dislike_count":0}