{"id":32353,"author":null,"author_avatar_url":null,"author_id":1749,"author_status":1,"gmt_create":1659233397044,"gmt_modified":1659233397044,"content":"话说我们学校实习有那种学校专门的实习证明模板吗","title":"话说我们学校实习有那种学校专门的实习证明模板吗","description":"no description yet","like_count":0,"comment_count":17,"view_count":297,"type":"post","tag":"not tag yet","imageList":"","content_source":null,"comments":[{"id":125266,"parent_id":32353,"type":1,"commentor":1535,"gmtCreate":null,"gmtModified":null,"like_count":5,"content":"有实习鉴定表","anonymity":1,"any_name":"老板","commentCount":null,"user":{"id":1535,"name":"L1","avatar_url":"http://test01-20200725.oss-cn-shenzhen.aliyuncs.com/image/1665746996924.jpg?Expires=1981106992&OSSAccessKeyId=LTAI4G5RL7pjavqASCwc42kR&Signature=GlDWf%2FYFomZfpVzvTV3kkTcbiIo%3D"},"isCommentLike":-5,"dislike_count":0},{"id":125342,"parent_id":32353,"type":1,"commentor":2865,"gmtCreate":null,"gmtModified":null,"like_count":0,"content":"同求实习证明模版","anonymity":0,"any_name":null,"commentCount":null,"user":{"id":2865,"name":"无昵称","avatar_url":null},"isCommentLike":-5,"dislike_count":0},{"id":125269,"parent_id":125266,"type":2,"commentor":2015,"gmtCreate":null,"gmtModified":null,"like_count":0,"content":"求","anonymity":0,"any_name":null,"commentCount":null,"user":{"id":2015,"name":"腿毛多","avatar_url":"http://test01-20200725.oss-cn-shenzhen.aliyuncs.com/image/1662058836104.jpg?Expires=1977418836&OSSAccessKeyId=LTAI4G5RL7pjavqASCwc42kR&Signature=w0t3AHdQMmbyjVZausc%2FrO9nY6E%3D"},"isCommentLike":-5,"dislike_count":0},{"id":125275,"parent_id":125266,"type":2,"commentor":262,"gmtCreate":null,"gmtModified":null,"like_count":0,"content":"请问这个是官网上能找到吗","anonymity":1,"any_name":"拉面小路","commentCount":null,"user":{"id":262,"name":"清禾","avatar_url":"https://thirdwx.qlogo.cn/mmopen/vi_32/vibNyAtFicrC7CWQB4siadoQRX5QObMaK29iatolcT6c3lEXBJzkkVia2UzKaZHFWqdjiac5LmWwS5uXyvfuWFcFHWcQ/132"},"isCommentLike":-5,"dislike_count":0},{"id":125307,"parent_id":125266,"type":2,"commentor":992,"gmtCreate":null,"gmtModified":null,"like_count":0,"content":"同求","anonymity":1,"any_name":"允指原味鸡","commentCount":null,"user":{"id":992,"name":"啵鸭","avatar_url":"http://test01-20200725.oss-cn-shenzhen.aliyuncs.com/image/1665479739137.jpg?Expires=1980839735&OSSAccessKeyId=LTAI4G5RL7pjavqASCwc42kR&Signature=%2BQTbVVGtv6dwA%2B12CUcF%2FquWUtA%3D"},"isCommentLike":-5,"dislike_count":0},{"id":125325,"parent_id":125275,"type":2,"commentor":1535,"gmtCreate":null,"gmtModified":null,"like_count":0,"content":"我是人文的…人文是有的 如果你们不是我也无能为力了\uD83D\uDE22","anonymity":1,"any_name":"老板","commentCount":null,"user":{"id":1535,"name":"L1","avatar_url":"http://test01-20200725.oss-cn-shenzhen.aliyuncs.com/image/1665746996924.jpg?Expires=1981106992&OSSAccessKeyId=LTAI4G5RL7pjavqASCwc42kR&Signature=GlDWf%2FYFomZfpVzvTV3kkTcbiIo%3D"},"isCommentLike":-5,"dislike_count":0},{"id":125328,"parent_id":125307,"type":2,"commentor":1535,"gmtCreate":null,"gmtModified":null,"like_count":0,"content":"是人文的吗 我只有人文的…","anonymity":1,"any_name":"老板","commentCount":null,"user":{"id":1535,"name":"L1","avatar_url":"http://test01-20200725.oss-cn-shenzhen.aliyuncs.com/image/1665746996924.jpg?Expires=1981106992&OSSAccessKeyId=LTAI4G5RL7pjavqASCwc42kR&Signature=GlDWf%2FYFomZfpVzvTV3kkTcbiIo%3D"},"isCommentLike":-5,"dislike_count":0},{"id":125329,"parent_id":125269,"type":2,"commentor":1535,"gmtCreate":null,"gmtModified":null,"like_count":0,"content":"看看是不是人文的","anonymity":1,"any_name":"老板","commentCount":null,"user":{"id":1535,"name":"L1","avatar_url":"http://test01-20200725.oss-cn-shenzhen.aliyuncs.com/image/1665746996924.jpg?Expires=1981106992&OSSAccessKeyId=LTAI4G5RL7pjavqASCwc42kR&Signature=GlDWf%2FYFomZfpVzvTV3kkTcbiIo%3D"},"isCommentLike":-5,"dislike_count":0},{"id":125343,"parent_id":125325,"type":2,"commentor":262,"gmtCreate":null,"gmtModified":null,"like_count":0,"content":"好 谢谢 俺不是人文的\uD83E\uDD72","anonymity":1,"any_name":"拉面小路","commentCount":null,"user":{"id":262,"name":"清禾","avatar_url":"https://thirdwx.qlogo.cn/mmopen/vi_32/vibNyAtFicrC7CWQB4siadoQRX5QObMaK29iatolcT6c3lEXBJzkkVia2UzKaZHFWqdjiac5LmWwS5uXyvfuWFcFHWcQ/132"},"isCommentLike":-5,"dislike_count":0},{"id":125345,"parent_id":125325,"type":2,"commentor":1012,"gmtCreate":null,"gmtModified":null,"like_count":0,"content":"求人文的啊啊啊啊啊\uD83D\uDE2D","anonymity":1,"any_name":"沊仔刘亦菲","commentCount":null,"user":{"id":1012,"name":"Jennifer33","avatar_url":"https://thirdwx.qlogo.cn/mmopen/vi_32/J1wVmmFiacfvFL7NibYiafa7fsXBiaVicrHPgdibkVe1QuJoZG9ibgKlNibhic2wUEWmkNqKlrscUuwNgcqdLbDVVJoicrRg/132"},"isCommentLike":-5,"dislike_count":0},{"id":125353,"parent_id":125345,"type":2,"commentor":1535,"gmtCreate":null,"gmtModified":null,"like_count":0,"content":"这个怎么私聊啊 你点赞我然后我找你？","anonymity":1,"any_name":"老板","commentCount":null,"user":{"id":1535,"name":"L1","avatar_url":"http://test01-20200725.oss-cn-shenzhen.aliyuncs.com/image/1665746996924.jpg?Expires=1981106992&OSSAccessKeyId=LTAI4G5RL7pjavqASCwc42kR&Signature=GlDWf%2FYFomZfpVzvTV3kkTcbiIo%3D"},"isCommentLike":-5,"dislike_count":0},{"id":125387,"parent_id":125328,"type":2,"commentor":6235,"gmtCreate":null,"gmtModified":null,"like_count":0,"content":"同求！人文的\uD83D\uDE2D","anonymity":1,"any_name":"水箭龟","commentCount":null,"user":{"id":6235,"name":"U237466839","avatar_url":null},"isCommentLike":-5,"dislike_count":0},{"id":125391,"parent_id":125387,"type":2,"commentor":1535,"gmtCreate":null,"gmtModified":null,"like_count":0,"content":"你点赞我吧","anonymity":1,"any_name":"老板","commentCount":null,"user":{"id":1535,"name":"L1","avatar_url":"http://test01-20200725.oss-cn-shenzhen.aliyuncs.com/image/1665746996924.jpg?Expires=1981106992&OSSAccessKeyId=LTAI4G5RL7pjavqASCwc42kR&Signature=GlDWf%2FYFomZfpVzvTV3kkTcbiIo%3D"},"isCommentLike":-5,"dislike_count":0},{"id":125413,"parent_id":125353,"type":2,"commentor":1012,"gmtCreate":null,"gmtModified":null,"like_count":0,"content":"我赞啦！～谢谢","anonymity":1,"any_name":"沊仔刘亦菲","commentCount":null,"user":{"id":1012,"name":"Jennifer33","avatar_url":"https://thirdwx.qlogo.cn/mmopen/vi_32/J1wVmmFiacfvFL7NibYiafa7fsXBiaVicrHPgdibkVe1QuJoZG9ibgKlNibhic2wUEWmkNqKlrscUuwNgcqdLbDVVJoicrRg/132"},"isCommentLike":-5,"dislike_count":0},{"id":127486,"parent_id":125266,"type":2,"commentor":2866,"gmtCreate":null,"gmtModified":null,"like_count":0,"content":"赞你啦 求一个人文的模板\uD83D\uDE4F\uD83D\uDE4F\uD83D\uDE4F","anonymity":0,"any_name":null,"commentCount":null,"user":{"id":2866,"name":"無語","avatar_url":"http://test01-20200725.oss-cn-shenzhen.aliyuncs.com/image/1644504008406.jpeg?Expires=1959864005&OSSAccessKeyId=LTAI4G5RL7pjavqASCwc42kR&Signature=8WZo%2Bn2ntbUJ5ZA3vibFBtQan8w%3D"},"isCommentLike":-5,"dislike_count":0},{"id":128853,"parent_id":125266,"type":2,"commentor":873,"gmtCreate":null,"gmtModified":null,"like_count":0,"content":"同求","anonymity":1,"any_name":"奥利奥","commentCount":null,"user":{"id":873,"name":"l  ᴗ  ly","avatar_url":"https://thirdwx.qlogo.cn/mmopen/vi_32/Q0j4TwGTfTLpP23oJxIZ1X5zRKQV0mGgiaicxIfP8F7PEAV2ia3qY7ibLLSVVK2WROghBf7S79BdczH2Wb8bnHWvCg/132"},"isCommentLike":-5,"dislike_count":0},{"id":130084,"parent_id":125266,"type":2,"commentor":874,"gmtCreate":null,"gmtModified":null,"like_count":0,"content":"可以求求实习模板吗","anonymity":1,"any_name":"六级词汇","commentCount":null,"user":{"id":874,"name":"gckvkd","avatar_url":"https://thirdwx.qlogo.cn/mmopen/vi_32/DYAIOgq83epDh1Bopbf2ybZw3YMnbmq5KH9v3acQvFllEib2zhjHRB6ynkyfcnMKyPWPwjQq5T4DgDcGkVsNpDg/132"},"isCommentLike":-5,"dislike_count":0}],"any_name":"珠海小天使","relation":-2,"liked":-4,"anonymity":1,"dislike_count":0}