{"id":32538,"author":null,"author_avatar_url":null,"author_id":643,"author_status":1,"gmt_create":1659370581870,"gmt_modified":1659370581870,"content":"有机会和台湾的一个女生聊过，还很年轻，刚二十，她和我说过她的想法\n她说她对大陆其实没什么感情，她更在乎自己的生活，比如她不喜欢我们的健康系统，为什么未成年人打游戏都要被限制。比如她不喜欢压力过于大的学习生活。比如她们很多台湾女生都传言说，大陆有的男人说台湾女孩子特别天真好骗随便可以骗上床。\n只是说出来，提供一个不一样的视角。\n那个女生是打游戏认识的，现在关系也还很好，她平时会担心一些不一样的目光，不太暴露她是那里的人，她说等以后有能力了再来大陆来找我们玩儿。","title":"有机会和台湾的一个女生聊过，还很年轻，刚二十，她和我说过她的想法\n她说她对大陆其实没什么感情，她更在乎自己的生活，比如她不喜欢我们的健康系统，为什么未成年人打游戏都要被限","description":"no description yet","like_count":7,"comment_count":9,"view_count":621,"type":"post","tag":"not tag yet","imageList":"","content_source":null,"comments":[{"id":126153,"parent_id":32538,"type":1,"commentor":2139,"gmtCreate":null,"gmtModified":null,"like_count":7,"content":"台湾人民的这种情绪也是可以理解的，梧桐台湾或许真的不是最优解，战争和生活方式的剧变必将给当地人民带来苦难，而大陆也将背负各个方面的压力。或许两岸达成稳固的、共识性的和平协议妥善的处理主权与分治的关系，然后将两岸的种种差别交给历史去消化解决会是比较好的选择，但显然两边政治环境都不会允许这样理想化的选项…","anonymity":0,"any_name":null,"commentCount":null,"user":{"id":2139,"name":"胜利牌杜松子酒","avatar_url":"http://test01-20200725.oss-cn-shenzhen.aliyuncs.com/image/1664416004324.jpg?Expires=1979775997&OSSAccessKeyId=LTAI4G5RL7pjavqASCwc42kR&Signature=Itcowd79GEjrEbvi36tlS2aDo6Q%3D"},"isCommentLike":-5,"dislike_count":0},{"id":126144,"parent_id":32538,"type":1,"commentor":9152,"gmtCreate":null,"gmtModified":null,"like_count":4,"content":"给你另一个视角 台湾校园暴力很严重 虽然他们的升学制度可以让所有人都读得上书 但是除了头部的几家好学校 后面的学校全是二流子 小蓝鸟上面玩多人的学生数不胜数 要是台湾女生真的都那么单纯就好噜","anonymity":1,"any_name":"Kelly","commentCount":null,"user":{"id":9152,"name":"U_753161653901","avatar_url":null},"isCommentLike":-5,"dislike_count":0},{"id":126157,"parent_id":126153,"type":2,"commentor":5107,"gmtCreate":null,"gmtModified":null,"like_count":0,"content":"两岸受到的教育也不一样，我们无法强迫台湾人民接受我们的意识形态，大家认知里的历史都存在一定的缺陷，并且大家的生活方式和行为习惯也有诸多差异，梧桐台湾即便在土地上获得了统治权，但是无法获得人心","anonymity":1,"any_name":"Tom","commentCount":null,"user":{"id":5107,"name":"北京智障疗养所刘主任","avatar_url":"http://test01-20200725.oss-cn-shenzhen.aliyuncs.com/image/1660154476908.jpg?Expires=1975514475&OSSAccessKeyId=LTAI4G5RL7pjavqASCwc42kR&Signature=12vGc93U4Q1Ksub1iUHarkK9qGc%3D"},"isCommentLike":-5,"dislike_count":0},{"id":126163,"parent_id":126157,"type":2,"commentor":2139,"gmtCreate":null,"gmtModified":null,"like_count":0,"content":"但从另一方面来讲，历史既存在政治建构的成分，又有客观的不以人的意志为转移的客观部分，没有任何历史事实可以为台湾独立自决提供法理依据，对面真要触及到主权问题，人心要素不可能起到决定性作用。至于意识形态问题，大陆方面还是内部先搞清楚自己到底信的是个什么主义，再想办法对外输出比较好…","anonymity":0,"any_name":null,"commentCount":null,"user":{"id":2139,"name":"胜利牌杜松子酒","avatar_url":"http://test01-20200725.oss-cn-shenzhen.aliyuncs.com/image/1664416004324.jpg?Expires=1979775997&OSSAccessKeyId=LTAI4G5RL7pjavqASCwc42kR&Signature=Itcowd79GEjrEbvi36tlS2aDo6Q%3D"},"isCommentLike":-5,"dislike_count":0},{"id":126166,"parent_id":126163,"type":2,"commentor":5107,"gmtCreate":null,"gmtModified":null,"like_count":0,"content":"无比认同","anonymity":1,"any_name":"Tom","commentCount":null,"user":{"id":5107,"name":"北京智障疗养所刘主任","avatar_url":"http://test01-20200725.oss-cn-shenzhen.aliyuncs.com/image/1660154476908.jpg?Expires=1975514475&OSSAccessKeyId=LTAI4G5RL7pjavqASCwc42kR&Signature=12vGc93U4Q1Ksub1iUHarkK9qGc%3D"},"isCommentLike":-5,"dislike_count":0},{"id":126181,"parent_id":126144,"type":2,"commentor":310,"gmtCreate":null,"gmtModified":null,"like_count":0,"content":"蓝鸟上湾湾是真的玩得花。。","anonymity":1,"any_name":"布偶猫","commentCount":null,"user":{"id":310,"name":"momo","avatar_url":"https://thirdwx.qlogo.cn/mmopen/vi_32/Q3auHgzwzM41p6OicT6aadKXqffRm2f6eOsgxDjFy2ZaebAjoJwHRuic6ic4qOKALzFvlratJLlvZNccDnQgbyWLg/132"},"isCommentLike":-5,"dislike_count":0},{"id":126190,"parent_id":126153,"type":2,"commentor":1753,"gmtCreate":null,"gmtModified":null,"like_count":0,"content":"放心，姥爷们比谁都清楚。梧桐后，瑞士银行的钱和国外的生意将化为泡影。姥爷们还是很为自己的二代、三代们考虑的。","anonymity":1,"any_name":"哈士奇","commentCount":null,"user":{"id":1753,"name":"礼堂测码中心","avatar_url":"http://test01-20200725.oss-cn-shenzhen.aliyuncs.com/image/1664193891349.jpg?Expires=1979553887&OSSAccessKeyId=LTAI4G5RL7pjavqASCwc42kR&Signature=JQWDS%2F90raIRZKKisocdzF63wes%3D"},"isCommentLike":-5,"dislike_count":0},{"id":126204,"parent_id":126181,"type":2,"commentor":9152,"gmtCreate":null,"gmtModified":null,"like_count":0,"content":"反正有些人就只愿意看到他们觉得美好的一面咯","anonymity":1,"any_name":"鸡蛋仔","commentCount":null,"user":{"id":9152,"name":"U_753161653901","avatar_url":null},"isCommentLike":-5,"dislike_count":0},{"id":126214,"parent_id":126204,"type":2,"commentor":643,"gmtCreate":null,"gmtModified":null,"like_count":0,"content":"我不知道你在针对那一方面，我没有提及那个女孩子不知道的大陆生活便利发展迅速，因为这是我们在这里讨论我们大都明白这种便利。很多时候这种视角只能从一个普通的角度，因为大部分人都是普通人。但是我并不希望有很多人都是带着偏见看别人的。","anonymity":1,"any_name":"摆烂到底","commentCount":null,"user":{"id":643,"name":"脾气超级差","avatar_url":"http://test01-20200725.oss-cn-shenzhen.aliyuncs.com/image/1658825259833.jpg?Expires=1974185254&OSSAccessKeyId=LTAI4G5RL7pjavqASCwc42kR&Signature=cVqDAV6c37qT%2FyCkpGnFEKtS3TU%3D"},"isCommentLike":-5,"dislike_count":0}],"any_name":"内卷狂魔","relation":-2,"liked":-4,"anonymity":1,"dislike_count":0}