{"id":32580,"author":null,"author_avatar_url":null,"author_id":604,"author_status":1,"gmt_create":1659418183726,"gmt_modified":1659418183726,"content":"在酒店实习了解到 几乎所有的连锁酒店都有保留房间，这些房间是不录入系统的，普通人也订不到，以备不时之需\n就算有网友在平台上把台北君悦所有的房间都订光 ，酒店实际上还有空房","title":"在酒店实习了解到 几乎所有的连锁酒店都有保留房间，这些房间是不录入系统的，普通人也订不到，以备不时之需\n就算有网友在平台上把台北君悦所有的房间都订光 ，酒店实际上还有空房","description":"no description yet","like_count":5,"comment_count":6,"view_count":432,"type":"post","tag":"not tag yet","imageList":"","content_source":null,"comments":[{"id":126291,"parent_id":32580,"type":1,"commentor":430,"gmtCreate":null,"gmtModified":null,"like_count":2,"content":"成功暴露自己在哪实习哈哈哈哈哈哈哈哈 肯定会这样的","anonymity":1,"any_name":"Redis设计与实现","commentCount":null,"user":{"id":430,"name":"deserveW","avatar_url":"http://test01-20200725.oss-cn-shenzhen.aliyuncs.com/image/1663647322237.jpg?Expires=1979007335&OSSAccessKeyId=LTAI4G5RL7pjavqASCwc42kR&Signature=L5wGFgOcR80aUzlkmEOY3X7aCJs%3D"},"isCommentLike":-5,"dislike_count":0},{"id":126302,"parent_id":32580,"type":1,"commentor":1300,"gmtCreate":null,"gmtModified":null,"like_count":2,"content":"是的啊 这一点老师上课都也提到过的 嘿嘿 你成功暴露自己上课没认真听","anonymity":1,"any_name":"人生的智慧","commentCount":null,"user":{"id":1300,"name":"momo","avatar_url":"https://thirdwx.qlogo.cn/mmopen/vi_32/Q3auHgzwzM7CGtMib0fLpiacnFCIV4p4fOQq7YJFnq1qz3Rib80wFzy3bQgCZJ8zbY0YpiciakLNOuK69UMKfibj3lwg/132"},"isCommentLike":-5,"dislike_count":0},{"id":126292,"parent_id":32580,"type":1,"commentor":1753,"gmtCreate":null,"gmtModified":null,"like_count":1,"content":"是的，酒店永远有专门留着的豪华总统套房","anonymity":1,"any_name":"Kelly","commentCount":null,"user":{"id":1753,"name":"礼堂测码中心","avatar_url":"http://test01-20200725.oss-cn-shenzhen.aliyuncs.com/image/1664193891349.jpg?Expires=1979553887&OSSAccessKeyId=LTAI4G5RL7pjavqASCwc42kR&Signature=JQWDS%2F90raIRZKKisocdzF63wes%3D"},"isCommentLike":-5,"dislike_count":0},{"id":126317,"parent_id":32580,"type":1,"commentor":9197,"gmtCreate":null,"gmtModified":null,"like_count":0,"content":"这个不是常识吗","anonymity":1,"any_name":"拉面小路","commentCount":null,"user":{"id":9197,"name":"U_80974165","avatar_url":null},"isCommentLike":-5,"dislike_count":0},{"id":126305,"parent_id":126302,"type":2,"commentor":604,"gmtCreate":null,"gmtModified":null,"like_count":0,"content":"不是酒管专业的\uD83D\uDE02","anonymity":1,"any_name":"哈士奇","commentCount":null,"user":{"id":604,"name":"，，，，","avatar_url":"http://test01-20200725.oss-cn-shenzhen.aliyuncs.com/image/1631950746265.jpg?Expires=1947310739&OSSAccessKeyId=LTAI4G5RL7pjavqASCwc42kR&Signature=05c5Yh5RvG%2FIXvMEOsxW4D2eNkg%3D"},"isCommentLike":-5,"dislike_count":0},{"id":126318,"parent_id":126317,"type":2,"commentor":604,"gmtCreate":null,"gmtModified":null,"like_count":0,"content":"显然很多网友不知道这个常识","anonymity":1,"any_name":"哈士奇","commentCount":null,"user":{"id":604,"name":"，，，，","avatar_url":"http://test01-20200725.oss-cn-shenzhen.aliyuncs.com/image/1631950746265.jpg?Expires=1947310739&OSSAccessKeyId=LTAI4G5RL7pjavqASCwc42kR&Signature=05c5Yh5RvG%2FIXvMEOsxW4D2eNkg%3D"},"isCommentLike":-5,"dislike_count":0}],"any_name":"哈士奇","relation":-2,"liked":-4,"anonymity":1,"dislike_count":0}