{"id":32646,"author":null,"author_avatar_url":null,"author_id":1192,"author_status":1,"gmt_create":1659452536970,"gmt_modified":1659452536970,"content":"“我们拭目以待”\n  已经强烈谴责。 我们胜利了","title":"“我们拭目以待”\n  已经强烈谴责。 我们胜利了","description":"no description yet","like_count":2,"comment_count":3,"view_count":234,"type":"post","tag":"not tag yet","imageList":"","content_source":null,"comments":[{"id":126576,"parent_id":32646,"type":1,"commentor":2139,"gmtCreate":null,"gmtModified":null,"like_count":4,"content":"强烈谴责的，踏过红线的，不可容忍的，拭目以待的，勿谓言之不预的","anonymity":0,"any_name":null,"commentCount":null,"user":{"id":2139,"name":"胜利牌杜松子酒","avatar_url":"http://test01-20200725.oss-cn-shenzhen.aliyuncs.com/image/1664416004324.jpg?Expires=1979775997&OSSAccessKeyId=LTAI4G5RL7pjavqASCwc42kR&Signature=Itcowd79GEjrEbvi36tlS2aDo6Q%3D"},"isCommentLike":-5,"dislike_count":0},{"id":126572,"parent_id":32646,"type":1,"commentor":1558,"gmtCreate":null,"gmtModified":null,"like_count":0,"content":"中国国际形象又一次大跌 哎","anonymity":1,"any_name":"微积分","commentCount":null,"user":{"id":1558,"name":"怩","avatar_url":"https://thirdwx.qlogo.cn/mmopen/vi_32/Q0j4TwGTfTJBvPcSyLZ1FNvYkoGX8cCEH9Z2MXbOL74tGpcJuwbxYITO88uia2YDWTbaVgKbLSfyRzmSKThIfFw/132"},"isCommentLike":-5,"dislike_count":0},{"id":126583,"parent_id":32646,"type":1,"commentor":9127,"gmtCreate":null,"gmtModified":null,"like_count":0,"content":"灵活底线懂不懂啊","anonymity":1,"any_name":"英国短毛猫","commentCount":null,"user":{"id":9127,"name":"方尊正","avatar_url":null},"isCommentLike":-5,"dislike_count":0}],"any_name":"Anton","relation":-2,"liked":-4,"anonymity":1,"dislike_count":0}