{"id":32703,"author":null,"author_avatar_url":null,"author_id":2127,"author_status":1,"gmt_create":1659494272802,"gmt_modified":1659494272802,"content":"你们会跟身边的人说8964  文革 大跃进的事情吗","title":"你们会跟身边的人说8964  文革 大跃进的事情吗","description":"no description yet","like_count":1,"comment_count":14,"view_count":447,"type":"post","tag":"not tag yet","imageList":"","content_source":null,"comments":[{"id":126763,"parent_id":32703,"type":1,"commentor":881,"gmtCreate":null,"gmtModified":null,"like_count":8,"content":"不会 尽量避免跟身边人议论政治","anonymity":1,"any_name":"六级词汇","commentCount":null,"user":{"id":881,"name":"明天一定会早起","avatar_url":"http://test01-20200725.oss-cn-shenzhen.aliyuncs.com/image/1647250276351.jpg?Expires=1962610271&OSSAccessKeyId=LTAI4G5RL7pjavqASCwc42kR&Signature=GVEEMU%2BBoifUCu3nR%2FFAnmKAHc8%3D"},"isCommentLike":-5,"dislike_count":0},{"id":126784,"parent_id":32703,"type":1,"commentor":1727,"gmtCreate":null,"gmtModified":null,"like_count":5,"content":"会，但是分人，立场过于偏激的就算了","anonymity":1,"any_name":"鸡蛋仔","commentCount":null,"user":{"id":1727,"name":"葉泓荃","avatar_url":"https://thirdwx.qlogo.cn/mmopen/vi_32/n7yGP9Xwbic9FO8n1mFdR6F4RsVGYxWYpggnNGFibLEAeDUBsoT4e04jZpp2pmBKkfBDQ943PkjNpLibxYXmQLeKA/132"},"isCommentLike":-5,"dislike_count":0},{"id":126767,"parent_id":32703,"type":1,"commentor":2139,"gmtCreate":null,"gmtModified":null,"like_count":4,"content":"会，而且会深入探讨，具体追究历史责任。","anonymity":0,"any_name":null,"commentCount":null,"user":{"id":2139,"name":"胜利牌杜松子酒","avatar_url":"http://test01-20200725.oss-cn-shenzhen.aliyuncs.com/image/1664416004324.jpg?Expires=1979775997&OSSAccessKeyId=LTAI4G5RL7pjavqASCwc42kR&Signature=Itcowd79GEjrEbvi36tlS2aDo6Q%3D"},"isCommentLike":-5,"dislike_count":0},{"id":126764,"parent_id":32703,"type":1,"commentor":5770,"gmtCreate":null,"gmtModified":null,"like_count":1,"content":"你是没上过历史课么。。","anonymity":1,"any_name":"允指原味鸡","commentCount":null,"user":{"id":5770,"name":"U_856671648800","avatar_url":null},"isCommentLike":-5,"dislike_count":0},{"id":126765,"parent_id":32703,"type":1,"commentor":950,"gmtCreate":null,"gmtModified":null,"like_count":1,"content":"不会 下一个","anonymity":1,"any_name":"珠海小天使","commentCount":null,"user":{"id":950,"name":"嘉心糖今天吃什么","avatar_url":"http://test01-20200725.oss-cn-shenzhen.aliyuncs.com/image/1653601697278.gif?Expires=1968961688&OSSAccessKeyId=LTAI4G5RL7pjavqASCwc42kR&Signature=MJ1wFoThzUSd5vemDHpVKNWnCcA%3D"},"isCommentLike":-5,"dislike_count":0},{"id":126786,"parent_id":32703,"type":1,"commentor":1521,"gmtCreate":null,"gmtModified":null,"like_count":1,"content":"大舉報時代 真敢隨便交流嗎","anonymity":1,"any_name":"阿拉斯加猪","commentCount":null,"user":{"id":1521,"name":"Garrrrrry\uD83D\uDE48","avatar_url":"https://thirdwx.qlogo.cn/mmopen/vi_32/j0lsQuAcewLNr1UtV5iaelBt8YPbOg71WAYR84iblnlDejns2mzdjwH48YhtrU6YmbUTBIZ628MnhcF3ZTqFNicOQ/132"},"isCommentLike":-5,"dislike_count":0},{"id":126795,"parent_id":32703,"type":1,"commentor":393,"gmtCreate":null,"gmtModified":null,"like_count":1,"content":"不会，应该知道的都知道了，这种可以继续探讨，不知道的知道也没用。","anonymity":1,"any_name":"沊仔刘亦菲","commentCount":null,"user":{"id":393,"name":"nbbcslm","avatar_url":"http://test01-20200725.oss-cn-shenzhen.aliyuncs.com/image/1666616582987.jpg?Expires=1981976576&OSSAccessKeyId=LTAI4G5RL7pjavqASCwc42kR&Signature=HXLjg9zoo9RipDnZDEZYHaxqqsU%3D"},"isCommentLike":-5,"dislike_count":0},{"id":126796,"parent_id":32703,"type":1,"commentor":604,"gmtCreate":null,"gmtModified":null,"like_count":1,"content":"关系好的会","anonymity":1,"any_name":"布偶猫","commentCount":null,"user":{"id":604,"name":"，，，，","avatar_url":"http://test01-20200725.oss-cn-shenzhen.aliyuncs.com/image/1631950746265.jpg?Expires=1947310739&OSSAccessKeyId=LTAI4G5RL7pjavqASCwc42kR&Signature=05c5Yh5RvG%2FIXvMEOsxW4D2eNkg%3D"},"isCommentLike":-5,"dislike_count":0},{"id":126791,"parent_id":32703,"type":1,"commentor":85,"gmtCreate":null,"gmtModified":null,"like_count":0,"content":"不会 历史不好","anonymity":0,"any_name":null,"commentCount":null,"user":{"id":85,"name":"Anne漪（撒欢放假版","avatar_url":"https://thirdwx.qlogo.cn/mmopen/vi_32/boORqiaGxZHpFfgBa6Ztu9pm6KmCpPwDOTSW3u7Mn5Fl9Y7YNt7vLjWP8ShwCAicpCPFj65czgoLwMQGUsQhO02w/132"},"isCommentLike":-5,"dislike_count":0},{"id":126805,"parent_id":32703,"type":1,"commentor":166,"gmtCreate":null,"gmtModified":null,"like_count":0,"content":"不会 玩游戏都没时间还谈什么政治历史 我只是一个粗鄙没有见识没有学问的没有追求的普通人 谈这些好像让我在复习历史政治一样痛苦","anonymity":0,"any_name":null,"commentCount":null,"user":{"id":166,"name":"蜜桃乌龙辰","avatar_url":"http://test01-20200725.oss-cn-shenzhen.aliyuncs.com/image/1648811943142.jpeg?Expires=1964171933&OSSAccessKeyId=LTAI4G5RL7pjavqASCwc42kR&Signature=zLMV1yAVlaNtqjUfhFB4s0PL%2F28%3D"},"isCommentLike":-5,"dislike_count":0},{"id":126826,"parent_id":32703,"type":1,"commentor":2514,"gmtCreate":null,"gmtModified":null,"like_count":0,"content":"高中老师和我们讨论过（全国前部分的高中）","anonymity":0,"any_name":null,"commentCount":null,"user":{"id":2514,"name":"哀是涛的球迷","avatar_url":null},"isCommentLike":-5,"dislike_count":0},{"id":126831,"parent_id":32703,"type":1,"commentor":2866,"gmtCreate":null,"gmtModified":null,"like_count":0,"content":"不会，我没有文革方面的爱好。","anonymity":1,"any_name":"皮卡丘","commentCount":null,"user":{"id":2866,"name":"無語","avatar_url":"http://test01-20200725.oss-cn-shenzhen.aliyuncs.com/image/1644504008406.jpeg?Expires=1959864005&OSSAccessKeyId=LTAI4G5RL7pjavqASCwc42kR&Signature=8WZo%2Bn2ntbUJ5ZA3vibFBtQan8w%3D"},"isCommentLike":-5,"dislike_count":0},{"id":126873,"parent_id":126764,"type":2,"commentor":968,"gmtCreate":null,"gmtModified":null,"like_count":0,"content":"不要只听胜利者书写的历史叭","anonymity":0,"any_name":null,"commentCount":null,"user":{"id":968,"name":"点心","avatar_url":"http://test01-20200725.oss-cn-shenzhen.aliyuncs.com/image/1666407216112.jpg?Expires=1981767212&OSSAccessKeyId=LTAI4G5RL7pjavqASCwc42kR&Signature=RA3MHzvpJqlZ%2BS6bLSLZvJ3PffI%3D"},"isCommentLike":-5,"dislike_count":0},{"id":127973,"parent_id":126873,"type":2,"commentor":5770,"gmtCreate":null,"gmtModified":null,"like_count":0,"content":"墙外也没觉得有啥不同，真有啥大料还需要炒作新疆么？","anonymity":1,"any_name":"允指原味鸡","commentCount":null,"user":{"id":5770,"name":"U_856671648800","avatar_url":null},"isCommentLike":-5,"dislike_count":0}],"any_name":"水箭龟","relation":-2,"liked":-4,"anonymity":1,"dislike_count":0}