{"id":32892,"author":null,"author_avatar_url":null,"author_id":186,"author_status":1,"gmt_create":1659658176539,"gmt_modified":1659658176539,"content":"有家人知道在哪里看社团学姐 秘密教学 富家女姐姐这种韩漫吗 我帮一个网红姐姐做助理工作 她想拍韩漫穿搭但是我真的不懂这方面\uD83D\uDE2D找不到漫画资源","title":"有家人知道在哪里看社团学姐 秘密教学 富家女姐姐这种韩漫吗 我帮一个网红姐姐做助理工作 她想拍韩漫穿搭但是我真的不懂这方面\uD83D\uDE2D找不到漫画资源","description":"no description yet","like_count":0,"comment_count":5,"view_count":245,"type":"post","tag":"not tag yet","imageList":"","content_source":null,"comments":[{"id":127470,"parent_id":32892,"type":1,"commentor":1020,"gmtCreate":null,"gmtModified":null,"like_count":1,"content":"我超，这不是本子吗（（","anonymity":1,"any_name":"Anton","commentCount":null,"user":{"id":1020,"name":"哄哄","avatar_url":"https://thirdwx.qlogo.cn/mmopen/vi_32/Q3auHgzwzM5ZTqJsXnVaUuYmgT4xchy1a8abynTRI7IbgTSp0BlKWDbmfdVcny2Zx1roHIwtbKYibgq4bgPgofg/132"},"isCommentLike":-5,"dislike_count":0},{"id":127469,"parent_id":32892,"type":1,"commentor":2866,"gmtCreate":null,"gmtModified":null,"like_count":0,"content":"podo。也可以看一些汉化组这里推荐柠月。","anonymity":0,"any_name":null,"commentCount":null,"user":{"id":2866,"name":"無語","avatar_url":"http://test01-20200725.oss-cn-shenzhen.aliyuncs.com/image/1644504008406.jpeg?Expires=1959864005&OSSAccessKeyId=LTAI4G5RL7pjavqASCwc42kR&Signature=8WZo%2Bn2ntbUJ5ZA3vibFBtQan8w%3D"},"isCommentLike":-5,"dislike_count":0},{"id":127471,"parent_id":32892,"type":1,"commentor":1020,"gmtCreate":null,"gmtModified":null,"like_count":0,"content":"建议随便下个漫画软件，拉到韩国分类找找看（","anonymity":1,"any_name":"Anton","commentCount":null,"user":{"id":1020,"name":"哄哄","avatar_url":"https://thirdwx.qlogo.cn/mmopen/vi_32/Q3auHgzwzM5ZTqJsXnVaUuYmgT4xchy1a8abynTRI7IbgTSp0BlKWDbmfdVcny2Zx1roHIwtbKYibgq4bgPgofg/132"},"isCommentLike":-5,"dislike_count":0},{"id":127473,"parent_id":32892,"type":1,"commentor":1643,"gmtCreate":null,"gmtModified":null,"like_count":0,"content":"bikabika","anonymity":1,"any_name":"出前一丁","commentCount":null,"user":{"id":1643,"name":"AzumaSeren","avatar_url":"http://test01-20200725.oss-cn-shenzhen.aliyuncs.com/image/1640343054381.jpg?Expires=1955703051&OSSAccessKeyId=LTAI4G5RL7pjavqASCwc42kR&Signature=xobDWi9M3LD6ddEZU8hK4WJH1i8%3D"},"isCommentLike":-5,"dislike_count":0},{"id":127516,"parent_id":127470,"type":2,"commentor":186,"gmtCreate":null,"gmtModified":null,"like_count":0,"content":"所以怎么看呀\uD83D\uDE2D\uD83D\uDE2D","anonymity":1,"any_name":"珠海小天使","commentCount":null,"user":{"id":186,"name":"哄哄","avatar_url":"https://thirdwx.qlogo.cn/mmopen/vi_32/Q3auHgzwzM6FlWWX47uibZUVbNHxS35uPCoXC35foGw1PPdbb2FmYQofGGCwewRoqKRd78icMB5ASoxbiaEm0eDQQ/132"},"isCommentLike":-5,"dislike_count":0}],"any_name":"珠海小天使","relation":-2,"liked":-4,"anonymity":1,"dislike_count":0}