{"id":33000,"author":null,"author_avatar_url":null,"author_id":154,"author_status":1,"gmt_create":1659721379213,"gmt_modified":1659721379213,"content":"棕榈大道怎么样","title":"棕榈大道怎么样","description":"no description yet","like_count":0,"comment_count":3,"view_count":193,"type":"post","tag":"not tag yet","imageList":"","content_source":null,"comments":[{"id":127863,"parent_id":33000,"type":1,"commentor":501,"gmtCreate":null,"gmtModified":null,"like_count":0,"content":"漏！！！！！！！","anonymity":1,"any_name":"offer收割机","commentCount":null,"user":{"id":501,"name":"Simei","avatar_url":"https://thirdwx.qlogo.cn/mmopen/vi_32/Q0j4TwGTfTLLZ4cK3hXg1gtD8vc94NAx0VoJd98UvKPKlYQU2fHnkjtCSl70HGo47qTFHrHoKribTz6unwCQRBA/132"},"isCommentLike":-5,"dislike_count":0},{"id":127914,"parent_id":127863,"type":2,"commentor":154,"gmtCreate":null,"gmtModified":null,"like_count":0,"content":"是被坑过吗","anonymity":1,"any_name":"Tom","commentCount":null,"user":{"id":154,"name":"辛勒正","avatar_url":"https://thirdwx.qlogo.cn/mmopen/vi_32/dWx8QYK6vuNf75V8CAXdXVccqgSPllIb2LCZEz9vEn8medYU3aickOxMJKH3kKb3n5ibMfQf7ZvvHbVHkfjHhiarw/132"},"isCommentLike":-5,"dislike_count":0},{"id":128053,"parent_id":127914,"type":2,"commentor":501,"gmtCreate":null,"gmtModified":null,"like_count":0,"content":"不专业还爱吹牛还爱pua，可能是因为我的专业比较小众，找了一个相关但是差别很大的专业来指导我，还说我不懂的他们老师的好 我真是吐了","anonymity":1,"any_name":"offer收割机","commentCount":null,"user":{"id":501,"name":"Simei","avatar_url":"https://thirdwx.qlogo.cn/mmopen/vi_32/Q0j4TwGTfTLLZ4cK3hXg1gtD8vc94NAx0VoJd98UvKPKlYQU2fHnkjtCSl70HGo47qTFHrHoKribTz6unwCQRBA/132"},"isCommentLike":-5,"dislike_count":0}],"any_name":"Tom","relation":-2,"liked":-4,"anonymity":1,"dislike_count":0}