{"id":33112,"author":null,"author_avatar_url":null,"author_id":3287,"author_status":1,"gmt_create":1659865754191,"gmt_modified":1659865754191,"content":"如图","title":"如图","description":"no description yet","like_count":1,"comment_count":5,"view_count":311,"type":"post","tag":"not tag yet","imageList":"http://test01-20200725.oss-cn-shenzhen.aliyuncs.com/image/1659865745720.jpg?Expires=1975225743&OSSAccessKeyId=LTAI4G5RL7pjavqASCwc42kR&Signature=U%2BaUgKcgqmDDYnntNmbq43i1ZlY%3D","content_source":null,"comments":[{"id":128361,"parent_id":33112,"type":1,"commentor":1521,"gmtCreate":null,"gmtModified":null,"like_count":4,"content":"\uD83D\uDE05不夠錢了這是","anonymity":0,"any_name":null,"commentCount":null,"user":{"id":1521,"name":"Garrrrrry\uD83D\uDE48","avatar_url":"https://thirdwx.qlogo.cn/mmopen/vi_32/j0lsQuAcewLNr1UtV5iaelBt8YPbOg71WAYR84iblnlDejns2mzdjwH48YhtrU6YmbUTBIZ628MnhcF3ZTqFNicOQ/132"},"isCommentLike":-5,"dislike_count":0},{"id":128359,"parent_id":33112,"type":1,"commentor":1062,"gmtCreate":null,"gmtModified":null,"like_count":2,"content":"滚啊\uD83D\uDE21","anonymity":1,"any_name":"沊仔刘亦菲","commentCount":null,"user":{"id":1062,"name":"momo","avatar_url":"https://thirdwx.qlogo.cn/mmopen/vi_32/Q3auHgzwzM5WsMiasg91IkaYg8ra40zunSvm15wgEbV09nmcMjiayIPI6kB2ajIaRTeUBawOTEk4qpadDAGCFAoQ/132"},"isCommentLike":-5,"dislike_count":0},{"id":128387,"parent_id":33112,"type":1,"commentor":9399,"gmtCreate":null,"gmtModified":null,"like_count":2,"content":"上学怎么办….","anonymity":1,"any_name":"英国短毛猫","commentCount":null,"user":{"id":9399,"name":"广州谢霆锋","avatar_url":"http://test01-20200725.oss-cn-shenzhen.aliyuncs.com/image/1658308246788.jpg?Expires=1973668242&OSSAccessKeyId=LTAI4G5RL7pjavqASCwc42kR&Signature=DmcoYDDoJYfXXN8EjW3VyotQq%2B4%3D"},"isCommentLike":-5,"dislike_count":0},{"id":128388,"parent_id":33112,"type":1,"commentor":1030,"gmtCreate":null,"gmtModified":null,"like_count":2,"content":"赚麻了","anonymity":1,"any_name":"offer收割机","commentCount":null,"user":{"id":1030,"name":"123","avatar_url":"https://thirdwx.qlogo.cn/mmopen/vi_32/Smk8O2z6R0icvg8tkqibbVKraxvIu5n9iaHeD0RHJUQm7ygiaOiauUsyETK96ZdS9rDIiaozYUo8rMa1EcM8fBdHibj4w/132"},"isCommentLike":-5,"dislike_count":0},{"id":128370,"parent_id":33112,"type":1,"commentor":1025,"gmtCreate":null,"gmtModified":null,"like_count":1,"content":"自费完成，，有病吧","anonymity":1,"any_name":"哥斯拉","commentCount":null,"user":{"id":1025,"name":"R_t","avatar_url":"https://thirdwx.qlogo.cn/mmopen/vi_32/sBJGEvylut78j3YCXXia4dULI3LrOicTuoHjR5f5pYxL94EWknlw1Z8ia0NGtDibhGpSmdfUtZQFfpZgbia8VYe1iaxQ/132"},"isCommentLike":-5,"dislike_count":0}],"any_name":"允指原味鸡","relation":-2,"liked":-4,"anonymity":1,"dislike_count":0}