{"id":33407,"author":null,"author_avatar_url":null,"author_id":144,"author_status":1,"gmt_create":1660131048139,"gmt_modified":1660131048139,"content":"挂一个人、、三重身份是吧\uD83D\uDE05大二工管/大二博雅/港城硕士会计？影之分身术都不敢这么玩的吧任佳妮同学？大家避雷一下，也可以说说她还有什么新身份\uD83E\uDD17\uD83E\uDD17","title":"挂一个人、、三重身份是吧\uD83D\uDE05大二工管/大二博雅/港城硕士会计？影之分身术都不敢这么玩的吧任佳妮同学？大家避雷一下，也可以说说她还有什么新身份\uD83E\uDD17\uD83E\uDD17","description":"no description yet","like_count":3,"comment_count":10,"view_count":795,"type":"post","tag":"not tag yet","imageList":"http://test01-20200725.oss-cn-shenzhen.aliyuncs.com/image/1660130904728.jpg?Expires=1975490900&OSSAccessKeyId=LTAI4G5RL7pjavqASCwc42kR&Signature=V%2FtukBTSHZdLv2ZfPp%2FN29E8C9g%3D","content_source":null,"comments":[{"id":129602,"parent_id":33407,"type":1,"commentor":9533,"gmtCreate":null,"gmtModified":null,"like_count":1,"content":"她加了我，我说你别到处加了，她把我删了…无语\uD83D\uDE13","anonymity":1,"any_name":"咖哩鱼蛋","commentCount":null,"user":{"id":9533,"name":"U_138996","avatar_url":"http://test01-20200725.oss-cn-shenzhen.aliyuncs.com/image/1660397763175.jpg?Expires=1975757761&OSSAccessKeyId=LTAI4G5RL7pjavqASCwc42kR&Signature=q7gmRhEKnhDuJvXJWVI6MbmqJww%3D"},"isCommentLike":-5,"dislike_count":0},{"id":129574,"parent_id":33407,"type":1,"commentor":1227,"gmtCreate":null,"gmtModified":null,"like_count":0,"content":"谢谢，我也加了，马上删","anonymity":1,"any_name":"亚古兽","commentCount":null,"user":{"id":1227,"name":"你必須熱愛點什麼比如我","avatar_url":"https://thirdwx.qlogo.cn/mmopen/vi_32/bmcNeH4nAFBZXicTrsnADIZuxTmlm3Jvficjn1lcicvBaxIicGavZlicJJEQ68bgRnJl37mJsSxArcdQqV8vjVVvuiaQ/132"},"isCommentLike":-5,"dislike_count":0},{"id":129583,"parent_id":33407,"type":1,"commentor":9367,"gmtCreate":null,"gmtModified":null,"like_count":0,"content":"这是我们学校的吗","anonymity":1,"any_name":"阿拉斯加猪","commentCount":null,"user":{"id":9367,"name":"xxxxx","avatar_url":null},"isCommentLike":-5,"dislike_count":0},{"id":129584,"parent_id":33407,"type":1,"commentor":1535,"gmtCreate":null,"gmtModified":null,"like_count":0,"content":"好精彩 有点想加一下\uD83D\uDE04","anonymity":1,"any_name":"珠海小天使","commentCount":null,"user":{"id":1535,"name":"L1","avatar_url":"http://test01-20200725.oss-cn-shenzhen.aliyuncs.com/image/1665746996924.jpg?Expires=1981106992&OSSAccessKeyId=LTAI4G5RL7pjavqASCwc42kR&Signature=GlDWf%2FYFomZfpVzvTV3kkTcbiIo%3D"},"isCommentLike":-5,"dislike_count":0},{"id":129592,"parent_id":33407,"type":1,"commentor":9400,"gmtCreate":null,"gmtModified":null,"like_count":0,"content":"她有加我 但是我不认识她 在一个群里加我的…………有点尬","anonymity":1,"any_name":"微积分","commentCount":null,"user":{"id":9400,"name":"绿崽o3o","avatar_url":null},"isCommentLike":-5,"dislike_count":0},{"id":129606,"parent_id":33407,"type":1,"commentor":2866,"gmtCreate":null,"gmtModified":null,"like_count":0,"content":"不见得是我们学校的","anonymity":1,"any_name":"哈士奇","commentCount":null,"user":{"id":2866,"name":"無語","avatar_url":"http://test01-20200725.oss-cn-shenzhen.aliyuncs.com/image/1644504008406.jpeg?Expires=1959864005&OSSAccessKeyId=LTAI4G5RL7pjavqASCwc42kR&Signature=8WZo%2Bn2ntbUJ5ZA3vibFBtQan8w%3D"},"isCommentLike":-5,"dislike_count":0},{"id":129712,"parent_id":33407,"type":1,"commentor":2982,"gmtCreate":null,"gmtModified":null,"like_count":0,"content":"也加我了，说是博雅的","anonymity":1,"any_name":"内卷狂魔","commentCount":null,"user":{"id":2982,"name":"FTW","avatar_url":"http://test01-20200725.oss-cn-shenzhen.aliyuncs.com/image/1656438242558.jpg?Expires=1971798239&OSSAccessKeyId=LTAI4G5RL7pjavqASCwc42kR&Signature=xQAD6SfFXMaeAJJFKHCm8%2F733h0%3D"},"isCommentLike":-5,"dislike_count":0},{"id":129593,"parent_id":129592,"type":2,"commentor":9400,"gmtCreate":null,"gmtModified":null,"like_count":0,"content":"和我说的是大二博雅","anonymity":1,"any_name":"微积分","commentCount":null,"user":{"id":9400,"name":"绿崽o3o","avatar_url":null},"isCommentLike":-5,"dislike_count":0},{"id":129594,"parent_id":129592,"type":2,"commentor":5845,"gmtCreate":null,"gmtModified":null,"like_count":0,"content":"她也是在一个群里加的我…好尬…她和我说是工管大二的……","anonymity":1,"any_name":"葡挞","commentCount":null,"user":{"id":5845,"name":"U_251671648913","avatar_url":null},"isCommentLike":-5,"dislike_count":0},{"id":129624,"parent_id":129606,"type":2,"commentor":144,"gmtCreate":null,"gmtModified":null,"like_count":0,"content":"肯定是打广告之类的","anonymity":1,"any_name":"和味牛杂","commentCount":null,"user":{"id":144,"name":"专杀小人","avatar_url":"https://thirdwx.qlogo.cn/mmopen/vi_32/GmAxRWEib3ZpiaKz68A1WdRYEozeytEtVHJVcficOqNmaxIXqZzTKs0UWmWAiaIsUB8rUbu2LHjD4fhpwzSVz8gfrg/132"},"isCommentLike":-5,"dislike_count":0}],"any_name":"和味牛杂","relation":-2,"liked":-4,"anonymity":1,"dislike_count":0}