{"id":33542,"author":null,"author_avatar_url":null,"author_id":713,"author_status":1,"gmt_create":1660200295700,"gmt_modified":1660200295700,"content":"续签通行证要拍照吗","title":"续签通行证要拍照吗","description":"no description yet","like_count":1,"comment_count":4,"view_count":167,"type":"post","tag":"not tag yet","imageList":"","content_source":null,"comments":[{"id":130245,"parent_id":33542,"type":1,"commentor":5763,"gmtCreate":null,"gmtModified":null,"like_count":0,"content":"不用吧","anonymity":0,"any_name":null,"commentCount":null,"user":{"id":5763,"name":"卤肉饭","avatar_url":"http://test01-20200725.oss-cn-shenzhen.aliyuncs.com/image/1652551463573.jpg?Expires=1967911459&OSSAccessKeyId=LTAI4G5RL7pjavqASCwc42kR&Signature=3lprhOA6xuagfL9AIyKXsn6dntM%3D"},"isCommentLike":-5,"dislike_count":0},{"id":130250,"parent_id":33542,"type":1,"commentor":920,"gmtCreate":null,"gmtModified":null,"like_count":0,"content":"不用","anonymity":1,"any_name":"大潭山车队","commentCount":null,"user":{"id":920,"name":"逮咪大户","avatar_url":"https://thirdwx.qlogo.cn/mmopen/vi_32/2t4n5D8ozBp4us2EzRI33HXPGS6H1EBvUr0rY6akxcBriaeGvoILZr1JJbuF0ZGLeicSuUIWkeXWZOiahQnPQ9RXQ/132"},"isCommentLike":-5,"dislike_count":0},{"id":130261,"parent_id":33542,"type":1,"commentor":950,"gmtCreate":null,"gmtModified":null,"like_count":0,"content":"我上次续拍了","anonymity":1,"any_name":"拱北快递员","commentCount":null,"user":{"id":950,"name":"嘉心糖今天吃什么","avatar_url":"http://test01-20200725.oss-cn-shenzhen.aliyuncs.com/image/1653601697278.gif?Expires=1968961688&OSSAccessKeyId=LTAI4G5RL7pjavqASCwc42kR&Signature=MJ1wFoThzUSd5vemDHpVKNWnCcA%3D"},"isCommentLike":-5,"dislike_count":0},{"id":130262,"parent_id":33542,"type":1,"commentor":2141,"gmtCreate":null,"gmtModified":null,"like_count":0,"content":"不用","anonymity":1,"any_name":"芋圆奶茶","commentCount":null,"user":{"id":2141,"name":"bug","avatar_url":"http://test01-20200725.oss-cn-shenzhen.aliyuncs.com/image/1650615494333.jpg?Expires=1965975487&OSSAccessKeyId=LTAI4G5RL7pjavqASCwc42kR&Signature=uUNxFaXSqIq4Mu9vaMs8wHoI1%2FI%3D"},"isCommentLike":-5,"dislike_count":0}],"any_name":"允指原味鸡","relation":-2,"liked":-4,"anonymity":1,"dislike_count":0}