{"id":33779,"author":null,"author_avatar_url":null,"author_id":9513,"author_status":1,"gmt_create":1660304849263,"gmt_modified":1660304849263,"content":"澳门的雅思要提前多久报名啊","title":"澳门的雅思要提前多久报名啊","description":"no description yet","like_count":1,"comment_count":1,"view_count":166,"type":"post","tag":"not tag yet","imageList":"","content_source":null,"comments":[{"id":131322,"parent_id":33779,"type":1,"commentor":4501,"gmtCreate":null,"gmtModified":null,"like_count":0,"content":"感觉一个月就能报上","anonymity":1,"any_name":"拉面小路","commentCount":null,"user":{"id":4501,"name":"h i","avatar_url":"http://test01-20200725.oss-cn-shenzhen.aliyuncs.com/image/1661616915844.jpg?Expires=1976976914&OSSAccessKeyId=LTAI4G5RL7pjavqASCwc42kR&Signature=v7btMYJbuDCoWwPh9oDjkXU8ipY%3D"},"isCommentLike":-5,"dislike_count":0}],"any_name":"皮卡丘","relation":-2,"liked":-4,"anonymity":1,"dislike_count":0}