{"id":33780,"author":null,"author_avatar_url":null,"author_id":1369,"author_status":1,"gmt_create":1660305178083,"gmt_modified":1660305178083,"content":"国标准备什么鞋比较舒服啊","title":"国标准备什么鞋比较舒服啊","description":"no description yet","like_count":1,"comment_count":3,"view_count":253,"type":"post","tag":"not tag yet","imageList":"","content_source":null,"comments":[{"id":131320,"parent_id":33780,"type":1,"commentor":8638,"gmtCreate":null,"gmtModified":null,"like_count":0,"content":"拉丁鞋！高跟细跟","anonymity":1,"any_name":"水箭龟","commentCount":null,"user":{"id":8638,"name":"U_743441652958","avatar_url":null},"isCommentLike":-5,"dislike_count":0},{"id":131327,"parent_id":33780,"type":1,"commentor":1841,"gmtCreate":null,"gmtModified":null,"like_count":0,"content":"穿拖鞋去的，期末c-","anonymity":1,"any_name":"皮卡丘","commentCount":null,"user":{"id":1841,"name":"二号玩家","avatar_url":"http://test01-20200725.oss-cn-shenzhen.aliyuncs.com/image/1660980405940.png?Expires=1976340401&OSSAccessKeyId=LTAI4G5RL7pjavqASCwc42kR&Signature=Orawv2RdymeRBfYcGi%2B9QXVNdC8%3D"},"isCommentLike":-5,"dislike_count":0},{"id":131334,"parent_id":33780,"type":1,"commentor":1265,"gmtCreate":null,"gmtModified":null,"like_count":0,"content":"如果是选修正常运动鞋什么的都行","anonymity":1,"any_name":"奥利奥","commentCount":null,"user":{"id":1265,"name":"chang\uD83D\uDC95","avatar_url":"https://thirdwx.qlogo.cn/mmopen/vi_32/Fg57ZcRbE3JZ701yqqbhmTOFgkyCMwxHNUNaJFLAazBv1kMwCN1zKIInNuMK9bL0l65Woo4HkJpL7tx6fAZRyA/132"},"isCommentLike":-5,"dislike_count":0}],"any_name":"Kelly","relation":-2,"liked":-4,"anonymity":1,"dislike_count":0}