{"id":33796,"author":null,"author_avatar_url":null,"author_id":2932,"author_status":1,"gmt_create":1660312262420,"gmt_modified":1660312262420,"content":"请问大家找中介申请美国学校都收多少中介费啊？\uD83D\uDC42\uD83C\uDFFB","title":"请问大家找中介申请美国学校都收多少中介费啊？\uD83D\uDC42\uD83C\uDFFB","description":"no description yet","like_count":1,"comment_count":8,"view_count":333,"type":"post","tag":"not tag yet","imageList":"","content_source":null,"comments":[{"id":131368,"parent_id":33796,"type":1,"commentor":867,"gmtCreate":null,"gmtModified":null,"like_count":1,"content":"7w","anonymity":1,"any_name":"芋圆奶茶","commentCount":null,"user":{"id":867,"name":"Polaris.","avatar_url":"https://thirdwx.qlogo.cn/mmopen/vi_32/DYAIOgq83eo9vicDlk5fcbK9b2icw5oFYCzAne1R1fia4Oiaibya50sUVJruUmahdGo17UNrok1wiarZNRgKz2OJxdhg/132"},"isCommentLike":-5,"dislike_count":0},{"id":131375,"parent_id":33796,"type":1,"commentor":1397,"gmtCreate":null,"gmtModified":null,"like_count":1,"content":"5w","anonymity":1,"any_name":"沊仔刘亦菲","commentCount":null,"user":{"id":1397,"name":"南加州的水果酒","avatar_url":"https://thirdwx.qlogo.cn/mmopen/vi_32/DyqPD7iaQcQWd3npX4BJyPQllyLwvvyrpbk7Du0yPVBgcI1Yaib03ribXLvib77YKtzmXKtn0BPAvx2d9AGcgr6Igg/132"},"isCommentLike":-5,"dislike_count":0},{"id":131378,"parent_id":33796,"type":1,"commentor":9354,"gmtCreate":null,"gmtModified":null,"like_count":1,"content":"8w","anonymity":0,"any_name":null,"commentCount":null,"user":{"id":9354,"name":"U_180961658055","avatar_url":null},"isCommentLike":-5,"dislike_count":0},{"id":131369,"parent_id":131368,"type":2,"commentor":2932,"gmtCreate":null,"gmtModified":null,"like_count":0,"content":"好贵哦感觉","anonymity":1,"any_name":"四川麻辣烫","commentCount":null,"user":{"id":2932,"name":"U_10631642175","avatar_url":null},"isCommentLike":-5,"dislike_count":0},{"id":131370,"parent_id":131369,"type":2,"commentor":867,"gmtCreate":null,"gmtModified":null,"like_count":0,"content":"美国都贵","anonymity":1,"any_name":"芋圆奶茶","commentCount":null,"user":{"id":867,"name":"Polaris.","avatar_url":"https://thirdwx.qlogo.cn/mmopen/vi_32/DYAIOgq83eo9vicDlk5fcbK9b2icw5oFYCzAne1R1fia4Oiaibya50sUVJruUmahdGo17UNrok1wiarZNRgKz2OJxdhg/132"},"isCommentLike":-5,"dislike_count":0},{"id":131373,"parent_id":131370,"type":2,"commentor":2932,"gmtCreate":null,"gmtModified":null,"like_count":0,"content":"了解了～谢谢你","anonymity":1,"any_name":"四川麻辣烫","commentCount":null,"user":{"id":2932,"name":"U_10631642175","avatar_url":null},"isCommentLike":-5,"dislike_count":0},{"id":131381,"parent_id":131375,"type":2,"commentor":2932,"gmtCreate":null,"gmtModified":null,"like_count":0,"content":"好的了解了～谢谢！！","anonymity":1,"any_name":"四川麻辣烫","commentCount":null,"user":{"id":2932,"name":"U_10631642175","avatar_url":null},"isCommentLike":-5,"dislike_count":0},{"id":131382,"parent_id":131378,"type":2,"commentor":2932,"gmtCreate":null,"gmtModified":null,"like_count":0,"content":"好的\uD83D\uDC4C\uD83C\uDFFB谢谢你的回复！！","anonymity":1,"any_name":"四川麻辣烫","commentCount":null,"user":{"id":2932,"name":"U_10631642175","avatar_url":null},"isCommentLike":-5,"dislike_count":0}],"any_name":"四川麻辣烫","relation":-2,"liked":-4,"anonymity":1,"dislike_count":0}