{"id":33811,"author":null,"author_avatar_url":null,"author_id":6457,"author_status":1,"gmt_create":1660319530636,"gmt_modified":1660319530636,"content":"捞捞qth12座15G的室友\uD83D\uDE34\uD83D\uDE34","title":"捞捞qth12座15G的室友\uD83D\uDE34\uD83D\uDE34","description":"no description yet","like_count":0,"comment_count":0,"view_count":3,"type":"post","tag":"not tag yet","imageList":"","content_source":null,"comments":null,"any_name":"摆烂到底","relation":-2,"liked":-4,"anonymity":1,"dislike_count":0}