{"id":33846,"author":null,"author_avatar_url":null,"author_id":453,"author_status":1,"gmt_create":1660357800588,"gmt_modified":1660357800588,"content":"请问这能申请一次转专业的机会么","title":"请问这能申请一次转专业的机会么","description":"no description yet","like_count":0,"comment_count":3,"view_count":258,"type":"post","tag":"not tag yet","imageList":"","content_source":null,"comments":[{"id":131547,"parent_id":33846,"type":1,"commentor":2036,"gmtCreate":null,"gmtModified":null,"like_count":0,"content":"也可以。要先跟学院申请申请通过以后再重读大一刷高绩点。这是我听说的！我也不确定哈","anonymity":1,"any_name":"珠海小天使","commentCount":null,"user":{"id":2036,"name":"知世","avatar_url":"https://thirdwx.qlogo.cn/mmopen/vi_32/Q0j4TwGTfTJQjKVbrlXzls1jUrWIlR2Ek4Elv8D4wgw83SVSCk0jysicoNWA6724hbLT2o2rJyAQsgWoASiaiaZNA/132"},"isCommentLike":-5,"dislike_count":0},{"id":131549,"parent_id":33846,"type":1,"commentor":9180,"gmtCreate":null,"gmtModified":null,"like_count":0,"content":"你要不怕延毕的话是可以再改","anonymity":1,"any_name":"Redis设计与实现","commentCount":null,"user":{"id":9180,"name":"U_184721654572","avatar_url":null},"isCommentLike":-5,"dislike_count":0},{"id":131563,"parent_id":33846,"type":1,"commentor":8181,"gmtCreate":null,"gmtModified":null,"like_count":0,"content":"人文艺术学院的可以转出去吗","anonymity":0,"any_name":null,"commentCount":null,"user":{"id":8181,"name":"U_388521652731","avatar_url":null},"isCommentLike":-5,"dislike_count":0}],"any_name":"奥利奥","relation":-2,"liked":-4,"anonymity":1,"dislike_count":0}