{"id":33903,"author":null,"author_avatar_url":null,"author_id":1150,"author_status":1,"gmt_create":1660409770116,"gmt_modified":1660409770116,"content":"雅思6.5小分6 高考基础大概要学多久啊\uD83D\uDE2D想听点真实案例","title":"雅思6.5小分6 高考基础大概要学多久啊\uD83D\uDE2D想听点真实案例","description":"no description yet","like_count":3,"comment_count":13,"view_count":671,"type":"post","tag":"not tag yet","imageList":"","content_source":null,"comments":[{"id":131822,"parent_id":33903,"type":1,"commentor":1150,"gmtCreate":null,"gmtModified":null,"like_count":0,"content":"同时兼顾学业的情况下","anonymity":1,"any_name":"皮卡丘","commentCount":null,"user":{"id":1150,"name":"w","avatar_url":"https://thirdwx.qlogo.cn/mmopen/vi_32/csuyfGVLlQDFwrQY1v21eLhIZLhMcmqia0VybXibhRO8cRVx5zhsy6u20xhtOFncwOibDI81ecIRLhMHDfBibjvlhA/132"},"isCommentLike":-5,"dislike_count":0},{"id":131823,"parent_id":33903,"type":1,"commentor":9367,"gmtCreate":null,"gmtModified":null,"like_count":0,"content":"一个月 每天学一会","anonymity":1,"any_name":"四川麻辣烫","commentCount":null,"user":{"id":9367,"name":"xxxxx","avatar_url":null},"isCommentLike":-5,"dislike_count":0},{"id":131828,"parent_id":33903,"type":1,"commentor":904,"gmtCreate":null,"gmtModified":null,"like_count":0,"content":"正常情况下上完科大两年的课，考前3天做下真题 熟悉下题型去裸考的话，6.5（6）没有问题\n高考英语113","anonymity":0,"any_name":null,"commentCount":null,"user":{"id":904,"name":"1212","avatar_url":"http://test01-20200725.oss-cn-shenzhen.aliyuncs.com/image/1655635955560.unknown?Expires=1970995974&OSSAccessKeyId=LTAI4G5RL7pjavqASCwc42kR&Signature=sw39DrHNevhI%2FOD1DFSXEP1yykw%3D"},"isCommentLike":-5,"dislike_count":0},{"id":131831,"parent_id":33903,"type":1,"commentor":1841,"gmtCreate":null,"gmtModified":null,"like_count":0,"content":"高考全国二不考听力119，雅思两次5.5，四级507，六级300","anonymity":1,"any_name":"人生的智慧","commentCount":null,"user":{"id":1841,"name":"二号玩家","avatar_url":"http://test01-20200725.oss-cn-shenzhen.aliyuncs.com/image/1660980405940.png?Expires=1976340401&OSSAccessKeyId=LTAI4G5RL7pjavqASCwc42kR&Signature=Orawv2RdymeRBfYcGi%2B9QXVNdC8%3D"},"isCommentLike":-5,"dislike_count":0},{"id":131837,"parent_id":33903,"type":1,"commentor":681,"gmtCreate":null,"gmtModified":null,"like_count":0,"content":"看你口语咋样了，我口语烂爆了怎么学都5.5。总分大二裸考6.5，一直到毕业还是6.5。（最好一次7.5 7.5 6.5 5）除了口语都是自学的","anonymity":0,"any_name":null,"commentCount":null,"user":{"id":681,"name":"南京脑科医院呸主任","avatar_url":"http://test01-20200725.oss-cn-shenzhen.aliyuncs.com/image/1661102216736.jpg?Expires=1976462214&OSSAccessKeyId=LTAI4G5RL7pjavqASCwc42kR&Signature=23iIb49A4NaaWymi6TGSZcnplkQ%3D"},"isCommentLike":-5,"dislike_count":0},{"id":131849,"parent_id":33903,"type":1,"commentor":4501,"gmtCreate":null,"gmtModified":null,"like_count":0,"content":"啥是高考基础，高考有90的也有140的。感觉120考5.5差不多。其实不用考虑这些，提前三个月报名然后去考就行","anonymity":1,"any_name":"Tom","commentCount":null,"user":{"id":4501,"name":"h i","avatar_url":"http://test01-20200725.oss-cn-shenzhen.aliyuncs.com/image/1661616915844.jpg?Expires=1976976914&OSSAccessKeyId=LTAI4G5RL7pjavqASCwc42kR&Signature=v7btMYJbuDCoWwPh9oDjkXU8ipY%3D"},"isCommentLike":-5,"dislike_count":0},{"id":131963,"parent_id":33903,"type":1,"commentor":1451,"gmtCreate":null,"gmtModified":null,"like_count":0,"content":"高考120+ 学了一个月不到6.5 不过小分没到6","anonymity":1,"any_name":"布偶猫","commentCount":null,"user":{"id":1451,"name":"嘿\uD83C\uDE51️","avatar_url":"http://test01-20200725.oss-cn-shenzhen.aliyuncs.com/image/1656346717487.gif?Expires=1971706745&OSSAccessKeyId=LTAI4G5RL7pjavqASCwc42kR&Signature=%2FNnQl70m9ws2SDcg1yGogtguiiw%3D"},"isCommentLike":-5,"dislike_count":0},{"id":131829,"parent_id":131828,"type":2,"commentor":1150,"gmtCreate":null,"gmtModified":null,"like_count":0,"content":"本人不是英语授课","anonymity":1,"any_name":"皮卡丘","commentCount":null,"user":{"id":1150,"name":"w","avatar_url":"https://thirdwx.qlogo.cn/mmopen/vi_32/csuyfGVLlQDFwrQY1v21eLhIZLhMcmqia0VybXibhRO8cRVx5zhsy6u20xhtOFncwOibDI81ecIRLhMHDfBibjvlhA/132"},"isCommentLike":-5,"dislike_count":0},{"id":131830,"parent_id":131828,"type":2,"commentor":1150,"gmtCreate":null,"gmtModified":null,"like_count":0,"content":"\uD83D\uDE2D\uD83D\uDE2D","anonymity":1,"any_name":"皮卡丘","commentCount":null,"user":{"id":1150,"name":"w","avatar_url":"https://thirdwx.qlogo.cn/mmopen/vi_32/csuyfGVLlQDFwrQY1v21eLhIZLhMcmqia0VybXibhRO8cRVx5zhsy6u20xhtOFncwOibDI81ecIRLhMHDfBibjvlhA/132"},"isCommentLike":-5,"dislike_count":0},{"id":131836,"parent_id":131831,"type":2,"commentor":1150,"gmtCreate":null,"gmtModified":null,"like_count":0,"content":"学了多久啊","anonymity":1,"any_name":"皮卡丘","commentCount":null,"user":{"id":1150,"name":"w","avatar_url":"https://thirdwx.qlogo.cn/mmopen/vi_32/csuyfGVLlQDFwrQY1v21eLhIZLhMcmqia0VybXibhRO8cRVx5zhsy6u20xhtOFncwOibDI81ecIRLhMHDfBibjvlhA/132"},"isCommentLike":-5,"dislike_count":0},{"id":131838,"parent_id":131837,"type":2,"commentor":681,"gmtCreate":null,"gmtModified":null,"like_count":0,"content":"江苏的高考96/120，四级610，六级510…","anonymity":0,"any_name":null,"commentCount":null,"user":{"id":681,"name":"南京脑科医院呸主任","avatar_url":"http://test01-20200725.oss-cn-shenzhen.aliyuncs.com/image/1661102216736.jpg?Expires=1976462214&OSSAccessKeyId=LTAI4G5RL7pjavqASCwc42kR&Signature=23iIb49A4NaaWymi6TGSZcnplkQ%3D"},"isCommentLike":-5,"dislike_count":0},{"id":131841,"parent_id":131836,"type":2,"commentor":1841,"gmtCreate":null,"gmtModified":null,"like_count":0,"content":"两个月，我英语太差了唉","anonymity":0,"any_name":null,"commentCount":null,"user":{"id":1841,"name":"二号玩家","avatar_url":"http://test01-20200725.oss-cn-shenzhen.aliyuncs.com/image/1660980405940.png?Expires=1976340401&OSSAccessKeyId=LTAI4G5RL7pjavqASCwc42kR&Signature=Orawv2RdymeRBfYcGi%2B9QXVNdC8%3D"},"isCommentLike":-5,"dislike_count":0},{"id":131861,"parent_id":131849,"type":2,"commentor":1150,"gmtCreate":null,"gmtModified":null,"like_count":0,"content":"我就是120左右 好的好的谢谢！","anonymity":1,"any_name":"皮卡丘","commentCount":null,"user":{"id":1150,"name":"w","avatar_url":"https://thirdwx.qlogo.cn/mmopen/vi_32/csuyfGVLlQDFwrQY1v21eLhIZLhMcmqia0VybXibhRO8cRVx5zhsy6u20xhtOFncwOibDI81ecIRLhMHDfBibjvlhA/132"},"isCommentLike":-5,"dislike_count":0}],"any_name":"皮卡丘","relation":-2,"liked":-4,"anonymity":1,"dislike_count":0}