{"id":33954,"author":null,"author_avatar_url":null,"author_id":270,"author_status":1,"gmt_create":1660473983051,"gmt_modified":1660473983051,"content":"能接受自己对象有喜欢的异性明星吗，是那种女友粉男友粉","title":"能接受自己对象有喜欢的异性明星吗，是那种女友粉男友粉","description":"no description yet","like_count":1,"comment_count":16,"view_count":414,"type":"post","tag":"not tag yet","imageList":"","content_source":null,"comments":[{"id":132058,"parent_id":33954,"type":1,"commentor":4111,"gmtCreate":null,"gmtModified":null,"like_count":1,"content":"我觉得不接受才是正常人吧，搞对象就要好好搞啊，全心全意的那种，为什么还要当别人的男友粉女友粉啊，我现在就是属于女友粉，虽然我粉的是个女明星，但是我是女同，所以性质差不多，我现在就是沉迷追星所以没空恋爱，但要是恋爱我肯定就不会追星了，干什么都要专注一点吧。","anonymity":1,"any_name":"Jerry","commentCount":null,"user":{"id":4111,"name":"小智","avatar_url":"http://test01-20200725.oss-cn-shenzhen.aliyuncs.com/image/1652377174933.jpg?Expires=1967737177&OSSAccessKeyId=LTAI4G5RL7pjavqASCwc42kR&Signature=AHWSQg6%2BFjFBfoAf4aR1BJBSEss%3D"},"isCommentLike":-5,"dislike_count":0},{"id":132038,"parent_id":33954,"type":1,"commentor":7722,"gmtCreate":null,"gmtModified":null,"like_count":0,"content":"感觉挺普遍的","anonymity":1,"any_name":"珠海小天使","commentCount":null,"user":{"id":7722,"name":"U_519281652124","avatar_url":null},"isCommentLike":-5,"dislike_count":0},{"id":132051,"parent_id":33954,"type":1,"commentor":5222,"gmtCreate":null,"gmtModified":null,"like_count":0,"content":"不会，我对象粉冰冰，我找他吵架了，接受不了、后来把冰冰照片都删了也不看了","anonymity":1,"any_name":"老板","commentCount":null,"user":{"id":5222,"name":"尼克","avatar_url":null},"isCommentLike":-5,"dislike_count":0},{"id":132066,"parent_id":33954,"type":1,"commentor":9369,"gmtCreate":null,"gmtModified":null,"like_count":0,"content":"不会是麻衣学姐吧","anonymity":1,"any_name":"哥斯拉","commentCount":null,"user":{"id":9369,"name":"仿生丁真梦见电子珍珠","avatar_url":"http://test01-20200725.oss-cn-shenzhen.aliyuncs.com/image/1658976760258.gif?Expires=1974336781&OSSAccessKeyId=LTAI4G5RL7pjavqASCwc42kR&Signature=IkHJykN03nLTtw0bj3v3hUCfzPA%3D"},"isCommentLike":-5,"dislike_count":0},{"id":132067,"parent_id":33954,"type":1,"commentor":747,"gmtCreate":null,"gmtModified":null,"like_count":0,"content":"没谈过恋爱，一直追星。初中喜欢糊糊，后来觉得没什么意思脱粉了。高中喜欢流量，高三集训➕文化太忙了，逐渐就不care了，加上有件争议的事情就脱粉了。目前喜欢塞纳河的一位小偶像和成团过但已经解散的偶像。我自己就是艺术类专业，女友粉男友粉我听过但不知道是…什么样\uD83E\uDD72","anonymity":1,"any_name":"拱北快递员","commentCount":null,"user":{"id":747,"name":"我不说我是谁","avatar_url":"http://test01-20200725.oss-cn-shenzhen.aliyuncs.com/image/1662629052845.jpg?Expires=1977989051&OSSAccessKeyId=LTAI4G5RL7pjavqASCwc42kR&Signature=FJX5NvdT9zZXG%2B9sViu7GFG8rWE%3D"},"isCommentLike":-5,"dislike_count":0},{"id":132083,"parent_id":33954,"type":1,"commentor":1841,"gmtCreate":null,"gmtModified":null,"like_count":0,"content":"不接受又能咋办呢","anonymity":1,"any_name":"喷火龙","commentCount":null,"user":{"id":1841,"name":"二号玩家","avatar_url":"http://test01-20200725.oss-cn-shenzhen.aliyuncs.com/image/1660980405940.png?Expires=1976340401&OSSAccessKeyId=LTAI4G5RL7pjavqASCwc42kR&Signature=Orawv2RdymeRBfYcGi%2B9QXVNdC8%3D"},"isCommentLike":-5,"dislike_count":0},{"id":132040,"parent_id":132038,"type":2,"commentor":270,"gmtCreate":null,"gmtModified":null,"like_count":0,"content":"那如果可以从偶像里获得恋爱满足感好找我干嘛，哭了","anonymity":1,"any_name":"Anton","commentCount":null,"user":{"id":270,"name":"蛆奇味蝻瓜饼","avatar_url":"http://test01-20200725.oss-cn-shenzhen.aliyuncs.com/image/1660746251527.jpg?Expires=1976106242&OSSAccessKeyId=LTAI4G5RL7pjavqASCwc42kR&Signature=wxKGSngs19HSbuL3DpNT%2BQ%2BIzxU%3D"},"isCommentLike":-5,"dislike_count":0},{"id":132046,"parent_id":132040,"type":2,"commentor":7722,"gmtCreate":null,"gmtModified":null,"like_count":0,"content":"如果因为手机里的人忽略了现实生活对象的感受就有点过了吧","anonymity":1,"any_name":"珠海小天使","commentCount":null,"user":{"id":7722,"name":"U_519281652124","avatar_url":null},"isCommentLike":-5,"dislike_count":0},{"id":132061,"parent_id":132058,"type":2,"commentor":270,"gmtCreate":null,"gmtModified":null,"like_count":0,"content":"谢谢你，三观好正。可以问一下如果是喜欢纸片人呢","anonymity":1,"any_name":"Anton","commentCount":null,"user":{"id":270,"name":"蛆奇味蝻瓜饼","avatar_url":"http://test01-20200725.oss-cn-shenzhen.aliyuncs.com/image/1660746251527.jpg?Expires=1976106242&OSSAccessKeyId=LTAI4G5RL7pjavqASCwc42kR&Signature=wxKGSngs19HSbuL3DpNT%2BQ%2BIzxU%3D"},"isCommentLike":-5,"dislike_count":0},{"id":132073,"parent_id":132067,"type":2,"commentor":747,"gmtCreate":null,"gmtModified":null,"like_count":0,"content":"高中自学了一些ps，搞一些截修。这个暑假接手了应援会美工附带运营，又自学了一些上课没讲到的内容。初中糊糊不需要数据什么的也无所谓（那个时候还是qq群hhhh）高中的流量倒是一直在做数据，商务代言买不起就不买。现在搞糊糊还蛮开心的，不太强求数据什么的，靠自己专业接了美工的活，顺带提升专业…","anonymity":1,"any_name":"GRE精选","commentCount":null,"user":{"id":747,"name":"我不说我是谁","avatar_url":"http://test01-20200725.oss-cn-shenzhen.aliyuncs.com/image/1662629052845.jpg?Expires=1977989051&OSSAccessKeyId=LTAI4G5RL7pjavqASCwc42kR&Signature=FJX5NvdT9zZXG%2B9sViu7GFG8rWE%3D"},"isCommentLike":-5,"dislike_count":0},{"id":132074,"parent_id":132067,"type":2,"commentor":747,"gmtCreate":null,"gmtModified":null,"like_count":0,"content":"异性明星我不清楚，如果是偶像爱豆的话，我实在不理解为什么要从偶像那里获得恋爱感…或者说梦想着和偶像谈恋爱，这不就塌房了吗……个人觉得追星就是要图一个快乐+能够提升自己。目前没谈过恋爱也没谈恋爱的想法，谈恋爱之后还追不追星我也不好说","anonymity":1,"any_name":"GRE精选","commentCount":null,"user":{"id":747,"name":"我不说我是谁","avatar_url":"http://test01-20200725.oss-cn-shenzhen.aliyuncs.com/image/1662629052845.jpg?Expires=1977989051&OSSAccessKeyId=LTAI4G5RL7pjavqASCwc42kR&Signature=FJX5NvdT9zZXG%2B9sViu7GFG8rWE%3D"},"isCommentLike":-5,"dislike_count":0},{"id":132076,"parent_id":132040,"type":2,"commentor":747,"gmtCreate":null,"gmtModified":null,"like_count":0,"content":"追星人好奇，怎么从偶像那里得到恋爱满足感","anonymity":1,"any_name":"GRE精选","commentCount":null,"user":{"id":747,"name":"我不说我是谁","avatar_url":"http://test01-20200725.oss-cn-shenzhen.aliyuncs.com/image/1662629052845.jpg?Expires=1977989051&OSSAccessKeyId=LTAI4G5RL7pjavqASCwc42kR&Signature=FJX5NvdT9zZXG%2B9sViu7GFG8rWE%3D"},"isCommentLike":-5,"dislike_count":0},{"id":132078,"parent_id":132076,"type":2,"commentor":270,"gmtCreate":null,"gmtModified":null,"like_count":0,"content":"简单来说就是会叫他老公，至少是这种感觉","anonymity":1,"any_name":"Anton","commentCount":null,"user":{"id":270,"name":"蛆奇味蝻瓜饼","avatar_url":"http://test01-20200725.oss-cn-shenzhen.aliyuncs.com/image/1660746251527.jpg?Expires=1976106242&OSSAccessKeyId=LTAI4G5RL7pjavqASCwc42kR&Signature=wxKGSngs19HSbuL3DpNT%2BQ%2BIzxU%3D"},"isCommentLike":-5,"dislike_count":0},{"id":132087,"parent_id":132083,"type":2,"commentor":270,"gmtCreate":null,"gmtModified":null,"like_count":0,"content":"那就沟通，如果对方不考虑你的意见做出一点改变，那就说明根本不在乎你，就分呗","anonymity":1,"any_name":"Anton","commentCount":null,"user":{"id":270,"name":"蛆奇味蝻瓜饼","avatar_url":"http://test01-20200725.oss-cn-shenzhen.aliyuncs.com/image/1660746251527.jpg?Expires=1976106242&OSSAccessKeyId=LTAI4G5RL7pjavqASCwc42kR&Signature=wxKGSngs19HSbuL3DpNT%2BQ%2BIzxU%3D"},"isCommentLike":-5,"dislike_count":0},{"id":132108,"parent_id":132078,"type":2,"commentor":747,"gmtCreate":null,"gmtModified":null,"like_count":0,"content":"我不行…我最多就是哥哥然后同性就是宝贝","anonymity":1,"any_name":"GRE精选","commentCount":null,"user":{"id":747,"name":"我不说我是谁","avatar_url":"http://test01-20200725.oss-cn-shenzhen.aliyuncs.com/image/1662629052845.jpg?Expires=1977989051&OSSAccessKeyId=LTAI4G5RL7pjavqASCwc42kR&Signature=FJX5NvdT9zZXG%2B9sViu7GFG8rWE%3D"},"isCommentLike":-5,"dislike_count":0},{"id":132637,"parent_id":132061,"type":2,"commentor":4111,"gmtCreate":null,"gmtModified":null,"like_count":0,"content":"我会觉得要看她寄托的情感是一种什么样的，不管是追星还是纸片人，如果就是单纯欣赏，浅尝辄止，不把自己当成男友女友那就没问题，如果过分沉迷，把纸片人当做幻想中的另一半，那就不行，恋爱就是一件需要你付出很多精力的事情，如果放不下自己的虚拟情侣，就说明还没做好恋爱的准备，这时和别人在一起真的很不负责任","anonymity":0,"any_name":null,"commentCount":null,"user":{"id":4111,"name":"小智","avatar_url":"http://test01-20200725.oss-cn-shenzhen.aliyuncs.com/image/1652377174933.jpg?Expires=1967737177&OSSAccessKeyId=LTAI4G5RL7pjavqASCwc42kR&Signature=AHWSQg6%2BFjFBfoAf4aR1BJBSEss%3D"},"isCommentLike":-5,"dislike_count":0}],"any_name":"Anton","relation":-2,"liked":-4,"anonymity":1,"dislike_count":0}