{"id":34004,"author":null,"author_avatar_url":null,"author_id":1938,"author_status":1,"gmt_create":1660525638507,"gmt_modified":1660525638507,"content":"科大医院哪些能报销啊 有清单在哪里能看吗","title":"科大医院哪些能报销啊 有清单在哪里能看吗","description":"no description yet","like_count":0,"comment_count":1,"view_count":115,"type":"post","tag":"not tag yet","imageList":"","content_source":null,"comments":[{"id":132331,"parent_id":34004,"type":1,"commentor":2846,"gmtCreate":null,"gmtModified":null,"like_count":0,"content":"学校官网有，可以去找一下","anonymity":0,"any_name":null,"commentCount":null,"user":{"id":2846,"name":"周阴婷","avatar_url":"http://test01-20200725.oss-cn-shenzhen.aliyuncs.com/image/1660885785511.jpg?Expires=1976245780&OSSAccessKeyId=LTAI4G5RL7pjavqASCwc42kR&Signature=PNYtGG%2FeQ2cQkGzMJFSqH0jEFl0%3D"},"isCommentLike":-5,"dislike_count":0}],"any_name":"奥利奥","relation":-2,"liked":-4,"anonymity":1,"dislike_count":0}