{"id":34045,"author":null,"author_avatar_url":null,"author_id":104,"author_status":1,"gmt_create":1660551542620,"gmt_modified":1660551542620,"content":"楼下那个水箭龟的经历也让我想到，树洞的大家不要因为只言片语就受一些话的影响啊！最好的表达方式是了解全面，对于不熟悉的事情那就等自己有真的评价力了再评述，嘴硬什么的，强撑自尊心真的没什么13用","title":"楼下那个水箭龟的经历也让我想到，树洞的大家不要因为只言片语就受一些话的影响啊！最好的表达方式是了解全面，对于不熟悉的事情那就等自己有真的评价力了再评述，嘴硬什么的，强撑自","description":"no description yet","like_count":1,"comment_count":1,"view_count":140,"type":"post","tag":"not tag yet","imageList":"","content_source":null,"comments":[{"id":132590,"parent_id":34045,"type":1,"commentor":1655,"gmtCreate":null,"gmtModified":null,"like_count":0,"content":"责人之心责己，恕己之心恕人","anonymity":0,"any_name":null,"commentCount":null,"user":{"id":1655,"name":"应急食品（毕业版）","avatar_url":"http://test01-20200725.oss-cn-shenzhen.aliyuncs.com/image/1636378464049.gif?Expires=1951738454&OSSAccessKeyId=LTAI4G5RL7pjavqASCwc42kR&Signature=Ay0yzvZwaOrfFrXfYrxsTdpLkwM%3D"},"isCommentLike":-5,"dislike_count":0}],"any_name":"拱北吴彦祖","relation":-2,"liked":-4,"anonymity":1,"dislike_count":0}