{"id":3408,"author":null,"author_avatar_url":null,"author_id":1154,"author_status":1,"gmt_create":1635511806848,"gmt_modified":1635511806848,"content":"大家明天晚上想扮鬼玩玩嘛？好怕就我撸了妆 结果没人画 就好尴尬55","title":"大家明天晚上想扮鬼玩玩嘛？好怕就我撸了妆 结果没人画 就好尴尬55","description":"no description yet","like_count":0,"comment_count":14,"view_count":218,"type":"post","tag":"not tag yet","imageList":"","content_source":null,"comments":[{"id":11565,"parent_id":3408,"type":1,"commentor":469,"gmtCreate":null,"gmtModified":null,"like_count":0,"content":"哈哈哈哈31号晚上才是万圣夜哦","anonymity":1,"any_name":"喷火龙","commentCount":null,"user":{"id":469,"name":"拟罪豪士","avatar_url":"http://test01-20200725.oss-cn-shenzhen.aliyuncs.com/image/1666343885041.jpg?Expires=1981703877&OSSAccessKeyId=LTAI4G5RL7pjavqASCwc42kR&Signature=u7mV2VMqb2J9rVWR58suCrdi5S0%3D"},"isCommentLike":-5,"dislike_count":0},{"id":11571,"parent_id":3408,"type":1,"commentor":1154,"gmtCreate":null,"gmtModified":null,"like_count":0,"content":"不知道具体啥活动诶但是有个海报说30号晚上七点到十一点","anonymity":1,"any_name":"奥利奥","commentCount":null,"user":{"id":1154,"name":"⭐⭐","avatar_url":"http://test01-20200725.oss-cn-shenzhen.aliyuncs.com/image/1664765845483.jpg?Expires=1980125847&OSSAccessKeyId=LTAI4G5RL7pjavqASCwc42kR&Signature=KVGpmjT9Dy7coS%2FLu2tYSLPiRRc%3D"},"isCommentLike":-5,"dislike_count":0},{"id":11576,"parent_id":3408,"type":1,"commentor":839,"gmtCreate":null,"gmtModified":null,"like_count":0,"content":"想！但是没万圣装扮就化妆会不会好奇怪呜呜呜呜","anonymity":1,"any_name":"微积分","commentCount":null,"user":{"id":839,"name":"再让我睡一会","avatar_url":"http://test01-20200725.oss-cn-shenzhen.aliyuncs.com/image/1637463274999.jpg?Expires=1952823274&OSSAccessKeyId=LTAI4G5RL7pjavqASCwc42kR&Signature=2h%2BXD5jD2jnXrndfFeH0xYJDE0k%3D"},"isCommentLike":-5,"dislike_count":0},{"id":11577,"parent_id":3408,"type":1,"commentor":1043,"gmtCreate":null,"gmtModified":null,"like_count":0,"content":"提前搞活动吧 周六玩了周天好睡觉","anonymity":0,"any_name":null,"commentCount":null,"user":{"id":1043,"name":"Randy \uD83D\uDC31","avatar_url":"https://thirdwx.qlogo.cn/mmopen/vi_32/54HMe0FElvUs8d51A7cbt9tqo8Yia0rgNs5OCUIdSuhT6EUq6iaicZGzewMzUWOGcJeZEvNgTia7U2wuKGuq0JcAicg/132"},"isCommentLike":-5,"dislike_count":0},{"id":11579,"parent_id":3408,"type":1,"commentor":1043,"gmtCreate":null,"gmtModified":null,"like_count":0,"content":"画了才有小礼物！！！","anonymity":0,"any_name":null,"commentCount":null,"user":{"id":1043,"name":"Randy \uD83D\uDC31","avatar_url":"https://thirdwx.qlogo.cn/mmopen/vi_32/54HMe0FElvUs8d51A7cbt9tqo8Yia0rgNs5OCUIdSuhT6EUq6iaicZGzewMzUWOGcJeZEvNgTia7U2wuKGuq0JcAicg/132"},"isCommentLike":-5,"dislike_count":0},{"id":11580,"parent_id":3408,"type":1,"commentor":682,"gmtCreate":null,"gmtModified":null,"like_count":0,"content":"明晚集装箱有啥活动啊","anonymity":0,"any_name":null,"commentCount":null,"user":{"id":682,"name":"~Xenon~","avatar_url":"http://test01-20200725.oss-cn-shenzhen.aliyuncs.com/image/1662451495431.gif?Expires=1977811496&OSSAccessKeyId=LTAI4G5RL7pjavqASCwc42kR&Signature=tLEL737zMefpEHXZzQlS%2Bxz88Ts%3D"},"isCommentLike":-5,"dislike_count":0},{"id":11567,"parent_id":11565,"type":2,"commentor":1154,"gmtCreate":null,"gmtModified":null,"like_count":0,"content":"那为啥明天晚上点绽就有活动了呀","anonymity":1,"any_name":"奥利奥","commentCount":null,"user":{"id":1154,"name":"⭐⭐","avatar_url":"http://test01-20200725.oss-cn-shenzhen.aliyuncs.com/image/1664765845483.jpg?Expires=1980125847&OSSAccessKeyId=LTAI4G5RL7pjavqASCwc42kR&Signature=KVGpmjT9Dy7coS%2FLu2tYSLPiRRc%3D"},"isCommentLike":-5,"dislike_count":0},{"id":11569,"parent_id":11567,"type":2,"commentor":469,"gmtCreate":null,"gmtModified":null,"like_count":0,"content":"啊真的吗我怎么没看到推文\uD83D\uDE2D","anonymity":1,"any_name":"喷火龙","commentCount":null,"user":{"id":469,"name":"拟罪豪士","avatar_url":"http://test01-20200725.oss-cn-shenzhen.aliyuncs.com/image/1666343885041.jpg?Expires=1981703877&OSSAccessKeyId=LTAI4G5RL7pjavqASCwc42kR&Signature=u7mV2VMqb2J9rVWR58suCrdi5S0%3D"},"isCommentLike":-5,"dislike_count":0},{"id":11570,"parent_id":11569,"type":2,"commentor":469,"gmtCreate":null,"gmtModified":null,"like_count":0,"content":"应该是正巧周末，然后这两天晚上都有，能详细说说啥活动嘛！","anonymity":1,"any_name":"喷火龙","commentCount":null,"user":{"id":469,"name":"拟罪豪士","avatar_url":"http://test01-20200725.oss-cn-shenzhen.aliyuncs.com/image/1666343885041.jpg?Expires=1981703877&OSSAccessKeyId=LTAI4G5RL7pjavqASCwc42kR&Signature=u7mV2VMqb2J9rVWR58suCrdi5S0%3D"},"isCommentLike":-5,"dislike_count":0},{"id":11573,"parent_id":11571,"type":2,"commentor":469,"gmtCreate":null,"gmtModified":null,"like_count":0,"content":"是哪个公众号说的我想去看看\uD83E\uDD72","anonymity":1,"any_name":"喷火龙","commentCount":null,"user":{"id":469,"name":"拟罪豪士","avatar_url":"http://test01-20200725.oss-cn-shenzhen.aliyuncs.com/image/1666343885041.jpg?Expires=1981703877&OSSAccessKeyId=LTAI4G5RL7pjavqASCwc42kR&Signature=u7mV2VMqb2J9rVWR58suCrdi5S0%3D"},"isCommentLike":-5,"dislike_count":0},{"id":11574,"parent_id":11573,"type":2,"commentor":1154,"gmtCreate":null,"gmtModified":null,"like_count":0,"content":"我在去p座的路上看到的哈哈哈\uD83D\uDE02","anonymity":1,"any_name":"奥利奥","commentCount":null,"user":{"id":1154,"name":"⭐⭐","avatar_url":"http://test01-20200725.oss-cn-shenzhen.aliyuncs.com/image/1664765845483.jpg?Expires=1980125847&OSSAccessKeyId=LTAI4G5RL7pjavqASCwc42kR&Signature=KVGpmjT9Dy7coS%2FLu2tYSLPiRRc%3D"},"isCommentLike":-5,"dislike_count":0},{"id":11624,"parent_id":11579,"type":2,"commentor":1154,"gmtCreate":null,"gmtModified":null,"like_count":0,"content":"好耶 有人画我就放心了","anonymity":1,"any_name":"奥利奥","commentCount":null,"user":{"id":1154,"name":"⭐⭐","avatar_url":"http://test01-20200725.oss-cn-shenzhen.aliyuncs.com/image/1664765845483.jpg?Expires=1980125847&OSSAccessKeyId=LTAI4G5RL7pjavqASCwc42kR&Signature=KVGpmjT9Dy7coS%2FLu2tYSLPiRRc%3D"},"isCommentLike":-5,"dislike_count":0},{"id":11626,"parent_id":11576,"type":2,"commentor":1154,"gmtCreate":null,"gmtModified":null,"like_count":0,"content":"不会呀 有那种万圣妆配常服也好看的 小红书上蛮多的好像","anonymity":1,"any_name":"奥利奥","commentCount":null,"user":{"id":1154,"name":"⭐⭐","avatar_url":"http://test01-20200725.oss-cn-shenzhen.aliyuncs.com/image/1664765845483.jpg?Expires=1980125847&OSSAccessKeyId=LTAI4G5RL7pjavqASCwc42kR&Signature=KVGpmjT9Dy7coS%2FLu2tYSLPiRRc%3D"},"isCommentLike":-5,"dislike_count":0},{"id":11627,"parent_id":11580,"type":2,"commentor":1154,"gmtCreate":null,"gmtModified":null,"like_count":0,"content":"不晓得具体是啥诶 但是想凑个热闹哈哈哈","anonymity":1,"any_name":"奥利奥","commentCount":null,"user":{"id":1154,"name":"⭐⭐","avatar_url":"http://test01-20200725.oss-cn-shenzhen.aliyuncs.com/image/1664765845483.jpg?Expires=1980125847&OSSAccessKeyId=LTAI4G5RL7pjavqASCwc42kR&Signature=KVGpmjT9Dy7coS%2FLu2tYSLPiRRc%3D"},"isCommentLike":-5,"dislike_count":0}],"any_name":"奥利奥","relation":-2,"liked":-4,"anonymity":1,"dislike_count":0}