{"id":34116,"author":null,"author_avatar_url":null,"author_id":635,"author_status":1,"gmt_create":1660588648802,"gmt_modified":1660588648802,"content":"救命，睡不着，太焦虑了","title":"救命，睡不着，太焦虑了","description":"no description yet","like_count":1,"comment_count":1,"view_count":62,"type":"post","tag":"not tag yet","imageList":"","content_source":null,"comments":[{"id":132803,"parent_id":34116,"type":1,"commentor":9367,"gmtCreate":null,"gmtModified":null,"like_count":0,"content":"我也是","anonymity":1,"any_name":"摆烂到底","commentCount":null,"user":{"id":9367,"name":"xxxxx","avatar_url":null},"isCommentLike":-5,"dislike_count":0}],"any_name":"芋圆奶茶","relation":-2,"liked":-4,"anonymity":1,"dislike_count":0}