{"id":34141,"author":"U_870431651728","author_avatar_url":null,"author_id":7313,"author_status":1,"gmt_create":1660622578978,"gmt_modified":1660622578978,"content":"想问问是一定要5号就回去上网课吗\uD83E\uDD72\uD83E\uDD72\uD83E\uDD72","title":"想问问是一定要5号就回去上网课吗\uD83E\uDD72\uD83E\uDD72\uD83E\uDD72","description":"no description yet","like_count":1,"comment_count":3,"view_count":424,"type":"post","tag":"not tag yet","imageList":"","content_source":null,"comments":[{"id":132883,"parent_id":34141,"type":1,"commentor":4501,"gmtCreate":null,"gmtModified":null,"like_count":0,"content":"15号","anonymity":1,"any_name":"出前一丁","commentCount":null,"user":{"id":4501,"name":"h i","avatar_url":"http://test01-20200725.oss-cn-shenzhen.aliyuncs.com/image/1661616915844.jpg?Expires=1976976914&OSSAccessKeyId=LTAI4G5RL7pjavqASCwc42kR&Signature=v7btMYJbuDCoWwPh9oDjkXU8ipY%3D"},"isCommentLike":-5,"dislike_count":0},{"id":132886,"parent_id":132883,"type":2,"commentor":8144,"gmtCreate":null,"gmtModified":null,"like_count":0,"content":"还是要提前十天回 通知有写","anonymity":1,"any_name":"拱北吴彦祖","commentCount":null,"user":{"id":8144,"name":"U_386281652665","avatar_url":null},"isCommentLike":-5,"dislike_count":0},{"id":132893,"parent_id":132886,"type":2,"commentor":4501,"gmtCreate":null,"gmtModified":null,"like_count":0,"content":"i don’t care 学校不会严查","anonymity":1,"any_name":"出前一丁","commentCount":null,"user":{"id":4501,"name":"h i","avatar_url":"http://test01-20200725.oss-cn-shenzhen.aliyuncs.com/image/1661616915844.jpg?Expires=1976976914&OSSAccessKeyId=LTAI4G5RL7pjavqASCwc42kR&Signature=v7btMYJbuDCoWwPh9oDjkXU8ipY%3D"},"isCommentLike":-5,"dislike_count":0}],"any_name":null,"relation":-2,"liked":-4,"anonymity":0,"dislike_count":0}