{"id":34395,"author":null,"author_avatar_url":null,"author_id":1772,"author_status":1,"gmt_create":1660817949392,"gmt_modified":1660817949392,"content":"有没有哪位用过幻13或者幻x 评价一下呗","title":"有没有哪位用过幻13或者幻x 评价一下呗","description":"no description yet","like_count":1,"comment_count":6,"view_count":61,"type":"post","tag":"not tag yet","imageList":"","content_source":null,"comments":[{"id":134059,"parent_id":34395,"type":1,"commentor":9369,"gmtCreate":null,"gmtModified":null,"like_count":0,"content":"要买这种小尺寸/二合一的本子主要就是散热没那么好，真的很烫","anonymity":1,"any_name":"奥利奥","commentCount":null,"user":{"id":9369,"name":"仿生丁真梦见电子珍珠","avatar_url":"http://test01-20200725.oss-cn-shenzhen.aliyuncs.com/image/1658976760258.gif?Expires=1974336781&OSSAccessKeyId=LTAI4G5RL7pjavqASCwc42kR&Signature=IkHJykN03nLTtw0bj3v3hUCfzPA%3D"},"isCommentLike":-5,"dislike_count":0},{"id":134069,"parent_id":134059,"type":2,"commentor":1772,"gmtCreate":null,"gmtModified":null,"like_count":0,"content":"想要一个便携的 性能稍微好一点点的 目前好像选择不多","anonymity":1,"any_name":"亚古兽","commentCount":null,"user":{"id":1772,"name":"Belove.","avatar_url":"https://thirdwx.qlogo.cn/mmopen/vi_32/PiajxSqBRaEIqgQRjZ1OPTiaQqkSjIm9vgnC9hde839dCa7palDd29eIPUv7z0shjqyAO5X0ZXsrj1xkLZu9UPuw/132"},"isCommentLike":-5,"dislike_count":0},{"id":134075,"parent_id":134069,"type":2,"commentor":9369,"gmtCreate":null,"gmtModified":null,"like_count":0,"content":"我用的2021版幻13，感觉真的不怎么样。我是回宿舍外接显示屏外接显卡，当主机用。","anonymity":1,"any_name":"奥利奥","commentCount":null,"user":{"id":9369,"name":"仿生丁真梦见电子珍珠","avatar_url":"http://test01-20200725.oss-cn-shenzhen.aliyuncs.com/image/1658976760258.gif?Expires=1974336781&OSSAccessKeyId=LTAI4G5RL7pjavqASCwc42kR&Signature=IkHJykN03nLTtw0bj3v3hUCfzPA%3D"},"isCommentLike":-5,"dislike_count":0},{"id":134077,"parent_id":134069,"type":2,"commentor":9369,"gmtCreate":null,"gmtModified":null,"like_count":0,"content":"你要么可以看看xps13，至少功耗小点，不玩3a性能妥妥够用了。你买幻x这种二合一本到时候会后悔的，就基本不会拆开来用的。","anonymity":1,"any_name":"奥利奥","commentCount":null,"user":{"id":9369,"name":"仿生丁真梦见电子珍珠","avatar_url":"http://test01-20200725.oss-cn-shenzhen.aliyuncs.com/image/1658976760258.gif?Expires=1974336781&OSSAccessKeyId=LTAI4G5RL7pjavqASCwc42kR&Signature=IkHJykN03nLTtw0bj3v3hUCfzPA%3D"},"isCommentLike":-5,"dislike_count":0},{"id":134252,"parent_id":134075,"type":2,"commentor":1772,"gmtCreate":null,"gmtModified":null,"like_count":0,"content":"我现在有一台主机一个pad，以前的笔记本被我弄炸了emm 想买个轻薄本","anonymity":0,"any_name":null,"commentCount":null,"user":{"id":1772,"name":"Belove.","avatar_url":"https://thirdwx.qlogo.cn/mmopen/vi_32/PiajxSqBRaEIqgQRjZ1OPTiaQqkSjIm9vgnC9hde839dCa7palDd29eIPUv7z0shjqyAO5X0ZXsrj1xkLZu9UPuw/132"},"isCommentLike":-5,"dislike_count":0},{"id":134253,"parent_id":134077,"type":2,"commentor":1772,"gmtCreate":null,"gmtModified":null,"like_count":0,"content":"好的好的 谢谢建议","anonymity":0,"any_name":null,"commentCount":null,"user":{"id":1772,"name":"Belove.","avatar_url":"https://thirdwx.qlogo.cn/mmopen/vi_32/PiajxSqBRaEIqgQRjZ1OPTiaQqkSjIm9vgnC9hde839dCa7palDd29eIPUv7z0shjqyAO5X0ZXsrj1xkLZu9UPuw/132"},"isCommentLike":-5,"dislike_count":0}],"any_name":"亚古兽","relation":-2,"liked":-4,"anonymity":1,"dislike_count":0}