{"id":34403,"author":null,"author_avatar_url":null,"author_id":9546,"author_status":1,"gmt_create":1660821464290,"gmt_modified":1660821464290,"content":"插头插排的什么鬼啊\uD83D\uDE2D\uD83D\uDE2D\uD83D\uDE2D，都要买英式的吗","title":"插头插排的什么鬼啊\uD83D\uDE2D\uD83D\uDE2D\uD83D\uDE2D，都要买英式的吗","description":"no description yet","like_count":1,"comment_count":12,"view_count":260,"type":"post","tag":"not tag yet","imageList":"","content_source":null,"comments":[{"id":134051,"parent_id":34403,"type":1,"commentor":643,"gmtCreate":null,"gmtModified":null,"like_count":1,"content":"这里建议买几个单纯的转接口（3-4个我感觉就够了），然后排插快递或者到学校以后去珠海买，澳门超市好贵，学校里那个小超市的排插也好贵\uD83D\uDE25\uD83D\uDE25\uD83D\uDE25","anonymity":0,"any_name":null,"commentCount":null,"user":{"id":643,"name":"脾气超级差","avatar_url":"http://test01-20200725.oss-cn-shenzhen.aliyuncs.com/image/1658825259833.jpg?Expires=1974185254&OSSAccessKeyId=LTAI4G5RL7pjavqASCwc42kR&Signature=cVqDAV6c37qT%2FyCkpGnFEKtS3TU%3D"},"isCommentLike":-5,"dislike_count":0},{"id":134060,"parent_id":34403,"type":1,"commentor":5834,"gmtCreate":null,"gmtModified":null,"like_count":1,"content":"买一个转接口 加一个一扩多的插排\n桌上供电可以买一个插排（垂直和魔方插排会好点）\n桌下可以插一个多口充电头 我用的是倍思100w四个口的那种充电头 然后接四个长一点的线 就可以在桌子上只露线给设备充电了","anonymity":0,"any_name":null,"commentCount":null,"user":{"id":5834,"name":"YOYO爱发呆","avatar_url":"http://test01-20200725.oss-cn-shenzhen.aliyuncs.com/image/1648900055409.jpg?Expires=1964260057&OSSAccessKeyId=LTAI4G5RL7pjavqASCwc42kR&Signature=rVAJN0HVwFqqTxtuio7fdMTHzkI%3D"},"isCommentLike":-5,"dislike_count":0},{"id":134054,"parent_id":134051,"type":2,"commentor":9546,"gmtCreate":null,"gmtModified":null,"like_count":0,"content":"那直接从淘宝买好，从家带着吗","anonymity":1,"any_name":"拱北吴彦祖","commentCount":null,"user":{"id":9546,"name":"U_449651660053","avatar_url":null},"isCommentLike":-5,"dislike_count":0},{"id":134056,"parent_id":134054,"type":2,"commentor":643,"gmtCreate":null,"gmtModified":null,"like_count":0,"content":"转接口很小，可以直接带过去，排插比较大也比较重我建议直接寄过去，或者去珠海买，如果行李不重或者不差钱当我没说\uD83D\uDC12","anonymity":0,"any_name":null,"commentCount":null,"user":{"id":643,"name":"脾气超级差","avatar_url":"http://test01-20200725.oss-cn-shenzhen.aliyuncs.com/image/1658825259833.jpg?Expires=1974185254&OSSAccessKeyId=LTAI4G5RL7pjavqASCwc42kR&Signature=cVqDAV6c37qT%2FyCkpGnFEKtS3TU%3D"},"isCommentLike":-5,"dislike_count":0},{"id":134057,"parent_id":134054,"type":2,"commentor":643,"gmtCreate":null,"gmtModified":null,"like_count":0,"content":"我新苗一个排插好像一百多一百五\uD83D\uDE48\uD83D\uDE48\uD83D\uDE48\uD83D\uDE48\uD83D\uDE48收银员都问我为什么要去澳门买","anonymity":0,"any_name":null,"commentCount":null,"user":{"id":643,"name":"脾气超级差","avatar_url":"http://test01-20200725.oss-cn-shenzhen.aliyuncs.com/image/1658825259833.jpg?Expires=1974185254&OSSAccessKeyId=LTAI4G5RL7pjavqASCwc42kR&Signature=cVqDAV6c37qT%2FyCkpGnFEKtS3TU%3D"},"isCommentLike":-5,"dislike_count":0},{"id":134061,"parent_id":134051,"type":2,"commentor":1164,"gmtCreate":null,"gmtModified":null,"like_count":0,"content":"但那个插排挺安全的有防过载 其实也可以在内地买正常的插排到那插个转接头","anonymity":1,"any_name":"大潭山车队","commentCount":null,"user":{"id":1164,"name":"秦志远","avatar_url":"http://test01-20200725.oss-cn-shenzhen.aliyuncs.com/image/1663173791451.jpg?Expires=1978533787&OSSAccessKeyId=LTAI4G5RL7pjavqASCwc42kR&Signature=yvspJQ2abRRvN8CzkVxwwlk2TT0%3D"},"isCommentLike":-5,"dislike_count":0},{"id":134067,"parent_id":134061,"type":2,"commentor":643,"gmtCreate":null,"gmtModified":null,"like_count":0,"content":"对，我也建议内地买了过去，刚看了公牛的才几十……\uD83D\uDE48","anonymity":0,"any_name":null,"commentCount":null,"user":{"id":643,"name":"脾气超级差","avatar_url":"http://test01-20200725.oss-cn-shenzhen.aliyuncs.com/image/1658825259833.jpg?Expires=1974185254&OSSAccessKeyId=LTAI4G5RL7pjavqASCwc42kR&Signature=cVqDAV6c37qT%2FyCkpGnFEKtS3TU%3D"},"isCommentLike":-5,"dislike_count":0},{"id":134212,"parent_id":134060,"type":2,"commentor":144,"gmtCreate":null,"gmtModified":null,"like_count":0,"content":"求个链接","anonymity":0,"any_name":null,"commentCount":null,"user":{"id":144,"name":"专杀小人","avatar_url":"https://thirdwx.qlogo.cn/mmopen/vi_32/GmAxRWEib3ZpiaKz68A1WdRYEozeytEtVHJVcficOqNmaxIXqZzTKs0UWmWAiaIsUB8rUbu2LHjD4fhpwzSVz8gfrg/132"},"isCommentLike":-5,"dislike_count":0},{"id":134306,"parent_id":134212,"type":2,"commentor":5834,"gmtCreate":null,"gmtModified":null,"like_count":0,"content":"你要什么链接","anonymity":0,"any_name":null,"commentCount":null,"user":{"id":5834,"name":"YOYO爱发呆","avatar_url":"http://test01-20200725.oss-cn-shenzhen.aliyuncs.com/image/1648900055409.jpg?Expires=1964260057&OSSAccessKeyId=LTAI4G5RL7pjavqASCwc42kR&Signature=rVAJN0HVwFqqTxtuio7fdMTHzkI%3D"},"isCommentLike":-5,"dislike_count":0},{"id":134402,"parent_id":134306,"type":2,"commentor":144,"gmtCreate":null,"gmtModified":null,"like_count":0,"content":"多口充电","anonymity":0,"any_name":null,"commentCount":null,"user":{"id":144,"name":"专杀小人","avatar_url":"https://thirdwx.qlogo.cn/mmopen/vi_32/GmAxRWEib3ZpiaKz68A1WdRYEozeytEtVHJVcficOqNmaxIXqZzTKs0UWmWAiaIsUB8rUbu2LHjD4fhpwzSVz8gfrg/132"},"isCommentLike":-5,"dislike_count":0},{"id":134610,"parent_id":134402,"type":2,"commentor":5834,"gmtCreate":null,"gmtModified":null,"like_count":0,"content":"tb搜100w充电头就可以","anonymity":0,"any_name":null,"commentCount":null,"user":{"id":5834,"name":"YOYO爱发呆","avatar_url":"http://test01-20200725.oss-cn-shenzhen.aliyuncs.com/image/1648900055409.jpg?Expires=1964260057&OSSAccessKeyId=LTAI4G5RL7pjavqASCwc42kR&Signature=rVAJN0HVwFqqTxtuio7fdMTHzkI%3D"},"isCommentLike":-5,"dislike_count":0},{"id":134859,"parent_id":134610,"type":2,"commentor":144,"gmtCreate":null,"gmtModified":null,"like_count":0,"content":"感谢感谢","anonymity":0,"any_name":null,"commentCount":null,"user":{"id":144,"name":"专杀小人","avatar_url":"https://thirdwx.qlogo.cn/mmopen/vi_32/GmAxRWEib3ZpiaKz68A1WdRYEozeytEtVHJVcficOqNmaxIXqZzTKs0UWmWAiaIsUB8rUbu2LHjD4fhpwzSVz8gfrg/132"},"isCommentLike":-5,"dislike_count":0}],"any_name":"拱北吴彦祖","relation":-2,"liked":-4,"anonymity":1,"dislike_count":0}