{"id":34454,"author":null,"author_avatar_url":null,"author_id":8816,"author_status":1,"gmt_create":1660878519560,"gmt_modified":1660878519560,"content":"那些被网暴的人都怎么样了？其实有些心疼他们\n那些抖音或者树dong 被喷的人\n比如期末泄题好像是误会了（好像，喷就是你对）\n其实他们被误解说出来也没人信啊好惨","title":"那些被网暴的人都怎么样了？其实有些心疼他们\n那些抖音或者树dong 被喷的人\n比如期末泄题好像是误会了（好像，喷就是你对）\n其实他们被误解说出来也没人信啊好惨","description":"no description yet","like_count":3,"comment_count":2,"view_count":195,"type":"post","tag":"not tag yet","imageList":"","content_source":null,"comments":[{"id":134269,"parent_id":34454,"type":1,"commentor":8816,"gmtCreate":null,"gmtModified":null,"like_count":2,"content":"有些人就是自以为是地站在道德制高点…不用理会吧","anonymity":1,"any_name":"英国短毛猫","commentCount":null,"user":{"id":8816,"name":"U_194291653147","avatar_url":null},"isCommentLike":-5,"dislike_count":0},{"id":134284,"parent_id":134269,"type":2,"commentor":104,"gmtCreate":null,"gmtModified":null,"like_count":0,"content":"哈哈哈经典自问自答了","anonymity":1,"any_name":"和味牛杂","commentCount":null,"user":{"id":104,"name":"Oops","avatar_url":"https://thirdwx.qlogo.cn/mmopen/vi_32/whprSj9WZZd4aSbmLClpEWbL7lPVVRoSQaNeXO4NJfb0r9GcM8Ng8B8HkDPPia49VQNLDgu7Ad70MBZ9IIz9h5g/132"},"isCommentLike":-5,"dislike_count":0}],"any_name":"英国短毛猫","relation":-2,"liked":-4,"anonymity":1,"dislike_count":0}