{"id":34546,"author":null,"author_avatar_url":null,"author_id":713,"author_status":1,"gmt_create":1660913424318,"gmt_modified":1660913424318,"content":"科大有啦啦队吗","title":"科大有啦啦队吗","description":"no description yet","like_count":0,"comment_count":4,"view_count":144,"type":"post","tag":"not tag yet","imageList":"","content_source":null,"comments":[{"id":134833,"parent_id":34546,"type":1,"commentor":4501,"gmtCreate":null,"gmtModified":null,"like_count":0,"content":"没有","anonymity":1,"any_name":"人生的智慧","commentCount":null,"user":{"id":4501,"name":"h i","avatar_url":"http://test01-20200725.oss-cn-shenzhen.aliyuncs.com/image/1661616915844.jpg?Expires=1976976914&OSSAccessKeyId=LTAI4G5RL7pjavqASCwc42kR&Signature=v7btMYJbuDCoWwPh9oDjkXU8ipY%3D"},"isCommentLike":-5,"dislike_count":0},{"id":134892,"parent_id":34546,"type":1,"commentor":707,"gmtCreate":null,"gmtModified":null,"like_count":0,"content":"有健美操","anonymity":1,"any_name":"Kelly","commentCount":null,"user":{"id":707,"name":"Nuhcoaix","avatar_url":"https://thirdwx.qlogo.cn/mmopen/vi_32/Q0j4TwGTfTIia9SbEwOGVzHdu9V3H3D2b7lic7p87DJiaSv7V7Y3wHnpcHIQ2FUDZ4mMUoKIASoJuk5fSMKUFSdqg/132"},"isCommentLike":-5,"dislike_count":0},{"id":135352,"parent_id":34546,"type":1,"commentor":955,"gmtCreate":null,"gmtModified":null,"like_count":0,"content":"欢迎来艺术团健美操队！！","anonymity":0,"any_name":null,"commentCount":null,"user":{"id":955,"name":"XiyangChen","avatar_url":"https://thirdwx.qlogo.cn/mmopen/vi_32/CQ71lLLehh5qFtrME6803iaJ4Jn3fGc3p93MH5A6K5Fia3VpAl7uS8dmia6Af1lZPsRAajeKq4LwMJBIahBfgicI5w/132"},"isCommentLike":-5,"dislike_count":0},{"id":135361,"parent_id":135352,"type":2,"commentor":955,"gmtCreate":null,"gmtModified":null,"like_count":0,"content":"可以关注“澳科大文体办”的公众号，之后会发宣传推文和报名方式等！","anonymity":0,"any_name":null,"commentCount":null,"user":{"id":955,"name":"XiyangChen","avatar_url":"https://thirdwx.qlogo.cn/mmopen/vi_32/CQ71lLLehh5qFtrME6803iaJ4Jn3fGc3p93MH5A6K5Fia3VpAl7uS8dmia6Af1lZPsRAajeKq4LwMJBIahBfgicI5w/132"},"isCommentLike":-5,"dislike_count":0}],"any_name":"鸡蛋仔","relation":-2,"liked":-4,"anonymity":1,"dislike_count":0}