{"id":34550,"author":null,"author_avatar_url":null,"author_id":596,"author_status":1,"gmt_create":1660914699909,"gmt_modified":1660914699909,"content":"姐妹们 澳门有哪里可以带煎中药吗","title":"姐妹们 澳门有哪里可以带煎中药吗","description":"no description yet","like_count":0,"comment_count":1,"view_count":48,"type":"post","tag":"not tag yet","imageList":"","content_source":null,"comments":[{"id":134916,"parent_id":34550,"type":1,"commentor":3563,"gmtCreate":null,"gmtModified":null,"like_count":0,"content":"不知道 但我有试过从内陆带过关，保险起见带上就诊开药单做个证明","anonymity":1,"any_name":"奥利奥","commentCount":null,"user":{"id":3563,"name":"帽子猫","avatar_url":"http://test01-20200725.oss-cn-shenzhen.aliyuncs.com/image/1645332074123.jpg?Expires=1960692066&OSSAccessKeyId=LTAI4G5RL7pjavqASCwc42kR&Signature=RZZe%2B9T54BDz1V0pOuqpFOGYhFc%3D"},"isCommentLike":-5,"dislike_count":0}],"any_name":"哥斯拉","relation":-2,"liked":-4,"anonymity":1,"dislike_count":0}