{"id":34638,"author":null,"author_avatar_url":null,"author_id":450,"author_status":1,"gmt_create":1660982895230,"gmt_modified":1660982895230,"content":"想问下挂科了怎么办。重修要怎么加…去学院办理吗","title":"想问下挂科了怎么办。重修要怎么加…去学院办理吗","description":"no description yet","like_count":0,"comment_count":1,"view_count":79,"type":"post","tag":"not tag yet","imageList":"","content_source":null,"comments":[{"id":135322,"parent_id":34638,"type":1,"commentor":8690,"gmtCreate":null,"gmtModified":null,"like_count":0,"content":"下个学期会自动加上的吧","anonymity":1,"any_name":"拉面小路","commentCount":null,"user":{"id":8690,"name":"瓜瓜好甜","avatar_url":null},"isCommentLike":-5,"dislike_count":0}],"any_name":"拱北快递员","relation":-2,"liked":-4,"anonymity":1,"dislike_count":0}