{"id":34792,"author":null,"author_avatar_url":null,"author_id":5776,"author_status":1,"gmt_create":1661134371888,"gmt_modified":1661134371888,"content":"大家申研留学都找中介吗\uD83D\uDE48","title":"大家申研留学都找中介吗\uD83D\uDE48","description":"no description yet","like_count":0,"comment_count":0,"view_count":26,"type":"post","tag":"not tag yet","imageList":"","content_source":null,"comments":null,"any_name":"Anton","relation":-2,"liked":-4,"anonymity":1,"dislike_count":0}