{"id":34815,"author":null,"author_avatar_url":null,"author_id":1471,"author_status":1,"gmt_create":1661150208540,"gmt_modified":1661150208540,"content":"经常发朋友圈真的会令人厌烦吗？已经明显感觉到自己的点赞数变少了。虽然不是特别在乎，但是也怕别人因此讨厌我），很喜欢出去旅游，会经常分享旅游的照片，还有在澳门也比较喜欢出去摄影。莫名有种感觉是以前初高中的熟人见不得我这样，觉得我高中毕业后就变成了天天旅游的无业游民的感觉…但只是我比较喜欢分享，其实很多人都经常出去玩呀。况且朋友圈有自己的主权，我希望是在以后的某个时刻回忆起当时的浪漫，但现在的我发出去都要思前想后、想着要不要间隔控制几天。。。。\n想问一下大家的想法","title":"经常发朋友圈真的会令人厌烦吗？已经明显感觉到自己的点赞数变少了。虽然不是特别在乎，但是也怕别人因此讨厌我），很喜欢出去旅游，会经常分享旅游的照片，还有在澳门也比较喜欢出去","description":"no description yet","like_count":1,"comment_count":24,"view_count":447,"type":"post","tag":"not tag yet","imageList":"","content_source":null,"comments":[{"id":135904,"parent_id":34815,"type":1,"commentor":1397,"gmtCreate":null,"gmtModified":null,"like_count":7,"content":"其实我感觉你不在意根本没事啊 我也很喜欢发puq还天天p点小事碎碎念 有时候一个点赞都没有 但是那又怎么样嘞 就因为发很多puq别人讨厌你压抑自己分享欲属实没必要","anonymity":1,"any_name":"四川麻辣烫","commentCount":null,"user":{"id":1397,"name":"南加州的水果酒","avatar_url":"https://thirdwx.qlogo.cn/mmopen/vi_32/DyqPD7iaQcQWd3npX4BJyPQllyLwvvyrpbk7Du0yPVBgcI1Yaib03ribXLvib77YKtzmXKtn0BPAvx2d9AGcgr6Igg/132"},"isCommentLike":-5,"dislike_count":0},{"id":135901,"parent_id":34815,"type":1,"commentor":992,"gmtCreate":null,"gmtModified":null,"like_count":2,"content":"emmm想太多了 可以发好友圈 也可以发微博","anonymity":1,"any_name":"内卷狂魔","commentCount":null,"user":{"id":992,"name":"啵鸭","avatar_url":"http://test01-20200725.oss-cn-shenzhen.aliyuncs.com/image/1665479739137.jpg?Expires=1980839735&OSSAccessKeyId=LTAI4G5RL7pjavqASCwc42kR&Signature=%2BQTbVVGtv6dwA%2B12CUcF%2FquWUtA%3D"},"isCommentLike":-5,"dislike_count":0},{"id":135903,"parent_id":34815,"type":1,"commentor":71,"gmtCreate":null,"gmtModified":null,"like_count":1,"content":"想发就发吧","anonymity":0,"any_name":null,"commentCount":null,"user":{"id":71,"name":"一支\uD83C\uDF4B茶","avatar_url":"http://test01-20200725.oss-cn-shenzhen.aliyuncs.com/image/1665761422653.jpg?Expires=1981121423&OSSAccessKeyId=LTAI4G5RL7pjavqASCwc42kR&Signature=HKm6K%2Fep6pjNO1GYdhmExFTk7rM%3D"},"isCommentLike":-5,"dislike_count":0},{"id":135908,"parent_id":34815,"type":1,"commentor":881,"gmtCreate":null,"gmtModified":null,"like_count":1,"content":"想发就发！","anonymity":1,"any_name":"咖哩鱼蛋","commentCount":null,"user":{"id":881,"name":"明天一定会早起","avatar_url":"http://test01-20200725.oss-cn-shenzhen.aliyuncs.com/image/1647250276351.jpg?Expires=1962610271&OSSAccessKeyId=LTAI4G5RL7pjavqASCwc42kR&Signature=GVEEMU%2BBoifUCu3nR%2FFAnmKAHc8%3D"},"isCommentLike":-5,"dislike_count":0},{"id":135916,"parent_id":34815,"type":1,"commentor":682,"gmtCreate":null,"gmtModified":null,"like_count":1,"content":"可能仅仅是别人对你发的东西不感兴趣吧","anonymity":0,"any_name":null,"commentCount":null,"user":{"id":682,"name":"~Xenon~","avatar_url":"http://test01-20200725.oss-cn-shenzhen.aliyuncs.com/image/1662451495431.gif?Expires=1977811496&OSSAccessKeyId=LTAI4G5RL7pjavqASCwc42kR&Signature=tLEL737zMefpEHXZzQlS%2Bxz88Ts%3D"},"isCommentLike":-5,"dislike_count":0},{"id":135914,"parent_id":34815,"type":1,"commentor":1828,"gmtCreate":null,"gmtModified":null,"like_count":0,"content":"我一年都发不了一条朋友圈，因为有自己的小圈子日常生活可以跟有相同兴趣的人分享，朋友圈加了很多不太熟只有一面之缘的人不太喜欢发，怕被别人很随意的定义成什么样的人\uD83E\uDD79","anonymity":1,"any_name":"哈士奇","commentCount":null,"user":{"id":1828,"name":"Kirby","avatar_url":"http://test01-20200725.oss-cn-shenzhen.aliyuncs.com/image/1637497282478.jpg?Expires=1952857280&OSSAccessKeyId=LTAI4G5RL7pjavqASCwc42kR&Signature=xiaeEZn0Mk%2BDJvW6Y3w4lngoIwg%3D"},"isCommentLike":-5,"dislike_count":0},{"id":135931,"parent_id":34815,"type":1,"commentor":1380,"gmtCreate":null,"gmtModified":null,"like_count":0,"content":"我就是一天三条四条朋友圈的，但是喜欢我的朋友就会觉得我的朋友圈没有废话，都是在分享快乐和有趣哦，我也是分享欲max的人，不爽的人划走就好啦，也不会计较太多的，咱就是说自己舒服最重要啦，人民币都不是人人喜欢嘛，我们做自己就好啦","anonymity":0,"any_name":null,"commentCount":null,"user":{"id":1380,"name":"47.","avatar_url":"https://thirdwx.qlogo.cn/mmopen/vi_32/Q0j4TwGTfTLxyECuhxq9G3srnuFopfaChyEdJTYQjeXQ74U9LVMfSEMOqac0iciaHqPXtxaUavsAX6LXTS7vHfow/132"},"isCommentLike":-5,"dislike_count":0},{"id":135940,"parent_id":34815,"type":1,"commentor":4050,"gmtCreate":null,"gmtModified":null,"like_count":0,"content":"哈哈哈哈，可以控制一下频率，让人家好奇一下，挺可爱的烦恼","anonymity":1,"any_name":"芋圆奶茶","commentCount":null,"user":{"id":4050,"name":"cnalyh","avatar_url":"http://test01-20200725.oss-cn-shenzhen.aliyuncs.com/image/1658502850898.jpg?Expires=1973862850&OSSAccessKeyId=LTAI4G5RL7pjavqASCwc42kR&Signature=Xo08gNqkzWU9fbSu41ClzUKJZmM%3D"},"isCommentLike":-5,"dislike_count":0},{"id":135967,"parent_id":34815,"type":1,"commentor":9317,"gmtCreate":null,"gmtModified":null,"like_count":0,"content":"好像知道你是谁了 不要太在意别人的想法啦像你说的朋友圈是为了记录分享 不要太在意点赞数就好","anonymity":1,"any_name":"拱北快递员","commentCount":null,"user":{"id":9317,"name":"U_147721657607","avatar_url":"http://test01-20200725.oss-cn-shenzhen.aliyuncs.com/image/1660989871529.jpg?Expires=1976349871&OSSAccessKeyId=LTAI4G5RL7pjavqASCwc42kR&Signature=mk0cvi0yWlkyHfpWW6wzPeMLBvQ%3D"},"isCommentLike":-5,"dislike_count":0},{"id":135995,"parent_id":34815,"type":1,"commentor":9578,"gmtCreate":null,"gmtModified":null,"like_count":0,"content":"开小号，就加了几个特别好的初高中朋友，大家都很熟天天发也没事","anonymity":1,"any_name":"六级词汇","commentCount":null,"user":{"id":9578,"name":"U_504571660219","avatar_url":null},"isCommentLike":-5,"dislike_count":0},{"id":136004,"parent_id":34815,"type":1,"commentor":85,"gmtCreate":null,"gmtModified":null,"like_count":0,"content":"我巅峰时期票圈一天能发11条 我好朋友们还都帮我数着、不喜欢看的人应该都会自动屏蔽吧","anonymity":0,"any_name":null,"commentCount":null,"user":{"id":85,"name":"Anne漪（撒欢放假版","avatar_url":"https://thirdwx.qlogo.cn/mmopen/vi_32/boORqiaGxZHpFfgBa6Ztu9pm6KmCpPwDOTSW3u7Mn5Fl9Y7YNt7vLjWP8ShwCAicpCPFj65czgoLwMQGUsQhO02w/132"},"isCommentLike":-5,"dislike_count":0},{"id":135906,"parent_id":135901,"type":2,"commentor":1471,"gmtCreate":null,"gmtModified":null,"like_count":0,"content":"感觉自己没有想多，有些人真的很讨厌，之前给你点赞评论现在故意跳过你。。但是我不怎么玩微博，谢谢建议！","anonymity":1,"any_name":"三鲜水饺","commentCount":null,"user":{"id":1471,"name":"塔可","avatar_url":null},"isCommentLike":-5,"dislike_count":0},{"id":135907,"parent_id":135903,"type":2,"commentor":1471,"gmtCreate":null,"gmtModified":null,"like_count":0,"content":"好！","anonymity":1,"any_name":"三鲜水饺","commentCount":null,"user":{"id":1471,"name":"塔可","avatar_url":null},"isCommentLike":-5,"dislike_count":0},{"id":135909,"parent_id":135904,"type":2,"commentor":1471,"gmtCreate":null,"gmtModified":null,"like_count":0,"content":"嗯就是感觉有些人很讨厌，本来关系不错的后来故意跳过我的朋友圈，就感觉挺膈应的，毕竟我感觉我的分享欲也挺需要有回应的。就怕是发多了会不会招人烦了\uD83D\uDE2D","anonymity":1,"any_name":"三鲜水饺","commentCount":null,"user":{"id":1471,"name":"塔可","avatar_url":null},"isCommentLike":-5,"dislike_count":0},{"id":135911,"parent_id":135908,"type":2,"commentor":1471,"gmtCreate":null,"gmtModified":null,"like_count":0,"content":"好的\uD83D\uDE2D但感觉整个朋友圈最活跃的是我，大部分人一年到头都发不了几个","anonymity":1,"any_name":"三鲜水饺","commentCount":null,"user":{"id":1471,"name":"塔可","avatar_url":null},"isCommentLike":-5,"dislike_count":0},{"id":135912,"parent_id":135909,"type":2,"commentor":700,"gmtCreate":null,"gmtModified":null,"like_count":0,"content":"不要想太多啦ovo","anonymity":0,"any_name":null,"commentCount":null,"user":{"id":700,"name":"我是Apex高手","avatar_url":"http://test01-20200725.oss-cn-shenzhen.aliyuncs.com/image/1663215936796.jpg?Expires=1978575936&OSSAccessKeyId=LTAI4G5RL7pjavqASCwc42kR&Signature=iGYHDWJ0bdPnEuRGScA1%2F8rgr40%3D"},"isCommentLike":-5,"dislike_count":0},{"id":135913,"parent_id":135912,"type":2,"commentor":1471,"gmtCreate":null,"gmtModified":null,"like_count":0,"content":"好的，谢谢你的建议！","anonymity":1,"any_name":"三鲜水饺","commentCount":null,"user":{"id":1471,"name":"塔可","avatar_url":null},"isCommentLike":-5,"dislike_count":0},{"id":135915,"parent_id":135914,"type":2,"commentor":1471,"gmtCreate":null,"gmtModified":null,"like_count":0,"content":"原来如此，但我不熟悉的人会设置仅聊天。因为朋友圈汇集了普通同学、关系比较好的同学和普通朋友、好朋友，所以我更喜欢在朋友圈分享，如果在别的网络平台我只会让最好的朋友关注","anonymity":1,"any_name":"三鲜水饺","commentCount":null,"user":{"id":1471,"name":"塔可","avatar_url":null},"isCommentLike":-5,"dislike_count":0},{"id":135918,"parent_id":135916,"type":2,"commentor":1471,"gmtCreate":null,"gmtModified":null,"like_count":0,"content":"（个人观点）以前关系不错的人会给我点和评但现在故意跳过，我直觉是觉得我展现出了一种生活过得没有烦恼的状态，而且我整个朋友圈中的人都是一年不发几条，对比下来让人看了感觉不爽吧，之前也在网上搜索过有同感的人的帖子。如果是真的不感兴趣就应该没有这种前后对比","anonymity":1,"any_name":"三鲜水饺","commentCount":null,"user":{"id":1471,"name":"塔可","avatar_url":null},"isCommentLike":-5,"dislike_count":0},{"id":135936,"parent_id":135931,"type":2,"commentor":1471,"gmtCreate":null,"gmtModified":null,"like_count":0,"content":"谢谢谢谢！！！你的话语完全开导了我\uD83D\uDE2D\uD83D\uDE2D","anonymity":1,"any_name":"三鲜水饺","commentCount":null,"user":{"id":1471,"name":"塔可","avatar_url":null},"isCommentLike":-5,"dislike_count":0},{"id":136013,"parent_id":135940,"type":2,"commentor":1471,"gmtCreate":null,"gmtModified":null,"like_count":0,"content":"哈哈好的，已经在控制啦","anonymity":1,"any_name":"三鲜水饺","commentCount":null,"user":{"id":1471,"name":"塔可","avatar_url":null},"isCommentLike":-5,"dislike_count":0},{"id":136014,"parent_id":135967,"type":2,"commentor":1471,"gmtCreate":null,"gmtModified":null,"like_count":0,"content":"是的\uD83D\uDE2D谢谢你","anonymity":1,"any_name":"三鲜水饺","commentCount":null,"user":{"id":1471,"name":"塔可","avatar_url":null},"isCommentLike":-5,"dislike_count":0},{"id":136015,"parent_id":135995,"type":2,"commentor":1471,"gmtCreate":null,"gmtModified":null,"like_count":0,"content":"也有开小号，但是只加特别好的朋友在上面发一些心事。所以更爱在大号发照片，让一些关系较好的同学（但达不到非常好的朋友的人）能看见","anonymity":1,"any_name":"三鲜水饺","commentCount":null,"user":{"id":1471,"name":"塔可","avatar_url":null},"isCommentLike":-5,"dislike_count":0},{"id":136016,"parent_id":136004,"type":2,"commentor":1471,"gmtCreate":null,"gmtModified":null,"like_count":0,"content":"对的\uD83C\uDF39","anonymity":1,"any_name":"三鲜水饺","commentCount":null,"user":{"id":1471,"name":"塔可","avatar_url":null},"isCommentLike":-5,"dislike_count":0}],"any_name":"三鲜水饺","relation":-2,"liked":-4,"anonymity":1,"dislike_count":0}