{"id":34842,"author":null,"author_avatar_url":null,"author_id":1720,"author_status":1,"gmt_create":1661169333609,"gmt_modified":1661169333609,"content":"内地医院就诊学校报销吗","title":"内地医院就诊学校报销吗","description":"no description yet","like_count":0,"comment_count":2,"view_count":141,"type":"post","tag":"not tag yet","imageList":"","content_source":null,"comments":[{"id":136017,"parent_id":34842,"type":1,"commentor":2846,"gmtCreate":null,"gmtModified":null,"like_count":0,"content":"只报三甲","anonymity":0,"any_name":null,"commentCount":null,"user":{"id":2846,"name":"周阴婷","avatar_url":"http://test01-20200725.oss-cn-shenzhen.aliyuncs.com/image/1660885785511.jpg?Expires=1976245780&OSSAccessKeyId=LTAI4G5RL7pjavqASCwc42kR&Signature=PNYtGG%2FeQ2cQkGzMJFSqH0jEFl0%3D"},"isCommentLike":-5,"dislike_count":0},{"id":136045,"parent_id":136017,"type":2,"commentor":1720,"gmtCreate":null,"gmtModified":null,"like_count":0,"content":"谢谢谢谢","anonymity":1,"any_name":"Kelly","commentCount":null,"user":{"id":1720,"name":"炸雷","avatar_url":"http://test01-20200725.oss-cn-shenzhen.aliyuncs.com/image/1658245440373.jpg?Expires=1973605437&OSSAccessKeyId=LTAI4G5RL7pjavqASCwc42kR&Signature=NWzfgkQOGwDxn0D84UffTpsafqI%3D"},"isCommentLike":-5,"dislike_count":0}],"any_name":"Kelly","relation":-2,"liked":-4,"anonymity":1,"dislike_count":0}