{"id":34907,"author":null,"author_avatar_url":null,"author_id":840,"author_status":1,"gmt_create":1661224094898,"gmt_modified":1661224094898,"content":"有多少同学打算9.13/9.14再回校的啊","title":"有多少同学打算9.13/9.14再回校的啊","description":"no description yet","like_count":0,"comment_count":3,"view_count":334,"type":"post","tag":"not tag yet","imageList":"","content_source":null,"comments":[{"id":136240,"parent_id":34907,"type":1,"commentor":1870,"gmtCreate":null,"gmtModified":null,"like_count":0,"content":"我","anonymity":1,"any_name":"葡挞","commentCount":null,"user":{"id":1870,"name":"U_321021637685","avatar_url":null},"isCommentLike":-5,"dislike_count":0},{"id":136242,"parent_id":34907,"type":1,"commentor":1025,"gmtCreate":null,"gmtModified":null,"like_count":0,"content":"我准备12回去，可是学校说必须提前十天，但他其实去年前年都没管。有点纠结","anonymity":1,"any_name":"GRE精选","commentCount":null,"user":{"id":1025,"name":"R_t","avatar_url":"https://thirdwx.qlogo.cn/mmopen/vi_32/sBJGEvylut78j3YCXXia4dULI3LrOicTuoHjR5f5pYxL94EWknlw1Z8ia0NGtDibhGpSmdfUtZQFfpZgbia8VYe1iaxQ/132"},"isCommentLike":-5,"dislike_count":0},{"id":136263,"parent_id":34907,"type":1,"commentor":1300,"gmtCreate":null,"gmtModified":null,"like_count":0,"content":"我","anonymity":1,"any_name":"拱北快递员","commentCount":null,"user":{"id":1300,"name":"momo","avatar_url":"https://thirdwx.qlogo.cn/mmopen/vi_32/Q3auHgzwzM7CGtMib0fLpiacnFCIV4p4fOQq7YJFnq1qz3Rib80wFzy3bQgCZJ8zbY0YpiciakLNOuK69UMKfibj3lwg/132"},"isCommentLike":-5,"dislike_count":0}],"any_name":"皮卡丘","relation":-2,"liked":-4,"anonymity":1,"dislike_count":0}