{"id":34950,"author":null,"author_avatar_url":null,"author_id":154,"author_status":1,"gmt_create":1661243581266,"gmt_modified":1661243581266,"content":"21级也会组建MUSTOP吗！想加想加","title":"21级也会组建MUSTOP吗！想加想加","description":"no description yet","like_count":3,"comment_count":1,"view_count":425,"type":"post","tag":"not tag yet","imageList":"","content_source":null,"comments":[{"id":136391,"parent_id":34950,"type":1,"commentor":430,"gmtCreate":null,"gmtModified":null,"like_count":2,"content":"我想应该会滴!!!!! 加油！","anonymity":1,"any_name":"内卷狂魔","commentCount":null,"user":{"id":430,"name":"deserveW","avatar_url":"http://test01-20200725.oss-cn-shenzhen.aliyuncs.com/image/1663647322237.jpg?Expires=1979007335&OSSAccessKeyId=LTAI4G5RL7pjavqASCwc42kR&Signature=L5wGFgOcR80aUzlkmEOY3X7aCJs%3D"},"isCommentLike":-5,"dislike_count":0}],"any_name":"三鲜水饺","relation":-2,"liked":-4,"anonymity":1,"dislike_count":0}