{"id":35091,"author":null,"author_avatar_url":null,"author_id":7927,"author_status":1,"gmt_create":1661337945848,"gmt_modified":1661337945848,"content":"请问实验课也有网课上吗？有的话怎么上呢？比如这一个，谢谢家人们的回答","title":"请问实验课也有网课上吗？有的话怎么上呢？比如这一个，谢谢家人们的回答","description":"no description yet","like_count":0,"comment_count":2,"view_count":44,"type":"post","tag":"not tag yet","imageList":"http://test01-20200725.oss-cn-shenzhen.aliyuncs.com/image/1661337914296.jpg?Expires=1976697905&OSSAccessKeyId=LTAI4G5RL7pjavqASCwc42kR&Signature=UQfJGek1AvLKxIGRIobobUAczC0%3D","content_source":null,"comments":[{"id":136972,"parent_id":35091,"type":1,"commentor":1643,"gmtCreate":null,"gmtModified":null,"like_count":0,"content":"网课，ktu远程操作，你跟着做就行","anonymity":1,"any_name":"Tom","commentCount":null,"user":{"id":1643,"name":"AzumaSeren","avatar_url":"http://test01-20200725.oss-cn-shenzhen.aliyuncs.com/image/1640343054381.jpg?Expires=1955703051&OSSAccessKeyId=LTAI4G5RL7pjavqASCwc42kR&Signature=xobDWi9M3LD6ddEZU8hK4WJH1i8%3D"},"isCommentLike":-5,"dislike_count":0},{"id":136987,"parent_id":136972,"type":2,"commentor":7927,"gmtCreate":null,"gmtModified":null,"like_count":0,"content":"好的，谢谢你","anonymity":1,"any_name":"四川麻辣烫","commentCount":null,"user":{"id":7927,"name":"U_461961652268","avatar_url":null},"isCommentLike":-5,"dislike_count":0}],"any_name":"四川麻辣烫","relation":-2,"liked":-4,"anonymity":1,"dislike_count":0}