{"id":35245,"author":null,"author_avatar_url":null,"author_id":596,"author_status":1,"gmt_create":1661447099634,"gmt_modified":1661447099634,"content":"宿舍有没有除虫服务 已经要被虫子吓到死掉了呜呜呜","title":"宿舍有没有除虫服务 已经要被虫子吓到死掉了呜呜呜","description":"no description yet","like_count":1,"comment_count":0,"view_count":8,"type":"post","tag":"not tag yet","imageList":"","content_source":null,"comments":null,"any_name":"offer收割机","relation":-2,"liked":-4,"anonymity":1,"dislike_count":0}