{"id":35300,"author":null,"author_avatar_url":null,"author_id":9667,"author_status":1,"gmt_create":1661498114485,"gmt_modified":1661498114485,"content":"有人了解AP1X Club吗？想加，不知道哪里进？？？","title":"有人了解AP1X Club吗？想加，不知道哪里进？？？","description":"no description yet","like_count":1,"comment_count":5,"view_count":156,"type":"post","tag":"not tag yet","imageList":"","content_source":null,"comments":[{"id":137591,"parent_id":35300,"type":1,"commentor":268,"gmtCreate":null,"gmtModified":null,"like_count":0,"content":"公交车俱乐部？","anonymity":1,"any_name":"Tom","commentCount":null,"user":{"id":268,"name":"敖","avatar_url":"https://thirdwx.qlogo.cn/mmopen/vi_32/8nsklc0ARyFr5d1BWVKWoykl9R9vK16dXOEbWjcT1t8Qvufc9hTwnvwrVuTD4CtZc54DW1W9CU5cE7ic9a6A1Gw/132"},"isCommentLike":-5,"dislike_count":0},{"id":137595,"parent_id":35300,"type":1,"commentor":1635,"gmtCreate":null,"gmtModified":null,"like_count":0,"content":"往前面翻，搜索ap1x","anonymity":1,"any_name":"芋圆奶茶","commentCount":null,"user":{"id":1635,"name":"藿香正气\uD83D\uDC8A","avatar_url":"https://thirdwx.qlogo.cn/mmopen/vi_32/PpflfJKhVu4TC8IlTvfe1V7snh4jWibYrPaHd8vtzicREJNHIiarS9SFpr8nHK2jN8TlFZqUjd8ajibFD8urbU9ZGQ/132"},"isCommentLike":-5,"dislike_count":0},{"id":137701,"parent_id":35300,"type":1,"commentor":430,"gmtCreate":null,"gmtModified":null,"like_count":0,"content":"耶 出名了","anonymity":0,"any_name":null,"commentCount":null,"user":{"id":430,"name":"deserveW","avatar_url":"http://test01-20200725.oss-cn-shenzhen.aliyuncs.com/image/1663647322237.jpg?Expires=1979007335&OSSAccessKeyId=LTAI4G5RL7pjavqASCwc42kR&Signature=L5wGFgOcR80aUzlkmEOY3X7aCJs%3D"},"isCommentLike":-5,"dislike_count":0},{"id":137596,"parent_id":137591,"type":2,"commentor":1635,"gmtCreate":null,"gmtModified":null,"like_count":0,"content":"一个学生社群","anonymity":1,"any_name":"芋圆奶茶","commentCount":null,"user":{"id":1635,"name":"藿香正气\uD83D\uDC8A","avatar_url":"https://thirdwx.qlogo.cn/mmopen/vi_32/PpflfJKhVu4TC8IlTvfe1V7snh4jWibYrPaHd8vtzicREJNHIiarS9SFpr8nHK2jN8TlFZqUjd8ajibFD8urbU9ZGQ/132"},"isCommentLike":-5,"dislike_count":0},{"id":137597,"parent_id":137591,"type":2,"commentor":9174,"gmtCreate":null,"gmtModified":null,"like_count":0,"content":"电车派对","anonymity":1,"any_name":"Kelly","commentCount":null,"user":{"id":9174,"name":"U_907231654308","avatar_url":null},"isCommentLike":-5,"dislike_count":0}],"any_name":"喷火龙","relation":-2,"liked":-4,"anonymity":1,"dislike_count":0}