{"id":35341,"author":null,"author_avatar_url":null,"author_id":1150,"author_status":1,"gmt_create":1661521409664,"gmt_modified":1661521409664,"content":"大家觉得怎样算交心","title":"大家觉得怎样算交心","description":"no description yet","like_count":2,"comment_count":4,"view_count":206,"type":"post","tag":"not tag yet","imageList":"","content_source":null,"comments":[{"id":137806,"parent_id":35341,"type":1,"commentor":3130,"gmtCreate":null,"gmtModified":null,"like_count":0,"content":"做爱","anonymity":1,"any_name":"网瘾少年","commentCount":null,"user":{"id":3130,"name":"智障收容所","avatar_url":"http://test01-20200725.oss-cn-shenzhen.aliyuncs.com/image/1660154663056.jpg?Expires=1975514654&OSSAccessKeyId=LTAI4G5RL7pjavqASCwc42kR&Signature=4Le4p3k9kRIV5pGDVIBE2RduMe4%3D"},"isCommentLike":-5,"dislike_count":0},{"id":137807,"parent_id":35341,"type":1,"commentor":270,"gmtCreate":null,"gmtModified":null,"like_count":0,"content":"展示脆弱的一面","anonymity":1,"any_name":"和味牛杂","commentCount":null,"user":{"id":270,"name":"蛆奇味蝻瓜饼","avatar_url":"http://test01-20200725.oss-cn-shenzhen.aliyuncs.com/image/1660746251527.jpg?Expires=1976106242&OSSAccessKeyId=LTAI4G5RL7pjavqASCwc42kR&Signature=wxKGSngs19HSbuL3DpNT%2BQ%2BIzxU%3D"},"isCommentLike":-5,"dislike_count":0},{"id":137818,"parent_id":35341,"type":1,"commentor":1471,"gmtCreate":null,"gmtModified":null,"like_count":0,"content":"能在假期保持联系，能不怀有戒心地谈论一些秘密，很清楚知道你在对方心里的位置。然而在科大并没有交心的人","anonymity":1,"any_name":"英国短毛猫","commentCount":null,"user":{"id":1471,"name":"塔可","avatar_url":null},"isCommentLike":-5,"dislike_count":0},{"id":137823,"parent_id":137806,"type":2,"commentor":9349,"gmtCreate":null,"gmtModified":null,"like_count":0,"content":"做爱叫交媾","anonymity":1,"any_name":"哥斯拉","commentCount":null,"user":{"id":9349,"name":"雀巢卡扎菲","avatar_url":"http://test01-20200725.oss-cn-shenzhen.aliyuncs.com/image/1658587779635.jpg?Expires=1973947773&OSSAccessKeyId=LTAI4G5RL7pjavqASCwc42kR&Signature=vxX5%2BvkPJtlbYwqs1IBfbOUs3yY%3D"},"isCommentLike":-5,"dislike_count":0}],"any_name":"水箭龟","relation":-2,"liked":-4,"anonymity":1,"dislike_count":0}