{"id":35357,"author":null,"author_avatar_url":null,"author_id":1399,"author_status":1,"gmt_create":1661527579693,"gmt_modified":1661527579693,"content":"好想买ccd\n但是报价500 感觉有点贵\n来个人劝劝我\uD83E\uDEE0","title":"好想买ccd\n但是报价500 感觉有点贵\n来个人劝劝我\uD83E\uDEE0","description":"no description yet","like_count":1,"comment_count":5,"view_count":197,"type":"post","tag":"not tag yet","imageList":"","content_source":null,"comments":[{"id":137879,"parent_id":35357,"type":1,"commentor":1535,"gmtCreate":null,"gmtModified":null,"like_count":1,"content":"对于这种 一般都是劝买\uD83D\uDE04","anonymity":1,"any_name":"摆烂到底","commentCount":null,"user":{"id":1535,"name":"L1","avatar_url":"http://test01-20200725.oss-cn-shenzhen.aliyuncs.com/image/1665746996924.jpg?Expires=1981106992&OSSAccessKeyId=LTAI4G5RL7pjavqASCwc42kR&Signature=GlDWf%2FYFomZfpVzvTV3kkTcbiIo%3D"},"isCommentLike":-5,"dislike_count":0},{"id":137873,"parent_id":35357,"type":1,"commentor":308,"gmtCreate":null,"gmtModified":null,"like_count":0,"content":"喜欢就买 既然是报价那就再砍砍","anonymity":1,"any_name":"芋圆奶茶","commentCount":null,"user":{"id":308,"name":"KJ","avatar_url":"https://thirdwx.qlogo.cn/mmopen/vi_32/2icXLTTYwq6QwgNeCMIR7fLAWdsS2NLdrDQPQ5ia8NGqWgEUHyWuZfibHia94ekYJB0JmBdHVicOd5G5PUiceJDaX3Tg/132"},"isCommentLike":-5,"dislike_count":0},{"id":137880,"parent_id":35357,"type":1,"commentor":1150,"gmtCreate":null,"gmtModified":null,"like_count":0,"content":"爱拍照可以买","anonymity":1,"any_name":"哈士奇","commentCount":null,"user":{"id":1150,"name":"w","avatar_url":"https://thirdwx.qlogo.cn/mmopen/vi_32/csuyfGVLlQDFwrQY1v21eLhIZLhMcmqia0VybXibhRO8cRVx5zhsy6u20xhtOFncwOibDI81ecIRLhMHDfBibjvlhA/132"},"isCommentLike":-5,"dislike_count":0},{"id":137890,"parent_id":35357,"type":1,"commentor":5814,"gmtCreate":null,"gmtModified":null,"like_count":0,"content":"推荐一次性胶卷相机，比ccd更有感觉，而且便宜","anonymity":1,"any_name":"沊仔刘亦菲","commentCount":null,"user":{"id":5814,"name":"U_13011648865","avatar_url":null},"isCommentLike":-5,"dislike_count":0},{"id":137940,"parent_id":35357,"type":1,"commentor":9612,"gmtCreate":null,"gmtModified":null,"like_count":0,"content":"出ccd","anonymity":1,"any_name":"咖哩鱼蛋","commentCount":null,"user":{"id":9612,"name":"梅川酷紫","avatar_url":"http://test01-20200725.oss-cn-shenzhen.aliyuncs.com/image/1660620275343.jpg?Expires=1975980273&OSSAccessKeyId=LTAI4G5RL7pjavqASCwc42kR&Signature=gfa3NuXH%2FJwl%2FkVYe%2FgmusO0qGQ%3D"},"isCommentLike":-5,"dislike_count":0}],"any_name":"珠海小天使","relation":-2,"liked":-4,"anonymity":1,"dislike_count":0}