{"id":35496,"author":null,"author_avatar_url":null,"author_id":411,"author_status":1,"gmt_create":1661655414942,"gmt_modified":1661655414942,"content":"uu 们学校补办一次在学证明多少钱呢","title":"uu 们学校补办一次在学证明多少钱呢","description":"no description yet","like_count":0,"comment_count":1,"view_count":76,"type":"post","tag":"not tag yet","imageList":"","content_source":null,"comments":[{"id":138374,"parent_id":35496,"type":1,"commentor":9152,"gmtCreate":null,"gmtModified":null,"like_count":0,"content":"250","anonymity":1,"any_name":"亚古兽","commentCount":null,"user":{"id":9152,"name":"U_753161653901","avatar_url":null},"isCommentLike":-5,"dislike_count":0}],"any_name":"葡挞","relation":-2,"liked":-4,"anonymity":1,"dislike_count":0}