{"id":35642,"author":null,"author_avatar_url":null,"author_id":635,"author_status":1,"gmt_create":1661769110570,"gmt_modified":1661769110570,"content":"擎天汇附近有做核酸的地方吗","title":"擎天汇附近有做核酸的地方吗","description":"no description yet","like_count":0,"comment_count":4,"view_count":89,"type":"post","tag":"not tag yet","imageList":"","content_source":null,"comments":[{"id":138960,"parent_id":35642,"type":1,"commentor":881,"gmtCreate":null,"gmtModified":null,"like_count":0,"content":"\uD83C\uDE1A","anonymity":1,"any_name":"Tom","commentCount":null,"user":{"id":881,"name":"明天一定会早起","avatar_url":"http://test01-20200725.oss-cn-shenzhen.aliyuncs.com/image/1647250276351.jpg?Expires=1962610271&OSSAccessKeyId=LTAI4G5RL7pjavqASCwc42kR&Signature=GVEEMU%2BBoifUCu3nR%2FFAnmKAHc8%3D"},"isCommentLike":-5,"dislike_count":0},{"id":138973,"parent_id":35642,"type":1,"commentor":1164,"gmtCreate":null,"gmtModified":null,"like_count":0,"content":"有 石排湾临时卫生站","anonymity":1,"any_name":"Jerry","commentCount":null,"user":{"id":1164,"name":"秦志远","avatar_url":"http://test01-20200725.oss-cn-shenzhen.aliyuncs.com/image/1663173791451.jpg?Expires=1978533787&OSSAccessKeyId=LTAI4G5RL7pjavqASCwc42kR&Signature=yvspJQ2abRRvN8CzkVxwwlk2TT0%3D"},"isCommentLike":-5,"dislike_count":0},{"id":139057,"parent_id":35642,"type":1,"commentor":9607,"gmtCreate":null,"gmtModified":null,"like_count":0,"content":"石排湾公立学校那边","anonymity":0,"any_name":null,"commentCount":null,"user":{"id":9607,"name":"U_358931660535","avatar_url":null},"isCommentLike":-5,"dislike_count":0},{"id":138975,"parent_id":138960,"type":2,"commentor":1164,"gmtCreate":null,"gmtModified":null,"like_count":0,"content":"现在有了","anonymity":1,"any_name":"Jerry","commentCount":null,"user":{"id":1164,"name":"秦志远","avatar_url":"http://test01-20200725.oss-cn-shenzhen.aliyuncs.com/image/1663173791451.jpg?Expires=1978533787&OSSAccessKeyId=LTAI4G5RL7pjavqASCwc42kR&Signature=yvspJQ2abRRvN8CzkVxwwlk2TT0%3D"},"isCommentLike":-5,"dislike_count":0}],"any_name":"允指原味鸡","relation":-2,"liked":-4,"anonymity":1,"dislike_count":0}