{"id":35750,"author":null,"author_avatar_url":null,"author_id":1225,"author_status":1,"gmt_create":1661835742580,"gmt_modified":1661835742580,"content":"还是不知道怎么开始学雅思","title":"还是不知道怎么开始学雅思","description":"no description yet","like_count":1,"comment_count":2,"view_count":195,"type":"post","tag":"not tag yet","imageList":"","content_source":null,"comments":[{"id":139238,"parent_id":35750,"type":1,"commentor":1044,"gmtCreate":null,"gmtModified":null,"like_count":0,"content":"同，打算自学","anonymity":1,"any_name":"喷火龙","commentCount":null,"user":{"id":1044,"name":"丸子","avatar_url":"http://test01-20200725.oss-cn-shenzhen.aliyuncs.com/image/1643939649574.jpg?Expires=1959299650&OSSAccessKeyId=LTAI4G5RL7pjavqASCwc42kR&Signature=LsC8yKMd1RfltOTI2L5bwLzDDoU%3D"},"isCommentLike":-5,"dislike_count":0},{"id":139241,"parent_id":139238,"type":2,"commentor":270,"gmtCreate":null,"gmtModified":null,"like_count":0,"content":"加一","anonymity":1,"any_name":"大潭山车队","commentCount":null,"user":{"id":270,"name":"蛆奇味蝻瓜饼","avatar_url":"http://test01-20200725.oss-cn-shenzhen.aliyuncs.com/image/1660746251527.jpg?Expires=1976106242&OSSAccessKeyId=LTAI4G5RL7pjavqASCwc42kR&Signature=wxKGSngs19HSbuL3DpNT%2BQ%2BIzxU%3D"},"isCommentLike":-5,"dislike_count":0}],"any_name":"哈士奇","relation":-2,"liked":-4,"anonymity":1,"dislike_count":0}