{"id":35838,"author":null,"author_avatar_url":null,"author_id":9718,"author_status":1,"gmt_create":1661870895742,"gmt_modified":1661870895742,"content":"请问下如何退回开学交的押金啊？","title":"请问下如何退回开学交的押金啊？","description":"no description yet","like_count":0,"comment_count":3,"view_count":171,"type":"post","tag":"not tag yet","imageList":"","content_source":null,"comments":[{"id":139472,"parent_id":35838,"type":1,"commentor":894,"gmtCreate":null,"gmtModified":null,"like_count":0,"content":"毕业退","anonymity":1,"any_name":"葡挞","commentCount":null,"user":{"id":894,"name":"y∩__∩y","avatar_url":"https://thirdwx.qlogo.cn/mmopen/vi_32/Q0j4TwGTfTLvHSooAhldC2diaY7555dhaaBR7NIc7ibibRjAnQWr6QQb9WMDDtoIb9lfiaRjCl8iayI3KchLibKjEAlg/132"},"isCommentLike":-5,"dislike_count":0},{"id":139475,"parent_id":35838,"type":1,"commentor":950,"gmtCreate":null,"gmtModified":null,"like_count":0,"content":"毕业退","anonymity":1,"any_name":"沊仔刘亦菲","commentCount":null,"user":{"id":950,"name":"嘉心糖今天吃什么","avatar_url":"http://test01-20200725.oss-cn-shenzhen.aliyuncs.com/image/1653601697278.gif?Expires=1968961688&OSSAccessKeyId=LTAI4G5RL7pjavqASCwc42kR&Signature=MJ1wFoThzUSd5vemDHpVKNWnCcA%3D"},"isCommentLike":-5,"dislike_count":0},{"id":139614,"parent_id":35838,"type":1,"commentor":9718,"gmtCreate":null,"gmtModified":null,"like_count":0,"content":"如果中途退学能退吗","anonymity":1,"any_name":"人生的智慧","commentCount":null,"user":{"id":9718,"name":"对方正在输入中...","avatar_url":"http://test01-20200725.oss-cn-shenzhen.aliyuncs.com/image/1661927242798.jpg?Expires=1977287239&OSSAccessKeyId=LTAI4G5RL7pjavqASCwc42kR&Signature=PL8Q3nIs3TQNZa%2BrsO6elmpguYg%3D"},"isCommentLike":-5,"dislike_count":0}],"any_name":"人生的智慧","relation":-2,"liked":-4,"anonymity":1,"dislike_count":0}