{"id":35880,"author":null,"author_avatar_url":null,"author_id":635,"author_status":1,"gmt_create":1661913505055,"gmt_modified":1661913505055,"content":"擎天汇是不是有自习室和图书馆啊？具体位置在哪啊？跟学校里面一样，也可以打印东西吗？","title":"擎天汇是不是有自习室和图书馆啊？具体位置在哪啊？跟学校里面一样，也可以打印东西吗？","description":"no description yet","like_count":0,"comment_count":2,"view_count":117,"type":"post","tag":"not tag yet","imageList":"","content_source":null,"comments":[{"id":139619,"parent_id":35880,"type":1,"commentor":9349,"gmtCreate":null,"gmtModified":null,"like_count":0,"content":"想多了，擎天汇只有吃饭，睡觉和拉屎三个功能","anonymity":1,"any_name":"深海鳕鱼堡","commentCount":null,"user":{"id":9349,"name":"雀巢卡扎菲","avatar_url":"http://test01-20200725.oss-cn-shenzhen.aliyuncs.com/image/1658587779635.jpg?Expires=1973947773&OSSAccessKeyId=LTAI4G5RL7pjavqASCwc42kR&Signature=vxX5%2BvkPJtlbYwqs1IBfbOUs3yY%3D"},"isCommentLike":-5,"dislike_count":0},{"id":139625,"parent_id":35880,"type":1,"commentor":1366,"gmtCreate":null,"gmtModified":null,"like_count":0,"content":"擎天汇校区可以自习 新苗楼上可以打印➕图书馆（也可以找有打印机的同学）","anonymity":1,"any_name":"奥利奥","commentCount":null,"user":{"id":1366,"name":"KK","avatar_url":"https://thirdwx.qlogo.cn/mmopen/vi_32/DYAIOgq83ep9TC1VMp3qYqoRJ4LjQr4JT5IMRqSwXzm5NicyvsQLaxYgYFwO2Fb4X9zIHlibbmyHibsm9cscM9U6A/132"},"isCommentLike":-5,"dislike_count":0}],"any_name":"咖哩鱼蛋","relation":-2,"liked":-4,"anonymity":1,"dislike_count":0}