{"id":35992,"author":"U_PJ","author_avatar_url":"http://test01-20200725.oss-cn-shenzhen.aliyuncs.com/image/1664351814063.jpg?Expires=1979711806&OSSAccessKeyId=LTAI4G5RL7pjavqASCwc42kR&Signature=ttgS5p13TfubVoD6FPf3yVML7N8%3D","author_id":9250,"author_status":1,"gmt_create":1661955250689,"gmt_modified":1661955250689,"content":"请问大家住横琴都是在哪里打印的啊 \uD83D\uDC40 为什么我现在需要打印脑子里第一个想法是过关飞回G座楼下 \uD83D\uDE33 救命\uD83D\uDE23","title":"请问大家住横琴都是在哪里打印的啊 \uD83D\uDC40 为什么我现在需要打印脑子里第一个想法是过关飞回G座楼下 \uD83D\uDE33 救命\uD83D\uDE23","description":"no description yet","like_count":0,"comment_count":4,"view_count":72,"type":"post","tag":"not tag yet","imageList":"","content_source":null,"comments":[{"id":139900,"parent_id":35992,"type":1,"commentor":1535,"gmtCreate":null,"gmtModified":null,"like_count":0,"content":"银鑫花园那边有两家 下村也有","anonymity":1,"any_name":"内卷狂魔","commentCount":null,"user":{"id":1535,"name":"L1","avatar_url":"http://test01-20200725.oss-cn-shenzhen.aliyuncs.com/image/1665746996924.jpg?Expires=1981106992&OSSAccessKeyId=LTAI4G5RL7pjavqASCwc42kR&Signature=GlDWf%2FYFomZfpVzvTV3kkTcbiIo%3D"},"isCommentLike":-5,"dislike_count":0},{"id":139912,"parent_id":35992,"type":1,"commentor":9517,"gmtCreate":null,"gmtModified":null,"like_count":0,"content":"我选择买了一个打印机","anonymity":0,"any_name":null,"commentCount":null,"user":{"id":9517,"name":"睡觉不打鼾","avatar_url":null},"isCommentLike":-5,"dislike_count":0},{"id":139913,"parent_id":139912,"type":2,"commentor":9250,"gmtCreate":null,"gmtModified":null,"like_count":0,"content":"哇！这波操作我可以学习","anonymity":0,"any_name":null,"commentCount":null,"user":{"id":9250,"name":"U_PJ","avatar_url":"http://test01-20200725.oss-cn-shenzhen.aliyuncs.com/image/1664351814063.jpg?Expires=1979711806&OSSAccessKeyId=LTAI4G5RL7pjavqASCwc42kR&Signature=ttgS5p13TfubVoD6FPf3yVML7N8%3D"},"isCommentLike":-5,"dislike_count":0},{"id":139915,"parent_id":139900,"type":2,"commentor":9250,"gmtCreate":null,"gmtModified":null,"like_count":0,"content":"非常感谢！我去摸索一下地点\uD83D\uDE38","anonymity":0,"any_name":null,"commentCount":null,"user":{"id":9250,"name":"U_PJ","avatar_url":"http://test01-20200725.oss-cn-shenzhen.aliyuncs.com/image/1664351814063.jpg?Expires=1979711806&OSSAccessKeyId=LTAI4G5RL7pjavqASCwc42kR&Signature=ttgS5p13TfubVoD6FPf3yVML7N8%3D"},"isCommentLike":-5,"dislike_count":0}],"any_name":null,"relation":-2,"liked":-4,"anonymity":0,"dislike_count":0}