{"id":36039,"author":null,"author_avatar_url":null,"author_id":7907,"author_status":1,"gmt_create":1661959145706,"gmt_modified":1661959145706,"content":"请问篮球考什么？真的很想知道谢谢谢谢！","title":"请问篮球考什么？真的很想知道谢谢谢谢！","description":"no description yet","like_count":0,"comment_count":3,"view_count":83,"type":"post","tag":"not tag yet","imageList":"","content_source":null,"comments":[{"id":139997,"parent_id":36039,"type":1,"commentor":9677,"gmtCreate":null,"gmtModified":null,"like_count":0,"content":"投篮，运球，上篮","anonymity":0,"any_name":null,"commentCount":null,"user":{"id":9677,"name":"U_409621661330","avatar_url":null},"isCommentLike":-5,"dislike_count":0},{"id":140002,"parent_id":36039,"type":1,"commentor":7722,"gmtCreate":null,"gmtModified":null,"like_count":0,"content":"罚球 五个 一个二十分","anonymity":1,"any_name":"摆烂到底","commentCount":null,"user":{"id":7722,"name":"U_519281652124","avatar_url":null},"isCommentLike":-5,"dislike_count":0},{"id":140055,"parent_id":36039,"type":1,"commentor":9170,"gmtCreate":null,"gmtModified":null,"like_count":0,"content":"三步上篮好像是","anonymity":0,"any_name":null,"commentCount":null,"user":{"id":9170,"name":"我真的很烦","avatar_url":"http://test01-20200725.oss-cn-shenzhen.aliyuncs.com/image/1658298439595.jpg?Expires=1973658438&OSSAccessKeyId=LTAI4G5RL7pjavqASCwc42kR&Signature=ATqVmbMHfPc%2FcSOBOjNwURHV0NQ%3D"},"isCommentLike":-5,"dislike_count":0}],"any_name":"六级词汇","relation":-2,"liked":-4,"anonymity":1,"dislike_count":0}