{"id":36193,"author":null,"author_avatar_url":null,"author_id":1847,"author_status":1,"gmt_create":1662018292021,"gmt_modified":1662018292021,"content":"中西通只有第一周是网课吗？","title":"中西通只有第一周是网课吗？","description":"no description yet","like_count":1,"comment_count":0,"view_count":6,"type":"post","tag":"not tag yet","imageList":"","content_source":null,"comments":null,"any_name":"珠海小天使","relation":-2,"liked":-4,"anonymity":1,"dislike_count":0}