{"id":36202,"author":null,"author_avatar_url":null,"author_id":9745,"author_status":1,"gmt_create":1662020118869,"gmt_modified":1662020118869,"content":"电影导论的张林明老师和影视摄像基础的孟晓清怎么样啊 是k吗","title":"电影导论的张林明老师和影视摄像基础的孟晓清怎么样啊 是k吗","description":"no description yet","like_count":0,"comment_count":0,"view_count":42,"type":"post","tag":"not tag yet","imageList":"","content_source":null,"comments":null,"any_name":"珠海小天使","relation":-2,"liked":-4,"anonymity":1,"dislike_count":0}