{"id":3633,"author":null,"author_avatar_url":null,"author_id":1170,"author_status":1,"gmt_create":1635875425640,"gmt_modified":1635875425640,"content":"家人们，想知道英语1考试都要考什么内容，大概的题型是什么样子\uD83E\uDDD0","title":"家人们，想知道英语1考试都要考什么内容，大概的题型是什么样子\uD83E\uDDD0","description":"no description yet","like_count":1,"comment_count":0,"view_count":21,"type":"post","tag":"not tag yet","imageList":"","content_source":null,"comments":null,"any_name":"多喝热水","relation":-2,"liked":-4,"anonymity":1,"dislike_count":0}