{"id":36347,"author":"嘟嘟","author_avatar_url":"http://test01-20200725.oss-cn-shenzhen.aliyuncs.com/image/1662051869383.jpg?Expires=1977411866&OSSAccessKeyId=LTAI4G5RL7pjavqASCwc42kR&Signature=wngj%2BL2Uy0qx9Mvot56WW1Eh1DY%3D","author_id":910,"author_status":1,"gmt_create":1662051814947,"gmt_modified":1662051814947,"content":"呜呜呜9.6珠海长隆有没有出发的，2＝2\n中午以后入园","title":"呜呜呜9.6珠海长隆有没有出发的，2＝2\n中午以后入园","description":"no description yet","like_count":0,"comment_count":0,"view_count":26,"type":"post","tag":"not tag yet","imageList":"http://test01-20200725.oss-cn-shenzhen.aliyuncs.com/image/1662051807776.jpg?Expires=1977411805&OSSAccessKeyId=LTAI4G5RL7pjavqASCwc42kR&Signature=ksDTFGy%2FoLg%2F8guGjdj9eX1LsUw%3D","content_source":null,"comments":null,"any_name":null,"relation":-2,"liked":-4,"anonymity":0,"dislike_count":0}