{"id":36469,"author":"U_327331642246","author_avatar_url":null,"author_id":3021,"author_status":1,"gmt_create":1662114714792,"gmt_modified":1662114714792,"content":"再来点外卖推荐喵\n想逐一打卡","title":"再来点外卖推荐喵\n想逐一打卡","description":"no description yet","like_count":0,"comment_count":8,"view_count":177,"type":"post","tag":"not tag yet","imageList":"","content_source":null,"comments":[{"id":141028,"parent_id":36469,"type":1,"commentor":250,"gmtCreate":null,"gmtModified":null,"like_count":2,"content":"我觉得二号院那个隆江猪脚饭可以试试","anonymity":0,"any_name":null,"commentCount":null,"user":{"id":250,"name":"想把天上的星星摘给你","avatar_url":"https://thirdwx.qlogo.cn/mmopen/vi_32/Q0j4TwGTfTJFrt3WdV0nEU4KyBbVLkPcggaickoHUlguu8ZFSb4L8EwjlZHaC7Vz36LIyYeBdd7BD0gcYxmQIEA/132"},"isCommentLike":-5,"dislike_count":0},{"id":141198,"parent_id":36469,"type":1,"commentor":1241,"gmtCreate":null,"gmtModified":null,"like_count":2,"content":"小熊猫","anonymity":1,"any_name":"微积分","commentCount":null,"user":{"id":1241,"name":"lilies","avatar_url":"http://test01-20200725.oss-cn-shenzhen.aliyuncs.com/image/1638097225372.jpg?Expires=1953457215&OSSAccessKeyId=LTAI4G5RL7pjavqASCwc42kR&Signature=ZpjZjuO%2F13e8TqPdcS8PmwI1kjE%3D"},"isCommentLike":-5,"dislike_count":0},{"id":141029,"parent_id":36469,"type":1,"commentor":937,"gmtCreate":null,"gmtModified":null,"like_count":1,"content":"总之Mr.K的饭都平靓正，日与夜的A锅yyds，采蝶坊的鸡腿薯角饭，隆江猪脚饭，大乐鱿鱼酥的吉列双拼，还有金鸡经常有蛮便宜的鸡饭","anonymity":0,"any_name":null,"commentCount":null,"user":{"id":937,"name":"Paprika","avatar_url":"https://thirdwx.qlogo.cn/mmopen/vi_32/DYAIOgq83erXO0Hibm3qJlZAq1DEuggbNcFD7NCFFzJrk2VLe4pHwHvbA8JuV9oOibd44ibYWvprax9F18Ank1eibw/132"},"isCommentLike":-5,"dislike_count":0},{"id":141038,"parent_id":36469,"type":1,"commentor":848,"gmtCreate":null,"gmtModified":null,"like_count":1,"content":"魂太的泡菜猪肉饭\uD83E\uDD24","anonymity":1,"any_name":"沊仔刘亦菲","commentCount":null,"user":{"id":848,"name":"星之歇比","avatar_url":"http://test01-20200725.oss-cn-shenzhen.aliyuncs.com/image/1663430944776.jpg?Expires=1978790938&OSSAccessKeyId=LTAI4G5RL7pjavqASCwc42kR&Signature=EeHzDK5Y9iB67u%2Fy%2BCkZA2PL4Gg%3D"},"isCommentLike":-5,"dislike_count":0},{"id":141045,"parent_id":36469,"type":1,"commentor":1044,"gmtCreate":null,"gmtModified":null,"like_count":1,"content":"凯峰米线（酸辣猪扒）","anonymity":1,"any_name":"奥利奥","commentCount":null,"user":{"id":1044,"name":"丸子","avatar_url":"http://test01-20200725.oss-cn-shenzhen.aliyuncs.com/image/1643939649574.jpg?Expires=1959299650&OSSAccessKeyId=LTAI4G5RL7pjavqASCwc42kR&Signature=LsC8yKMd1RfltOTI2L5bwLzDDoU%3D"},"isCommentLike":-5,"dislike_count":0},{"id":141089,"parent_id":36469,"type":1,"commentor":166,"gmtCreate":null,"gmtModified":null,"like_count":1,"content":"上海生煎包","anonymity":1,"any_name":"六级词汇","commentCount":null,"user":{"id":166,"name":"蜜桃乌龙辰","avatar_url":"http://test01-20200725.oss-cn-shenzhen.aliyuncs.com/image/1648811943142.jpeg?Expires=1964171933&OSSAccessKeyId=LTAI4G5RL7pjavqASCwc42kR&Signature=zLMV1yAVlaNtqjUfhFB4s0PL%2F28%3D"},"isCommentLike":-5,"dislike_count":0},{"id":141090,"parent_id":36469,"type":1,"commentor":166,"gmtCreate":null,"gmtModified":null,"like_count":1,"content":"石磨坊的豉汁蒸排骨饭","anonymity":1,"any_name":"皮卡丘","commentCount":null,"user":{"id":166,"name":"蜜桃乌龙辰","avatar_url":"http://test01-20200725.oss-cn-shenzhen.aliyuncs.com/image/1648811943142.jpeg?Expires=1964171933&OSSAccessKeyId=LTAI4G5RL7pjavqASCwc42kR&Signature=zLMV1yAVlaNtqjUfhFB4s0PL%2F28%3D"},"isCommentLike":-5,"dislike_count":0},{"id":141032,"parent_id":141029,"type":2,"commentor":3021,"gmtCreate":null,"gmtModified":null,"like_count":0,"content":"外卖大神，阿里嘎多捏","anonymity":0,"any_name":null,"commentCount":null,"user":{"id":3021,"name":"U_327331642246","avatar_url":null},"isCommentLike":-5,"dislike_count":0}],"any_name":null,"relation":-2,"liked":-4,"anonymity":0,"dislike_count":0}