{"id":36486,"author":null,"author_avatar_url":null,"author_id":191,"author_status":1,"gmt_create":1662117967859,"gmt_modified":1662117967859,"content":"科大医院能不能堕胎","title":"科大医院能不能堕胎","description":"no description yet","like_count":1,"comment_count":2,"view_count":494,"type":"post","tag":"not tag yet","imageList":"","content_source":null,"comments":[{"id":141065,"parent_id":36486,"type":1,"commentor":450,"gmtCreate":null,"gmtModified":null,"like_count":0,"content":"可以 要家属签字","anonymity":1,"any_name":"沊仔刘亦菲","commentCount":null,"user":{"id":450,"name":"愤怒战士","avatar_url":"http://test01-20200725.oss-cn-shenzhen.aliyuncs.com/image/1663681422485.jpg?Expires=1979041417&OSSAccessKeyId=LTAI4G5RL7pjavqASCwc42kR&Signature=OaxEOUrLeAx82vj0yglZzpMNMjA%3D"},"isCommentLike":-5,"dislike_count":0},{"id":141077,"parent_id":36486,"type":1,"commentor":133,"gmtCreate":null,"gmtModified":null,"like_count":0,"content":"怀孕了？","anonymity":1,"any_name":"鸡蛋仔","commentCount":null,"user":{"id":133,"name":"xxx","avatar_url":"https://thirdwx.qlogo.cn/mmopen/vi_32/TF662XtCl6NNXQ5hYVgN3MlgzLsBOIhF435KHRgmhBkXmWnviajicwcR4jiaDuUnoW7UibEdfwhib4VEV3X2f6pX40Q/132"},"isCommentLike":-5,"dislike_count":0}],"any_name":"深海鳕鱼堡","relation":-2,"liked":-4,"anonymity":1,"dislike_count":0}