{"id":36594,"author":null,"author_avatar_url":null,"author_id":9464,"author_status":1,"gmt_create":1662173614646,"gmt_modified":1662173614646,"content":"学校是不是根本就不是英语授课\uD83D\uDE05\uD83D\uDE05\uD83D\uDE05","title":"学校是不是根本就不是英语授课\uD83D\uDE05\uD83D\uDE05\uD83D\uDE05","description":"no description yet","like_count":0,"comment_count":21,"view_count":492,"type":"post","tag":"not tag yet","imageList":"","content_source":null,"comments":[{"id":141368,"parent_id":36594,"type":1,"commentor":9349,"gmtCreate":null,"gmtModified":null,"like_count":2,"content":"等后面专业课全英文能把你上傻，尤其是商学院，别对英文掉以轻心","anonymity":1,"any_name":"人生的智慧","commentCount":null,"user":{"id":9349,"name":"雀巢卡扎菲","avatar_url":"http://test01-20200725.oss-cn-shenzhen.aliyuncs.com/image/1658587779635.jpg?Expires=1973947773&OSSAccessKeyId=LTAI4G5RL7pjavqASCwc42kR&Signature=vxX5%2BvkPJtlbYwqs1IBfbOUs3yY%3D"},"isCommentLike":-5,"dislike_count":0},{"id":141358,"parent_id":36594,"type":1,"commentor":937,"gmtCreate":null,"gmtModified":null,"like_count":1,"content":"那肯定咯，学会鉴别","anonymity":1,"any_name":"网瘾少年","commentCount":null,"user":{"id":937,"name":"Paprika","avatar_url":"https://thirdwx.qlogo.cn/mmopen/vi_32/DYAIOgq83erXO0Hibm3qJlZAq1DEuggbNcFD7NCFFzJrk2VLe4pHwHvbA8JuV9oOibd44ibYWvprax9F18Ank1eibw/132"},"isCommentLike":-5,"dislike_count":0},{"id":141359,"parent_id":36594,"type":1,"commentor":4501,"gmtCreate":null,"gmtModified":null,"like_count":1,"content":"被你发现了","anonymity":1,"any_name":"深海鳕鱼堡","commentCount":null,"user":{"id":4501,"name":"h i","avatar_url":"http://test01-20200725.oss-cn-shenzhen.aliyuncs.com/image/1661616915844.jpg?Expires=1976976914&OSSAccessKeyId=LTAI4G5RL7pjavqASCwc42kR&Signature=v7btMYJbuDCoWwPh9oDjkXU8ipY%3D"},"isCommentLike":-5,"dislike_count":0},{"id":141364,"parent_id":36594,"type":1,"commentor":1147,"gmtCreate":null,"gmtModified":null,"like_count":0,"content":"有的是啊！我今年的专业课就是全英","anonymity":1,"any_name":"多喝热水","commentCount":null,"user":{"id":1147,"name":"皇上","avatar_url":"http://test01-20200725.oss-cn-shenzhen.aliyuncs.com/image/1666022149877.jpg?Expires=1981382148&OSSAccessKeyId=LTAI4G5RL7pjavqASCwc42kR&Signature=DZnibx8tOC%2FLMhZtq%2BSmnp39Dys%3D"},"isCommentLike":-5,"dislike_count":0},{"id":141367,"parent_id":36594,"type":1,"commentor":635,"gmtCreate":null,"gmtModified":null,"like_count":0,"content":"看你专业的","anonymity":1,"any_name":"奥利奥","commentCount":null,"user":{"id":635,"name":"别理我，我比你牛逼","avatar_url":"http://test01-20200725.oss-cn-shenzhen.aliyuncs.com/image/1659496488044.gif?Expires=1974856478&OSSAccessKeyId=LTAI4G5RL7pjavqASCwc42kR&Signature=BDlc8M%2FBnAOuLIx8vfkdijTlje8%3D"},"isCommentLike":-5,"dislike_count":0},{"id":141379,"parent_id":36594,"type":1,"commentor":78,"gmtCreate":null,"gmtModified":null,"like_count":0,"content":"商学院挺多课是全英的","anonymity":1,"any_name":"摆烂到底","commentCount":null,"user":{"id":78,"name":"Panxuenfj","avatar_url":"https://thirdwx.qlogo.cn/mmopen/vi_32/h48Vg1pMQCGLMNpWY0k61G2MLUlCpH7SehlrwPJhQZUVZSkZCObjxhNbQiaEjM3QYKiaLibJR2Pl6SoqPWuZcGv5g/132"},"isCommentLike":-5,"dislike_count":0},{"id":141384,"parent_id":36594,"type":1,"commentor":787,"gmtCreate":null,"gmtModified":null,"like_count":0,"content":"it也有很多老师英文授课 大一少一点","anonymity":1,"any_name":"拱北吴彦祖","commentCount":null,"user":{"id":787,"name":"U_496491631201","avatar_url":null},"isCommentLike":-5,"dislike_count":0},{"id":141385,"parent_id":36594,"type":1,"commentor":1488,"gmtCreate":null,"gmtModified":null,"like_count":0,"content":"我觉得五五开吧","anonymity":0,"any_name":null,"commentCount":null,"user":{"id":1488,"name":"la","avatar_url":"http://test01-20200725.oss-cn-shenzhen.aliyuncs.com/image/1664853097119.jpg?Expires=1980213088&OSSAccessKeyId=LTAI4G5RL7pjavqASCwc42kR&Signature=oeYsfC3l6p%2BW%2F0r4Uh1lBSRhw%2FE%3D"},"isCommentLike":-5,"dislike_count":0},{"id":141398,"parent_id":36594,"type":1,"commentor":881,"gmtCreate":null,"gmtModified":null,"like_count":0,"content":"也有很多英语啊 有些老师讲中文还不如听他讲英语","anonymity":1,"any_name":"哈士奇","commentCount":null,"user":{"id":881,"name":"明天一定会早起","avatar_url":"http://test01-20200725.oss-cn-shenzhen.aliyuncs.com/image/1647250276351.jpg?Expires=1962610271&OSSAccessKeyId=LTAI4G5RL7pjavqASCwc42kR&Signature=GVEEMU%2BBoifUCu3nR%2FFAnmKAHc8%3D"},"isCommentLike":-5,"dislike_count":0},{"id":141410,"parent_id":36594,"type":1,"commentor":2120,"gmtCreate":null,"gmtModified":null,"like_count":0,"content":"法学院如果上法律英语或者欧盟法之类的都是全英……","anonymity":1,"any_name":"鸡蛋仔","commentCount":null,"user":{"id":2120,"name":"加蟹小笼包","avatar_url":"http://test01-20200725.oss-cn-shenzhen.aliyuncs.com/image/1647943162040.jpg?Expires=1963303155&OSSAccessKeyId=LTAI4G5RL7pjavqASCwc42kR&Signature=zOd6gkhFk%2Bipbrl1pTEEu3%2FnSTI%3D"},"isCommentLike":-5,"dislike_count":0},{"id":141420,"parent_id":36594,"type":1,"commentor":133,"gmtCreate":null,"gmtModified":null,"like_count":0,"content":"it没什么英文授课","anonymity":1,"any_name":"GRE精选","commentCount":null,"user":{"id":133,"name":"xxx","avatar_url":"https://thirdwx.qlogo.cn/mmopen/vi_32/TF662XtCl6NNXQ5hYVgN3MlgzLsBOIhF435KHRgmhBkXmWnviajicwcR4jiaDuUnoW7UibEdfwhib4VEV3X2f6pX40Q/132"},"isCommentLike":-5,"dislike_count":0},{"id":141360,"parent_id":141359,"type":2,"commentor":9464,"gmtCreate":null,"gmtModified":null,"like_count":0,"content":"感觉被骗了\uD83E\uDD79","anonymity":1,"any_name":"六级词汇","commentCount":null,"user":{"id":9464,"name":"树洞观察员\uD83D\uDC40","avatar_url":null},"isCommentLike":-5,"dislike_count":0},{"id":141361,"parent_id":141359,"type":2,"commentor":9464,"gmtCreate":null,"gmtModified":null,"like_count":0,"content":"上了两节课感觉好水","anonymity":1,"any_name":"六级词汇","commentCount":null,"user":{"id":9464,"name":"树洞观察员\uD83D\uDC40","avatar_url":null},"isCommentLike":-5,"dislike_count":0},{"id":141362,"parent_id":141358,"type":2,"commentor":9464,"gmtCreate":null,"gmtModified":null,"like_count":0,"content":"没有真的英语课没 大三大四不是英语吗","anonymity":1,"any_name":"六级词汇","commentCount":null,"user":{"id":9464,"name":"树洞观察员\uD83D\uDC40","avatar_url":null},"isCommentLike":-5,"dislike_count":0},{"id":141366,"parent_id":141362,"type":2,"commentor":937,"gmtCreate":null,"gmtModified":null,"like_count":0,"content":"其实用English写report和pre就差不多算了，很多华籍老师用英语的水平还不如用中文效果好，然后注意DE和DC","anonymity":1,"any_name":"网瘾少年","commentCount":null,"user":{"id":937,"name":"Paprika","avatar_url":"https://thirdwx.qlogo.cn/mmopen/vi_32/DYAIOgq83erXO0Hibm3qJlZAq1DEuggbNcFD7NCFFzJrk2VLe4pHwHvbA8JuV9oOibd44ibYWvprax9F18Ank1eibw/132"},"isCommentLike":-5,"dislike_count":0},{"id":141373,"parent_id":141364,"type":2,"commentor":9464,"gmtCreate":null,"gmtModified":null,"like_count":0,"content":"什么专业课","anonymity":1,"any_name":"六级词汇","commentCount":null,"user":{"id":9464,"name":"树洞观察员\uD83D\uDC40","avatar_url":null},"isCommentLike":-5,"dislike_count":0},{"id":141374,"parent_id":141367,"type":2,"commentor":9464,"gmtCreate":null,"gmtModified":null,"like_count":0,"content":"只有商学院是的吧","anonymity":1,"any_name":"六级词汇","commentCount":null,"user":{"id":9464,"name":"树洞观察员\uD83D\uDC40","avatar_url":null},"isCommentLike":-5,"dislike_count":0},{"id":141375,"parent_id":141368,"type":2,"commentor":9464,"gmtCreate":null,"gmtModified":null,"like_count":0,"content":"it不是吗","anonymity":1,"any_name":"六级词汇","commentCount":null,"user":{"id":9464,"name":"树洞观察员\uD83D\uDC40","avatar_url":null},"isCommentLike":-5,"dislike_count":0},{"id":141394,"parent_id":141375,"type":2,"commentor":9349,"gmtCreate":null,"gmtModified":null,"like_count":0,"content":"上过it，有的老师是全中文，it要是全英文上课那就别想了，英语八级以下都不太可能听得懂，里面的术语太多，还不排除有的老师带口音，慢慢来，后面肯定有英语教学的","anonymity":1,"any_name":"offer收割机","commentCount":null,"user":{"id":9349,"name":"雀巢卡扎菲","avatar_url":"http://test01-20200725.oss-cn-shenzhen.aliyuncs.com/image/1658587779635.jpg?Expires=1973947773&OSSAccessKeyId=LTAI4G5RL7pjavqASCwc42kR&Signature=vxX5%2BvkPJtlbYwqs1IBfbOUs3yY%3D"},"isCommentLike":-5,"dislike_count":0},{"id":141400,"parent_id":141394,"type":2,"commentor":9464,"gmtCreate":null,"gmtModified":null,"like_count":0,"content":"谢谢 我希望英语教课可以帮助我提高英语水平","anonymity":1,"any_name":"六级词汇","commentCount":null,"user":{"id":9464,"name":"树洞观察员\uD83D\uDC40","avatar_url":null},"isCommentLike":-5,"dislike_count":0},{"id":141411,"parent_id":141400,"type":2,"commentor":9349,"gmtCreate":null,"gmtModified":null,"like_count":0,"content":"科大的大学英语教得非常基础，而且都是平常使用的实用英语为主，到后期上英文专业课还是不够的，所以如果有时间的话还是建议可以自己再多积累一些","anonymity":1,"any_name":"offer收割机","commentCount":null,"user":{"id":9349,"name":"雀巢卡扎菲","avatar_url":"http://test01-20200725.oss-cn-shenzhen.aliyuncs.com/image/1658587779635.jpg?Expires=1973947773&OSSAccessKeyId=LTAI4G5RL7pjavqASCwc42kR&Signature=vxX5%2BvkPJtlbYwqs1IBfbOUs3yY%3D"},"isCommentLike":-5,"dislike_count":0}],"any_name":"六级词汇","relation":-2,"liked":-4,"anonymity":1,"dislike_count":0}