{"id":36605,"author":null,"author_avatar_url":null,"author_id":1609,"author_status":1,"gmt_create":1662175118869,"gmt_modified":1662175118869,"content":"有朋友进了周六早上医药法学的群嘛？⚽️拉！谢谢～","title":"有朋友进了周六早上医药法学的群嘛？⚽️拉！谢谢～","description":"no description yet","like_count":0,"comment_count":1,"view_count":61,"type":"post","tag":"not tag yet","imageList":"","content_source":null,"comments":[{"id":141408,"parent_id":36605,"type":1,"commentor":1535,"gmtCreate":null,"gmtModified":null,"like_count":0,"content":"兄弟进了不 我可以拉你","anonymity":1,"any_name":"三鲜水饺","commentCount":null,"user":{"id":1535,"name":"L1","avatar_url":"http://test01-20200725.oss-cn-shenzhen.aliyuncs.com/image/1665746996924.jpg?Expires=1981106992&OSSAccessKeyId=LTAI4G5RL7pjavqASCwc42kR&Signature=GlDWf%2FYFomZfpVzvTV3kkTcbiIo%3D"},"isCommentLike":-5,"dislike_count":0}],"any_name":"阿拉斯加猪","relation":-2,"liked":-4,"anonymity":1,"dislike_count":0}