{"id":3664,"author":null,"author_avatar_url":null,"author_id":1170,"author_status":1,"gmt_create":1635925742455,"gmt_modified":1635925742455,"content":"uu们，怎么从学校图书馆网站进知网\uD83D\uDE2D","title":"uu们，怎么从学校图书馆网站进知网\uD83D\uDE2D","description":"no description yet","like_count":1,"comment_count":4,"view_count":101,"type":"post","tag":"not tag yet","imageList":"","content_source":null,"comments":[{"id":12483,"parent_id":3664,"type":1,"commentor":1166,"gmtCreate":null,"gmtModified":null,"like_count":0,"content":"图书馆点进去最右边的那个选项然后搜知网","anonymity":0,"any_name":null,"commentCount":null,"user":{"id":1166,"name":"2790345","avatar_url":"http://test01-20200725.oss-cn-shenzhen.aliyuncs.com/image/1660228993820.jpg?Expires=1975588986&OSSAccessKeyId=LTAI4G5RL7pjavqASCwc42kR&Signature=1JDOfg6QmiBeTlVbB6%2BFj3Wh1Is%3D"},"isCommentLike":-5,"dislike_count":0},{"id":12486,"parent_id":3664,"type":1,"commentor":623,"gmtCreate":null,"gmtModified":null,"like_count":0,"content":"图书馆点资料库，下面有个导航，点进去页面左边就有了","anonymity":0,"any_name":null,"commentCount":null,"user":{"id":623,"name":"水稻\uD83C\uDF3E","avatar_url":"http://test01-20200725.oss-cn-shenzhen.aliyuncs.com/image/1647423337709.jpg?Expires=1962783333&OSSAccessKeyId=LTAI4G5RL7pjavqASCwc42kR&Signature=CmH%2BdGkxbO6JWh3Umz50B%2F8NUAk%3D"},"isCommentLike":-5,"dislike_count":0},{"id":12488,"parent_id":12483,"type":2,"commentor":1170,"gmtCreate":null,"gmtModified":null,"like_count":0,"content":"谢谢～","anonymity":1,"any_name":"芋圆奶茶","commentCount":null,"user":{"id":1170,"name":"阳和启蛰","avatar_url":"https://thirdwx.qlogo.cn/mmopen/vi_32/Q0j4TwGTfTLA5gXCjkk8N29ibYKRia9A9fdxWIfAuc5jwmWkVGJv2jDaYy8cPc0kKsO3tXAOicvicDRGb3scliaxPHA/132"},"isCommentLike":-5,"dislike_count":0},{"id":12489,"parent_id":12486,"type":2,"commentor":1170,"gmtCreate":null,"gmtModified":null,"like_count":0,"content":"感谢感谢","anonymity":1,"any_name":"芋圆奶茶","commentCount":null,"user":{"id":1170,"name":"阳和启蛰","avatar_url":"https://thirdwx.qlogo.cn/mmopen/vi_32/Q0j4TwGTfTLA5gXCjkk8N29ibYKRia9A9fdxWIfAuc5jwmWkVGJv2jDaYy8cPc0kKsO3tXAOicvicDRGb3scliaxPHA/132"},"isCommentLike":-5,"dislike_count":0}],"any_name":"芋圆奶茶","relation":-2,"liked":-4,"anonymity":1,"dislike_count":0}