{"id":36652,"author":null,"author_avatar_url":null,"author_id":270,"author_status":1,"gmt_create":1662187712555,"gmt_modified":1662187712555,"content":"心理咨询是怎么预约的","title":"心理咨询是怎么预约的","description":"no description yet","like_count":1,"comment_count":4,"view_count":135,"type":"post","tag":"not tag yet","imageList":"","content_source":null,"comments":[{"id":141543,"parent_id":36652,"type":1,"commentor":672,"gmtCreate":null,"gmtModified":null,"like_count":0,"content":"发邮件吧","anonymity":1,"any_name":"拱北快递员","commentCount":null,"user":{"id":672,"name":"无语住了","avatar_url":"http://test01-20200725.oss-cn-shenzhen.aliyuncs.com/image/1658227623855.jpg?Expires=1973587621&OSSAccessKeyId=LTAI4G5RL7pjavqASCwc42kR&Signature=VpKJPjPA8%2Bs8QqUpNnYMj5E4qq8%3D"},"isCommentLike":-5,"dislike_count":0},{"id":151078,"parent_id":36652,"type":1,"commentor":9838,"gmtCreate":null,"gmtModified":null,"like_count":0,"content":"宿管推介","anonymity":1,"any_name":"深海鳕鱼堡","commentCount":null,"user":{"id":9838,"name":"U_526361662537","avatar_url":null},"isCommentLike":-5,"dislike_count":0},{"id":141547,"parent_id":141543,"type":2,"commentor":270,"gmtCreate":null,"gmtModified":null,"like_count":0,"content":"可以帮别人预约吗","anonymity":1,"any_name":"Tom","commentCount":null,"user":{"id":270,"name":"蛆奇味蝻瓜饼","avatar_url":"http://test01-20200725.oss-cn-shenzhen.aliyuncs.com/image/1660746251527.jpg?Expires=1976106242&OSSAccessKeyId=LTAI4G5RL7pjavqASCwc42kR&Signature=wxKGSngs19HSbuL3DpNT%2BQ%2BIzxU%3D"},"isCommentLike":-5,"dislike_count":0},{"id":141734,"parent_id":141547,"type":2,"commentor":2036,"gmtCreate":null,"gmtModified":null,"like_count":0,"content":"最好还是本人去预约呀","anonymity":1,"any_name":"Jerry","commentCount":null,"user":{"id":2036,"name":"知世","avatar_url":"https://thirdwx.qlogo.cn/mmopen/vi_32/Q0j4TwGTfTJQjKVbrlXzls1jUrWIlR2Ek4Elv8D4wgw83SVSCk0jysicoNWA6724hbLT2o2rJyAQsgWoASiaiaZNA/132"},"isCommentLike":-5,"dislike_count":0}],"any_name":"Tom","relation":-2,"liked":-4,"anonymity":1,"dislike_count":0}