{"id":36740,"author":"无敌遁地兽","author_avatar_url":"http://test01-20200725.oss-cn-shenzhen.aliyuncs.com/image/1656949486986.jpg?Expires=1972309484&OSSAccessKeyId=LTAI4G5RL7pjavqASCwc42kR&Signature=g%2B4%2FdNweQAeuYqQm2wn9hDAzns4%3D","author_id":7018,"author_status":1,"gmt_create":1662218256636,"gmt_modified":1662218256636,"content":"L座楼下售货机去哪儿了\uD83D\uDE2D","title":"L座楼下售货机去哪儿了\uD83D\uDE2D","description":"no description yet","like_count":1,"comment_count":2,"view_count":229,"type":"post","tag":"not tag yet","imageList":"","content_source":null,"comments":[{"id":141803,"parent_id":36740,"type":1,"commentor":9197,"gmtCreate":null,"gmtModified":null,"like_count":0,"content":"不见了吗\uD83D\uDE2D\uD83D\uDE2D\uD83D\uDE2D","anonymity":1,"any_name":"拱北吴彦祖","commentCount":null,"user":{"id":9197,"name":"U_80974165","avatar_url":null},"isCommentLike":-5,"dislike_count":0},{"id":141813,"parent_id":36740,"type":1,"commentor":268,"gmtCreate":null,"gmtModified":null,"like_count":0,"content":"被我扛走了","anonymity":1,"any_name":"出前一丁","commentCount":null,"user":{"id":268,"name":"敖","avatar_url":"https://thirdwx.qlogo.cn/mmopen/vi_32/8nsklc0ARyFr5d1BWVKWoykl9R9vK16dXOEbWjcT1t8Qvufc9hTwnvwrVuTD4CtZc54DW1W9CU5cE7ic9a6A1Gw/132"},"isCommentLike":-5,"dislike_count":0}],"any_name":null,"relation":-2,"liked":-4,"anonymity":0,"dislike_count":0}