{"id":36828,"author":null,"author_avatar_url":null,"author_id":9507,"author_status":1,"gmt_create":1662290599612,"gmt_modified":1662290599612,"content":"想去机场的可以私我，可送","title":"想去机场的可以私我，可送","description":"no description yet","like_count":0,"comment_count":3,"view_count":103,"type":"post","tag":"not tag yet","imageList":"","content_source":null,"comments":[{"id":142102,"parent_id":36828,"type":1,"commentor":270,"gmtCreate":null,"gmtModified":null,"like_count":0,"content":"什么时候","anonymity":1,"any_name":"沊仔刘亦菲","commentCount":null,"user":{"id":270,"name":"蛆奇味蝻瓜饼","avatar_url":"http://test01-20200725.oss-cn-shenzhen.aliyuncs.com/image/1660746251527.jpg?Expires=1976106242&OSSAccessKeyId=LTAI4G5RL7pjavqASCwc42kR&Signature=wxKGSngs19HSbuL3DpNT%2BQ%2BIzxU%3D"},"isCommentLike":-5,"dislike_count":0},{"id":142139,"parent_id":142102,"type":2,"commentor":9507,"gmtCreate":null,"gmtModified":null,"like_count":0,"content":"对对时间，我没课的时候可以","anonymity":1,"any_name":"拉面小路","commentCount":null,"user":{"id":9507,"name":"狗勾不匿名","avatar_url":"http://test01-20200725.oss-cn-shenzhen.aliyuncs.com/image/1665387725369.jpg?Expires=1980747723&OSSAccessKeyId=LTAI4G5RL7pjavqASCwc42kR&Signature=W6psj%2BsXoqNNfHaJI5MWupt1NqM%3D"},"isCommentLike":-5,"dislike_count":0},{"id":142177,"parent_id":142139,"type":2,"commentor":270,"gmtCreate":null,"gmtModified":null,"like_count":0,"content":"过几个月行吗","anonymity":1,"any_name":"沊仔刘亦菲","commentCount":null,"user":{"id":270,"name":"蛆奇味蝻瓜饼","avatar_url":"http://test01-20200725.oss-cn-shenzhen.aliyuncs.com/image/1660746251527.jpg?Expires=1976106242&OSSAccessKeyId=LTAI4G5RL7pjavqASCwc42kR&Signature=wxKGSngs19HSbuL3DpNT%2BQ%2BIzxU%3D"},"isCommentLike":-5,"dislike_count":0}],"any_name":"拉面小路","relation":-2,"liked":-4,"anonymity":1,"dislike_count":0}