{"id":36982,"author":"U_254741662364","author_avatar_url":null,"author_id":9807,"author_status":1,"gmt_create":1662364432555,"gmt_modified":1662364432555,"content":"jrm暑假课的成绩现在还可以复核嘛，是不是已经超过期限了\uD83D\uDE2D","title":"jrm暑假课的成绩现在还可以复核嘛，是不是已经超过期限了\uD83D\uDE2D","description":"no description yet","like_count":0,"comment_count":1,"view_count":94,"type":"post","tag":"not tag yet","imageList":"","content_source":null,"comments":[{"id":142622,"parent_id":36982,"type":1,"commentor":1352,"gmtCreate":null,"gmtModified":null,"like_count":0,"content":"要在出成绩后的十个工作日内提起复核，现在应该早就超过了吧","anonymity":1,"any_name":"offer收割机","commentCount":null,"user":{"id":1352,"name":"U_363841634541","avatar_url":null},"isCommentLike":-5,"dislike_count":0}],"any_name":null,"relation":-2,"liked":-4,"anonymity":0,"dislike_count":0}