{"id":36994,"author":null,"author_avatar_url":null,"author_id":819,"author_status":1,"gmt_create":1662367859657,"gmt_modified":1662367859657,"content":"数学与逻辑b-，transfer的话会不会卡这个啊\uD83E\uDD79\uD83E\uDD79","title":"数学与逻辑b-，transfer的话会不会卡这个啊\uD83E\uDD79\uD83E\uDD79","description":"no description yet","like_count":0,"comment_count":6,"view_count":313,"type":"post","tag":"not tag yet","imageList":"","content_source":null,"comments":[{"id":142651,"parent_id":36994,"type":1,"commentor":1397,"gmtCreate":null,"gmtModified":null,"like_count":0,"content":"看你transfer的专业","anonymity":1,"any_name":"芋圆奶茶","commentCount":null,"user":{"id":1397,"name":"南加州的水果酒","avatar_url":"https://thirdwx.qlogo.cn/mmopen/vi_32/DyqPD7iaQcQWd3npX4BJyPQllyLwvvyrpbk7Du0yPVBgcI1Yaib03ribXLvib77YKtzmXKtn0BPAvx2d9AGcgr6Igg/132"},"isCommentLike":-5,"dislike_count":0},{"id":142667,"parent_id":36994,"type":1,"commentor":860,"gmtCreate":null,"gmtModified":null,"like_count":0,"content":"好多大学都是c以上，应该没事","anonymity":1,"any_name":"哥斯拉","commentCount":null,"user":{"id":860,"name":"阿白","avatar_url":"https://thirdwx.qlogo.cn/mmopen/vi_32/Q3auHgzwzM4MqpUoS1JKlPFImtysjVUYbb0H8xnGUtCjndV1ic50MXC42ncuc0fH75suc5oBC4IyEfmO6sEWibRQ/132"},"isCommentLike":-5,"dislike_count":0},{"id":142695,"parent_id":36994,"type":1,"commentor":8880,"gmtCreate":null,"gmtModified":null,"like_count":0,"content":"it会卡 其他没事","anonymity":0,"any_name":null,"commentCount":null,"user":{"id":8880,"name":"呃呃呃","avatar_url":"http://test01-20200725.oss-cn-shenzhen.aliyuncs.com/image/1664425272345.jpg?Expires=1979785267&OSSAccessKeyId=LTAI4G5RL7pjavqASCwc42kR&Signature=kWhIbr6%2By78OCq%2BfLgzuyu2Iz6E%3D"},"isCommentLike":-5,"dislike_count":0},{"id":142670,"parent_id":142667,"type":2,"commentor":819,"gmtCreate":null,"gmtModified":null,"like_count":0,"content":"主要是transfer book上说，我想转的那个专业很看重数学，害","anonymity":1,"any_name":"六级词汇","commentCount":null,"user":{"id":819,"name":"饭饭子","avatar_url":"https://thirdwx.qlogo.cn/mmopen/vi_32/K0OnM6OdM8LRnesXsicVsvxibmK9zLRMd4roPoVZa2MUiagpS7XQjIxiaf4JicTfA35NBno3kh1cBZwcBsibKEUvXC1A/132"},"isCommentLike":-5,"dislike_count":0},{"id":142767,"parent_id":142695,"type":2,"commentor":819,"gmtCreate":null,"gmtModified":null,"like_count":0,"content":"我想转的专业跟it毫不相关，但是特地在transfer book上写说很看重数学能力，为了增加录取几率，只好重修了","anonymity":1,"any_name":"六级词汇","commentCount":null,"user":{"id":819,"name":"饭饭子","avatar_url":"https://thirdwx.qlogo.cn/mmopen/vi_32/K0OnM6OdM8LRnesXsicVsvxibmK9zLRMd4roPoVZa2MUiagpS7XQjIxiaf4JicTfA35NBno3kh1cBZwcBsibKEUvXC1A/132"},"isCommentLike":-5,"dislike_count":0},{"id":142811,"parent_id":142767,"type":2,"commentor":8880,"gmtCreate":null,"gmtModified":null,"like_count":0,"content":"重修好像最高是C呢 b➖可以了其实","anonymity":0,"any_name":null,"commentCount":null,"user":{"id":8880,"name":"呃呃呃","avatar_url":"http://test01-20200725.oss-cn-shenzhen.aliyuncs.com/image/1664425272345.jpg?Expires=1979785267&OSSAccessKeyId=LTAI4G5RL7pjavqASCwc42kR&Signature=kWhIbr6%2By78OCq%2BfLgzuyu2Iz6E%3D"},"isCommentLike":-5,"dislike_count":0}],"any_name":"六级词汇","relation":-2,"liked":-4,"anonymity":1,"dislike_count":0}