{"id":37014,"author":null,"author_avatar_url":null,"author_id":2146,"author_status":1,"gmt_create":1662372856685,"gmt_modified":1662372856685,"content":"请问一下大家这个老师怎么样，这个课好吗，谢谢，祝大家GPA都能高高高！","title":"请问一下大家这个老师怎么样，这个课好吗，谢谢，祝大家GPA都能高高高！","description":"no description yet","like_count":2,"comment_count":9,"view_count":370,"type":"post","tag":"not tag yet","imageList":"http://test01-20200725.oss-cn-shenzhen.aliyuncs.com/image/1662372834188.jpg?Expires=1977732828&OSSAccessKeyId=LTAI4G5RL7pjavqASCwc42kR&Signature=yo8Al%2F73JE03885qefW0Gg6epiE%3D","content_source":null,"comments":[{"id":142838,"parent_id":37014,"type":1,"commentor":7722,"gmtCreate":null,"gmtModified":null,"like_count":1,"content":"外国老师 上课纪律比较严 不点名因为他不认识中文 给分正常","anonymity":1,"any_name":"允指原味鸡","commentCount":null,"user":{"id":7722,"name":"U_519281652124","avatar_url":null},"isCommentLike":-5,"dislike_count":0},{"id":142705,"parent_id":37014,"type":1,"commentor":509,"gmtCreate":null,"gmtModified":null,"like_count":0,"content":"这个老师我个人感觉挺吓人的，不能迟到上课不能打开手机ipad","anonymity":1,"any_name":"四川麻辣烫","commentCount":null,"user":{"id":509,"name":"✨✨","avatar_url":"http://test01-20200725.oss-cn-shenzhen.aliyuncs.com/image/1658930465723.jpg?Expires=1974290457&OSSAccessKeyId=LTAI4G5RL7pjavqASCwc42kR&Signature=%2FmDPZ711YrIA9n5nSR%2BvS3u1jA8%3D"},"isCommentLike":-5,"dislike_count":0},{"id":142754,"parent_id":37014,"type":1,"commentor":8818,"gmtCreate":null,"gmtModified":null,"like_count":0,"content":"上课很严，给分不错","anonymity":1,"any_name":"offer收割机","commentCount":null,"user":{"id":8818,"name":"wiii","avatar_url":"http://test01-20200725.oss-cn-shenzhen.aliyuncs.com/image/1657872887375.jpg?Expires=1973232881&OSSAccessKeyId=LTAI4G5RL7pjavqASCwc42kR&Signature=0WrWICF%2FTKYO6aKqhSgSUydabqE%3D"},"isCommentLike":-5,"dislike_count":0},{"id":142990,"parent_id":37014,"type":1,"commentor":847,"gmtCreate":null,"gmtModified":null,"like_count":0,"content":"我觉得还可以哈哈，上课不允许打开你的手机，要求你仔细的听他讲课，课后要复习一定的知识（因为他期末考的东西让你意想不到），除此之外我觉得都很好，比如他的为人很和善，看待每一位学生都很友好，给分也很理想","anonymity":1,"any_name":"老板","commentCount":null,"user":{"id":847,"name":"全村学习最好的羊","avatar_url":"http://test01-20200725.oss-cn-shenzhen.aliyuncs.com/image/1662654921828.jpg?Expires=1978014919&OSSAccessKeyId=LTAI4G5RL7pjavqASCwc42kR&Signature=Jb3fRe%2Fd7NXEjLqC%2BUi982ZJ19E%3D"},"isCommentLike":-5,"dislike_count":0},{"id":143221,"parent_id":37014,"type":1,"commentor":1660,"gmtCreate":null,"gmtModified":null,"like_count":0,"content":"我和他混的比较熟，课都是a或者a+","anonymity":1,"any_name":"哈士奇","commentCount":null,"user":{"id":1660,"name":"noir","avatar_url":"http://test01-20200725.oss-cn-shenzhen.aliyuncs.com/image/1658556541826.unknown?Expires=1973916540&OSSAccessKeyId=LTAI4G5RL7pjavqASCwc42kR&Signature=BVivA%2BuzDEydarmbNeYkx4f0IS4%3D"},"isCommentLike":-5,"dislike_count":0},{"id":142707,"parent_id":142705,"type":2,"commentor":2146,"gmtCreate":null,"gmtModified":null,"like_count":0,"content":"？！那给分是不是也很低","anonymity":1,"any_name":"摆烂到底","commentCount":null,"user":{"id":2146,"name":"好耶","avatar_url":"http://test01-20200725.oss-cn-shenzhen.aliyuncs.com/image/1664956459504.jpg?Expires=1980316451&OSSAccessKeyId=LTAI4G5RL7pjavqASCwc42kR&Signature=f9Jcl6m%2FQvdFLUf0OHdMeNLvQ2U%3D"},"isCommentLike":-5,"dislike_count":0},{"id":142708,"parent_id":142707,"type":2,"commentor":509,"gmtCreate":null,"gmtModified":null,"like_count":0,"content":"给分还行，就是上课有点吓人","anonymity":1,"any_name":"四川麻辣烫","commentCount":null,"user":{"id":509,"name":"✨✨","avatar_url":"http://test01-20200725.oss-cn-shenzhen.aliyuncs.com/image/1658930465723.jpg?Expires=1974290457&OSSAccessKeyId=LTAI4G5RL7pjavqASCwc42kR&Signature=%2FmDPZ711YrIA9n5nSR%2BvS3u1jA8%3D"},"isCommentLike":-5,"dislike_count":0},{"id":142709,"parent_id":142707,"type":2,"commentor":509,"gmtCreate":null,"gmtModified":null,"like_count":0,"content":"不用太担心","anonymity":1,"any_name":"四川麻辣烫","commentCount":null,"user":{"id":509,"name":"✨✨","avatar_url":"http://test01-20200725.oss-cn-shenzhen.aliyuncs.com/image/1658930465723.jpg?Expires=1974290457&OSSAccessKeyId=LTAI4G5RL7pjavqASCwc42kR&Signature=%2FmDPZ711YrIA9n5nSR%2BvS3u1jA8%3D"},"isCommentLike":-5,"dislike_count":0},{"id":142710,"parent_id":142708,"type":2,"commentor":2146,"gmtCreate":null,"gmtModified":null,"like_count":0,"content":"靠。。谢谢！！","anonymity":1,"any_name":"摆烂到底","commentCount":null,"user":{"id":2146,"name":"好耶","avatar_url":"http://test01-20200725.oss-cn-shenzhen.aliyuncs.com/image/1664956459504.jpg?Expires=1980316451&OSSAccessKeyId=LTAI4G5RL7pjavqASCwc42kR&Signature=f9Jcl6m%2FQvdFLUf0OHdMeNLvQ2U%3D"},"isCommentLike":-5,"dislike_count":0}],"any_name":"摆烂到底","relation":-2,"liked":-4,"anonymity":1,"dislike_count":0}