{"id":37106,"author":null,"author_avatar_url":null,"author_id":3130,"author_status":1,"gmt_create":1662433271230,"gmt_modified":1662433271230,"content":"jrm有谁知道横琴口岸哪里可以停放小电驴吗","title":"jrm有谁知道横琴口岸哪里可以停放小电驴吗","description":"no description yet","like_count":0,"comment_count":2,"view_count":42,"type":"post","tag":"not tag yet","imageList":"","content_source":null,"comments":[{"id":143090,"parent_id":37106,"type":1,"commentor":7920,"gmtCreate":null,"gmtModified":null,"like_count":0,"content":"横琴不让骑啊","anonymity":1,"any_name":"奥利奥","commentCount":null,"user":{"id":7920,"name":"U_324161652264","avatar_url":null},"isCommentLike":-5,"dislike_count":0},{"id":143121,"parent_id":37106,"type":1,"commentor":682,"gmtCreate":null,"gmtModified":null,"like_count":0,"content":"北送客平台靠西侧坡底下有停放点","anonymity":0,"any_name":null,"commentCount":null,"user":{"id":682,"name":"~Xenon~","avatar_url":"http://test01-20200725.oss-cn-shenzhen.aliyuncs.com/image/1662451495431.gif?Expires=1977811496&OSSAccessKeyId=LTAI4G5RL7pjavqASCwc42kR&Signature=tLEL737zMefpEHXZzQlS%2Bxz88Ts%3D"},"isCommentLike":-5,"dislike_count":0}],"any_name":"offer收割机","relation":-2,"liked":-4,"anonymity":1,"dislike_count":0}