{"id":37151,"author":null,"author_avatar_url":null,"author_id":1942,"author_status":1,"gmt_create":1662445463465,"gmt_modified":1662445463465,"content":"请问澳门哪里做核酸最便宜呀","title":"请问澳门哪里做核酸最便宜呀","description":"no description yet","like_count":0,"comment_count":2,"view_count":29,"type":"post","tag":"not tag yet","imageList":"","content_source":null,"comments":[{"id":143279,"parent_id":37151,"type":1,"commentor":9170,"gmtCreate":null,"gmtModified":null,"like_count":0,"content":"价格一样吧？","anonymity":0,"any_name":null,"commentCount":null,"user":{"id":9170,"name":"我真的很烦","avatar_url":"http://test01-20200725.oss-cn-shenzhen.aliyuncs.com/image/1658298439595.jpg?Expires=1973658438&OSSAccessKeyId=LTAI4G5RL7pjavqASCwc42kR&Signature=ATqVmbMHfPc%2FcSOBOjNwURHV0NQ%3D"},"isCommentLike":-5,"dislike_count":0},{"id":143306,"parent_id":143279,"type":2,"commentor":1942,"gmtCreate":null,"gmtModified":null,"like_count":0,"content":"谢谢～","anonymity":1,"any_name":"沊仔刘亦菲","commentCount":null,"user":{"id":1942,"name":"女德模范","avatar_url":"http://test01-20200725.oss-cn-shenzhen.aliyuncs.com/image/1638273164906.jpg?Expires=1953633156&OSSAccessKeyId=LTAI4G5RL7pjavqASCwc42kR&Signature=GiXJ%2FQ8zHPnk%2Fkcqa%2FuJpuG%2FKlw%3D"},"isCommentLike":-5,"dislike_count":0}],"any_name":"沊仔刘亦菲","relation":-2,"liked":-4,"anonymity":1,"dislike_count":0}