{"id":37278,"author":null,"author_avatar_url":null,"author_id":469,"author_status":1,"gmt_create":1662479021122,"gmt_modified":1662479021122,"content":"**，地图炮是吧，给他吗两巴掌看看她还敢不敢在这发癫","title":"**，地图炮是吧，给他吗两巴掌看看她还敢不敢在这发癫","description":"no description yet","like_count":10,"comment_count":8,"view_count":630,"type":"post","tag":"not tag yet","imageList":"http://test01-20200725.oss-cn-shenzhen.aliyuncs.com/image/1662478981649.jpg?Expires=1977838972&OSSAccessKeyId=LTAI4G5RL7pjavqASCwc42kR&Signature=SZRdTzJEu3ih22t1l8R68M8NOq0%3D","content_source":null,"comments":[{"id":143639,"parent_id":37278,"type":1,"commentor":9371,"gmtCreate":null,"gmtModified":null,"like_count":9,"content":"建议她给她哥哥单独开一个大学","anonymity":1,"any_name":"和味牛杂","commentCount":null,"user":{"id":9371,"name":"U_494681658212","avatar_url":null},"isCommentLike":-5,"dislike_count":0},{"id":143643,"parent_id":37278,"type":1,"commentor":734,"gmtCreate":null,"gmtModified":null,"like_count":6,"content":"最近了解到一个叫木琴趋势的东西，通俗来讲就是：当机器制作木琴完全代替手工制作木琴时，这个趋势就导致了人变得傲慢、自大、狂妄、自以为很懂，却不知手工制作木琴无论是弦的发音亦或是把持的手感，都不是机器制作木琴可以匹敌的。一些人会认为机器制作木琴是科技的进步，是时代的选择，却根本忘记了机器制木琴和手工木琴的区别。大机器生产使得某些资本大肆宣传机器制木琴的生产速度、廉价价格，从而使部分人开始对传统木琴的理解发生了些许变化，他们认为手工制作木琴是违背时代的，他们傲慢的以为机器化生产是世界进步的重点。由此可知：木琴趋势会导致一个人变得傲慢、狂妄、自大、自以为很懂。这一趋势让拥有了互联网的人也是如此，是木琴趋势导致他们这样的","anonymity":1,"any_name":"拱北吴彦祖","commentCount":null,"user":{"id":734,"name":"小驴鹅Kouun","avatar_url":"http://test01-20200725.oss-cn-shenzhen.aliyuncs.com/image/1665342525140.jpg?Expires=1980702517&OSSAccessKeyId=LTAI4G5RL7pjavqASCwc42kR&Signature=DBMa8LnOMFFFQtxgQNmrCahbO%2B0%3D"},"isCommentLike":-5,"dislike_count":0},{"id":143645,"parent_id":37278,"type":1,"commentor":700,"gmtCreate":null,"gmtModified":null,"like_count":3,"content":"孙吧老哥？哈哈哈哈哈","anonymity":0,"any_name":null,"commentCount":null,"user":{"id":700,"name":"我是Apex高手","avatar_url":"http://test01-20200725.oss-cn-shenzhen.aliyuncs.com/image/1663215936796.jpg?Expires=1978575936&OSSAccessKeyId=LTAI4G5RL7pjavqASCwc42kR&Signature=iGYHDWJ0bdPnEuRGScA1%2F8rgr40%3D"},"isCommentLike":-5,"dislike_count":0},{"id":143636,"parent_id":37278,"type":1,"commentor":647,"gmtCreate":null,"gmtModified":null,"like_count":1,"content":"好sb…好像不是我们学校的人发出来的？？","anonymity":1,"any_name":"皮卡丘","commentCount":null,"user":{"id":647,"name":"凍檸茶少奶","avatar_url":"http://test01-20200725.oss-cn-shenzhen.aliyuncs.com/image/1656908230605.jpg?Expires=1972268225&OSSAccessKeyId=LTAI4G5RL7pjavqASCwc42kR&Signature=yOhRWNWlRDNQY%2BdkKCNMZ%2BnB2g4%3D"},"isCommentLike":-5,"dislike_count":0},{"id":143638,"parent_id":143636,"type":2,"commentor":9369,"gmtCreate":null,"gmtModified":null,"like_count":0,"content":"是粉丝骂我们","anonymity":1,"any_name":"允指原味鸡","commentCount":null,"user":{"id":9369,"name":"仿生丁真梦见电子珍珠","avatar_url":"http://test01-20200725.oss-cn-shenzhen.aliyuncs.com/image/1658976760258.gif?Expires=1974336781&OSSAccessKeyId=LTAI4G5RL7pjavqASCwc42kR&Signature=IkHJykN03nLTtw0bj3v3hUCfzPA%3D"},"isCommentLike":-5,"dislike_count":0},{"id":143646,"parent_id":143645,"type":2,"commentor":469,"gmtCreate":null,"gmtModified":null,"like_count":0,"content":"进来就绷不住了\uD83E\uDD70合影","anonymity":1,"any_name":"四川麻辣烫","commentCount":null,"user":{"id":469,"name":"拟罪豪士","avatar_url":"http://test01-20200725.oss-cn-shenzhen.aliyuncs.com/image/1666343885041.jpg?Expires=1981703877&OSSAccessKeyId=LTAI4G5RL7pjavqASCwc42kR&Signature=u7mV2VMqb2J9rVWR58suCrdi5S0%3D"},"isCommentLike":-5,"dislike_count":0},{"id":143647,"parent_id":143646,"type":2,"commentor":700,"gmtCreate":null,"gmtModified":null,"like_count":0,"content":"这后半句太有辨识度了哈哈哈","anonymity":0,"any_name":null,"commentCount":null,"user":{"id":700,"name":"我是Apex高手","avatar_url":"http://test01-20200725.oss-cn-shenzhen.aliyuncs.com/image/1663215936796.jpg?Expires=1978575936&OSSAccessKeyId=LTAI4G5RL7pjavqASCwc42kR&Signature=iGYHDWJ0bdPnEuRGScA1%2F8rgr40%3D"},"isCommentLike":-5,"dislike_count":0},{"id":143654,"parent_id":143638,"type":2,"commentor":647,"gmtCreate":null,"gmtModified":null,"like_count":0,"content":"我知道 我说那个视频好像是别人发的吧？？","anonymity":1,"any_name":"皮卡丘","commentCount":null,"user":{"id":647,"name":"凍檸茶少奶","avatar_url":"http://test01-20200725.oss-cn-shenzhen.aliyuncs.com/image/1656908230605.jpg?Expires=1972268225&OSSAccessKeyId=LTAI4G5RL7pjavqASCwc42kR&Signature=yOhRWNWlRDNQY%2BdkKCNMZ%2BnB2g4%3D"},"isCommentLike":-5,"dislike_count":0}],"any_name":"四川麻辣烫","relation":-2,"liked":-4,"anonymity":1,"dislike_count":0}