{"id":37297,"author":null,"author_avatar_url":null,"author_id":979,"author_status":1,"gmt_create":1662510732517,"gmt_modified":1662510732517,"content":"怎么戒零食啊jrm 已经馋到一睁眼就想吃零食的地步了","title":"怎么戒零食啊jrm 已经馋到一睁眼就想吃零食的地步了","description":"no description yet","like_count":0,"comment_count":5,"view_count":104,"type":"post","tag":"not tag yet","imageList":"","content_source":null,"comments":[{"id":143691,"parent_id":37297,"type":1,"commentor":1154,"gmtCreate":null,"gmtModified":null,"like_count":2,"content":"身边不放零食 没得吃就不会吃啦","anonymity":1,"any_name":"亚古兽","commentCount":null,"user":{"id":1154,"name":"⭐⭐","avatar_url":"http://test01-20200725.oss-cn-shenzhen.aliyuncs.com/image/1664765845483.jpg?Expires=1980125847&OSSAccessKeyId=LTAI4G5RL7pjavqASCwc42kR&Signature=KVGpmjT9Dy7coS%2FLu2tYSLPiRRc%3D"},"isCommentLike":-5,"dislike_count":0},{"id":143695,"parent_id":37297,"type":1,"commentor":881,"gmtCreate":null,"gmtModified":null,"like_count":2,"content":"不放零食 正餐吃饱 或者放点健康的小零食","anonymity":1,"any_name":"皮卡丘","commentCount":null,"user":{"id":881,"name":"明天一定会早起","avatar_url":"http://test01-20200725.oss-cn-shenzhen.aliyuncs.com/image/1647250276351.jpg?Expires=1962610271&OSSAccessKeyId=LTAI4G5RL7pjavqASCwc42kR&Signature=GVEEMU%2BBoifUCu3nR%2FFAnmKAHc8%3D"},"isCommentLike":-5,"dislike_count":0},{"id":143705,"parent_id":37297,"type":1,"commentor":1451,"gmtCreate":null,"gmtModified":null,"like_count":0,"content":"不买","anonymity":1,"any_name":"四川麻辣烫","commentCount":null,"user":{"id":1451,"name":"嘿\uD83C\uDE51️","avatar_url":"http://test01-20200725.oss-cn-shenzhen.aliyuncs.com/image/1656346717487.gif?Expires=1971706745&OSSAccessKeyId=LTAI4G5RL7pjavqASCwc42kR&Signature=%2FNnQl70m9ws2SDcg1yGogtguiiw%3D"},"isCommentLike":-5,"dislike_count":0},{"id":143727,"parent_id":37297,"type":1,"commentor":1338,"gmtCreate":null,"gmtModified":null,"like_count":0,"content":"正餐吃饱一些 用水果牛奶代替零食 实在想吃就嚼口香糖","anonymity":1,"any_name":"网瘾少年","commentCount":null,"user":{"id":1338,"name":"肥包小朋友","avatar_url":"https://thirdwx.qlogo.cn/mmopen/vi_32/7TkibgeRoLsRzlFoMoGLSg4CVX981Y0n1aFysWMCsX8AEoMCAJnJ8DFaibmhT0dbXqz1Pl9I0kTXgIMLmWHU2kvA/132"},"isCommentLike":-5,"dislike_count":0},{"id":143833,"parent_id":37297,"type":1,"commentor":1948,"gmtCreate":null,"gmtModified":null,"like_count":0,"content":"送给我哈哈哈 你开心我也开心","anonymity":1,"any_name":"出前一丁","commentCount":null,"user":{"id":1948,"name":"丢三落四大王","avatar_url":"http://test01-20200725.oss-cn-shenzhen.aliyuncs.com/image/1664636319047.jpg?Expires=1979996318&OSSAccessKeyId=LTAI4G5RL7pjavqASCwc42kR&Signature=a3eH0YXIPBTjtJoabzLa3R0QwO8%3D"},"isCommentLike":-5,"dislike_count":0}],"any_name":"六级词汇","relation":-2,"liked":-4,"anonymity":1,"dislike_count":0}