{"id":37385,"author":null,"author_avatar_url":null,"author_id":2105,"author_status":1,"gmt_create":1662539898244,"gmt_modified":1662539898244,"content":"咱就是说 企法怎么学啊 第一节课就蚌埠住了","title":"咱就是说 企法怎么学啊 第一节课就蚌埠住了","description":"no description yet","like_count":0,"comment_count":5,"view_count":125,"type":"post","tag":"not tag yet","imageList":"","content_source":null,"comments":[{"id":143947,"parent_id":37385,"type":1,"commentor":607,"gmtCreate":null,"gmtModified":null,"like_count":0,"content":"出企法笔记 需要可以dd","anonymity":1,"any_name":"鸡蛋仔","commentCount":null,"user":{"id":607,"name":"Krystalria_kwl","avatar_url":"https://thirdwx.qlogo.cn/mmopen/vi_32/2Iw3M4Myq6G7XV6SfV5TUVFUxJboWcb7iazOrJbeaAZxBkUzHUpHH3TNRX51gWXFFibpV2BNAGb1eHyJ3ryMgs0A/132"},"isCommentLike":-5,"dislike_count":0},{"id":143958,"parent_id":37385,"type":1,"commentor":1945,"gmtCreate":null,"gmtModified":null,"like_count":0,"content":"哪个学院 中文还是英文授课","anonymity":1,"any_name":"允指原味鸡","commentCount":null,"user":{"id":1945,"name":"U_45737975","avatar_url":"http://test01-20200725.oss-cn-shenzhen.aliyuncs.com/image/1656502326260.jpg?Expires=1971862319&OSSAccessKeyId=LTAI4G5RL7pjavqASCwc42kR&Signature=0YyKE1xbmPVz9NDdtaFWJoQdMIQ%3D"},"isCommentLike":-5,"dislike_count":0},{"id":143948,"parent_id":143947,"type":2,"commentor":2105,"gmtCreate":null,"gmtModified":null,"like_count":0,"content":"多少米","anonymity":1,"any_name":"咖哩鱼蛋","commentCount":null,"user":{"id":2105,"name":"aaaaa","avatar_url":"http://test01-20200725.oss-cn-shenzhen.aliyuncs.com/image/1662204195982.jpg?Expires=1977564189&OSSAccessKeyId=LTAI4G5RL7pjavqASCwc42kR&Signature=jZxwerRwjc58TmOBM8rq4FHs88Y%3D"},"isCommentLike":-5,"dislike_count":0},{"id":143957,"parent_id":143948,"type":2,"commentor":607,"gmtCreate":null,"gmtModified":null,"like_count":0,"content":"30r","anonymity":1,"any_name":"鸡蛋仔","commentCount":null,"user":{"id":607,"name":"Krystalria_kwl","avatar_url":"https://thirdwx.qlogo.cn/mmopen/vi_32/2Iw3M4Myq6G7XV6SfV5TUVFUxJboWcb7iazOrJbeaAZxBkUzHUpHH3TNRX51gWXFFibpV2BNAGb1eHyJ3ryMgs0A/132"},"isCommentLike":-5,"dislike_count":0},{"id":145232,"parent_id":143958,"type":2,"commentor":2105,"gmtCreate":null,"gmtModified":null,"like_count":0,"content":"中文商学院","anonymity":1,"any_name":"咖哩鱼蛋","commentCount":null,"user":{"id":2105,"name":"aaaaa","avatar_url":"http://test01-20200725.oss-cn-shenzhen.aliyuncs.com/image/1662204195982.jpg?Expires=1977564189&OSSAccessKeyId=LTAI4G5RL7pjavqASCwc42kR&Signature=jZxwerRwjc58TmOBM8rq4FHs88Y%3D"},"isCommentLike":-5,"dislike_count":0}],"any_name":"咖哩鱼蛋","relation":-2,"liked":-4,"anonymity":1,"dislike_count":0}