{"id":3760,"author":null,"author_avatar_url":null,"author_id":1230,"author_status":1,"gmt_create":1636036008392,"gmt_modified":1636036008392,"content":"想问一下社团都招新完了吗 没有机会了吗","title":"想问一下社团都招新完了吗 没有机会了吗","description":"no description yet","like_count":1,"comment_count":1,"view_count":64,"type":"post","tag":"not tag yet","imageList":"","content_source":null,"comments":[{"id":12933,"parent_id":3760,"type":1,"commentor":1416,"gmtCreate":null,"gmtModified":null,"like_count":0,"content":"我也还没归属…在等社团嘉年华","anonymity":0,"any_name":null,"commentCount":null,"user":{"id":1416,"name":"刷刷碗今天扫地","avatar_url":"http://test01-20200725.oss-cn-shenzhen.aliyuncs.com/image/1657959713163.jpg?Expires=1973319713&OSSAccessKeyId=LTAI4G5RL7pjavqASCwc42kR&Signature=L2catAoLK66uVZ6x7qyRgFaxg%2Fs%3D"},"isCommentLike":-5,"dislike_count":0}],"any_name":"三鲜水饺","relation":-2,"liked":-4,"anonymity":1,"dislike_count":0}