{"id":37628,"author":null,"author_avatar_url":null,"author_id":588,"author_status":1,"gmt_create":1662634056845,"gmt_modified":1662634056845,"content":"哈哈 不想活了 受不了床头的怪味最终决定把床帘拆了去洗结果一掀开发现原来是死了两只蟑螂在床头","title":"哈哈 不想活了 受不了床头的怪味最终决定把床帘拆了去洗结果一掀开发现原来是死了两只蟑螂在床头","description":"no description yet","like_count":6,"comment_count":13,"view_count":416,"type":"post","tag":"not tag yet","imageList":"","content_source":null,"comments":[{"id":144756,"parent_id":37628,"type":1,"commentor":9580,"gmtCreate":null,"gmtModified":null,"like_count":8,"content":"哈哈要我也不想活了","anonymity":1,"any_name":"英国短毛猫","commentCount":null,"user":{"id":9580,"name":"潇潇","avatar_url":"http://test01-20200725.oss-cn-shenzhen.aliyuncs.com/image/1661608916774.jpg?Expires=1976968908&OSSAccessKeyId=LTAI4G5RL7pjavqASCwc42kR&Signature=XDd2ZR60ZUxtBNc%2F6jxDRe8wcQ4%3D"},"isCommentLike":-5,"dislike_count":0},{"id":144757,"parent_id":37628,"type":1,"commentor":700,"gmtCreate":null,"gmtModified":null,"like_count":0,"content":"草，好恐怖","anonymity":0,"any_name":null,"commentCount":null,"user":{"id":700,"name":"我是Apex高手","avatar_url":"http://test01-20200725.oss-cn-shenzhen.aliyuncs.com/image/1663215936796.jpg?Expires=1978575936&OSSAccessKeyId=LTAI4G5RL7pjavqASCwc42kR&Signature=iGYHDWJ0bdPnEuRGScA1%2F8rgr40%3D"},"isCommentLike":-5,"dislike_count":0},{"id":144762,"parent_id":37628,"type":1,"commentor":848,"gmtCreate":null,"gmtModified":null,"like_count":0,"content":"救命","anonymity":1,"any_name":"微积分","commentCount":null,"user":{"id":848,"name":"星之歇比","avatar_url":"http://test01-20200725.oss-cn-shenzhen.aliyuncs.com/image/1663430944776.jpg?Expires=1978790938&OSSAccessKeyId=LTAI4G5RL7pjavqASCwc42kR&Signature=EeHzDK5Y9iB67u%2Fy%2BCkZA2PL4Gg%3D"},"isCommentLike":-5,"dislike_count":0},{"id":144763,"parent_id":37628,"type":1,"commentor":504,"gmtCreate":null,"gmtModified":null,"like_count":0,"content":"\uD83D\uDE16","anonymity":0,"any_name":null,"commentCount":null,"user":{"id":504,"name":"maito","avatar_url":"https://thirdwx.qlogo.cn/mmopen/vi_32/ILBrJqNk3JEwZswoaDQ5RghfFWOf6PToUEUze5shr1icVFI7oT6TbcGUZuibdpictDibwicVUkKDiaT4FFgmwNN43yPQ/132"},"isCommentLike":-5,"dislike_count":0},{"id":144766,"parent_id":37628,"type":1,"commentor":9578,"gmtCreate":null,"gmtModified":null,"like_count":0,"content":"呃啊啊。。。。。。","anonymity":1,"any_name":"Kelly","commentCount":null,"user":{"id":9578,"name":"U_504571660219","avatar_url":null},"isCommentLike":-5,"dislike_count":0},{"id":144788,"parent_id":37628,"type":1,"commentor":4871,"gmtCreate":null,"gmtModified":null,"like_count":0,"content":"虽然有些可怜但是哈哈哈哈","anonymity":1,"any_name":"珠海小天使","commentCount":null,"user":{"id":4871,"name":"U_150681647442","avatar_url":null},"isCommentLike":-5,"dislike_count":0},{"id":144794,"parent_id":37628,"type":1,"commentor":1751,"gmtCreate":null,"gmtModified":null,"like_count":0,"content":"我靠 重口味","anonymity":0,"any_name":null,"commentCount":null,"user":{"id":1751,"name":"\uD83D\uDC1D\uD83D\uDC96\uD83D\uDD12\uD83D\uDC93","avatar_url":"http://test01-20200725.oss-cn-shenzhen.aliyuncs.com/image/1654747810230.jpg?Expires=1970107803&OSSAccessKeyId=LTAI4G5RL7pjavqASCwc42kR&Signature=KahWaPknZKH%2BMug469QddEs%2FSvI%3D"},"isCommentLike":-5,"dislike_count":0},{"id":144913,"parent_id":37628,"type":1,"commentor":85,"gmtCreate":null,"gmtModified":null,"like_count":0,"content":"\uD83C\uDD98","anonymity":0,"any_name":null,"commentCount":null,"user":{"id":85,"name":"Anne漪（撒欢放假版","avatar_url":"https://thirdwx.qlogo.cn/mmopen/vi_32/boORqiaGxZHpFfgBa6Ztu9pm6KmCpPwDOTSW3u7Mn5Fl9Y7YNt7vLjWP8ShwCAicpCPFj65czgoLwMQGUsQhO02w/132"},"isCommentLike":-5,"dislike_count":0},{"id":144767,"parent_id":144756,"type":2,"commentor":588,"gmtCreate":null,"gmtModified":null,"like_count":0,"content":"把床帘床单全拆去洗了 角落拿消毒水和抹布和纸巾打扫了好几遍 现在干净得像什么都没发生过 没有什么办法晚上还是要睡的希望这次不会再有怪味了（烟）","anonymity":1,"any_name":"哈士奇","commentCount":null,"user":{"id":588,"name":"鬼泣五天下第一","avatar_url":"http://test01-20200725.oss-cn-shenzhen.aliyuncs.com/image/1631640727142.jpg?Expires=1947000725&OSSAccessKeyId=LTAI4G5RL7pjavqASCwc42kR&Signature=42JwoQ22vRulPr3FxeFUnneCgk4%3D"},"isCommentLike":-5,"dislike_count":0},{"id":144772,"parent_id":144756,"type":2,"commentor":9580,"gmtCreate":null,"gmtModified":null,"like_count":0,"content":"嗯嗯！一定没有味道","anonymity":1,"any_name":"英国短毛猫","commentCount":null,"user":{"id":9580,"name":"潇潇","avatar_url":"http://test01-20200725.oss-cn-shenzhen.aliyuncs.com/image/1661608916774.jpg?Expires=1976968908&OSSAccessKeyId=LTAI4G5RL7pjavqASCwc42kR&Signature=XDd2ZR60ZUxtBNc%2F6jxDRe8wcQ4%3D"},"isCommentLike":-5,"dislike_count":0},{"id":144964,"parent_id":144788,"type":2,"commentor":588,"gmtCreate":null,"gmtModified":null,"like_count":0,"content":"我都快哭出来了不准笑呜呜呜呜呜呜","anonymity":1,"any_name":"哈士奇","commentCount":null,"user":{"id":588,"name":"鬼泣五天下第一","avatar_url":"http://test01-20200725.oss-cn-shenzhen.aliyuncs.com/image/1631640727142.jpg?Expires=1947000725&OSSAccessKeyId=LTAI4G5RL7pjavqASCwc42kR&Signature=42JwoQ22vRulPr3FxeFUnneCgk4%3D"},"isCommentLike":-5,"dislike_count":0},{"id":144965,"parent_id":144794,"type":2,"commentor":588,"gmtCreate":null,"gmtModified":null,"like_count":0,"content":"我也不想的啊！","anonymity":1,"any_name":"哈士奇","commentCount":null,"user":{"id":588,"name":"鬼泣五天下第一","avatar_url":"http://test01-20200725.oss-cn-shenzhen.aliyuncs.com/image/1631640727142.jpg?Expires=1947000725&OSSAccessKeyId=LTAI4G5RL7pjavqASCwc42kR&Signature=42JwoQ22vRulPr3FxeFUnneCgk4%3D"},"isCommentLike":-5,"dislike_count":0},{"id":145080,"parent_id":144965,"type":2,"commentor":1751,"gmtCreate":null,"gmtModified":null,"like_count":0,"content":"辛苦了嗚嗚嗚","anonymity":0,"any_name":null,"commentCount":null,"user":{"id":1751,"name":"\uD83D\uDC1D\uD83D\uDC96\uD83D\uDD12\uD83D\uDC93","avatar_url":"http://test01-20200725.oss-cn-shenzhen.aliyuncs.com/image/1654747810230.jpg?Expires=1970107803&OSSAccessKeyId=LTAI4G5RL7pjavqASCwc42kR&Signature=KahWaPknZKH%2BMug469QddEs%2FSvI%3D"},"isCommentLike":-5,"dislike_count":0}],"any_name":"哈士奇","relation":-2,"liked":-4,"anonymity":1,"dislike_count":0}