{"id":37690,"author":null,"author_avatar_url":null,"author_id":271,"author_status":1,"gmt_create":1662653761984,"gmt_modified":1662653761984,"content":"出一张流量卡，想要的可以点赞我私信你","title":"出一张流量卡，想要的可以点赞我私信你","description":"no description yet","like_count":1,"comment_count":4,"view_count":73,"type":"post","tag":"not tag yet","imageList":"","content_source":null,"comments":[{"id":145024,"parent_id":37690,"type":1,"commentor":271,"gmtCreate":null,"gmtModified":null,"like_count":1,"content":"160r，288GB可以用一年。和记的流量卡，在澳门也可以接收短信","anonymity":1,"any_name":"葡挞","commentCount":null,"user":{"id":271,"name":"那个鱼有这么大","avatar_url":"http://test01-20200725.oss-cn-shenzhen.aliyuncs.com/image/1640916700110.jpg?Expires=1956276695&OSSAccessKeyId=LTAI4G5RL7pjavqASCwc42kR&Signature=scskOi6IEXEQuCbpDhk64OHZ0I8%3D"},"isCommentLike":-5,"dislike_count":0},{"id":145077,"parent_id":37690,"type":1,"commentor":518,"gmtCreate":null,"gmtModified":null,"like_count":1,"content":"是穿月卡吗，是的话我想要","anonymity":1,"any_name":"大潭山车队","commentCount":null,"user":{"id":518,"name":"Carpe Diem","avatar_url":"https://thirdwx.qlogo.cn/mmopen/vi_32/boORqiaGxZHpFfgBa6Ztu9rng4c5iatxXK4pwtrgslfvBgd6ibH3X92yhiaazngicX9rG0LbgLTQBqhaW4PxBUicxsHg/132"},"isCommentLike":-5,"dislike_count":0},{"id":145098,"parent_id":145077,"type":2,"commentor":4151,"gmtCreate":null,"gmtModified":null,"like_count":0,"content":"有和记穿月卡配套另一张的你要吗","anonymity":0,"any_name":null,"commentCount":null,"user":{"id":4151,"name":"想去hk","avatar_url":null},"isCommentLike":-5,"dislike_count":0},{"id":145160,"parent_id":145098,"type":2,"commentor":518,"gmtCreate":null,"gmtModified":null,"like_count":0,"content":"是每月三十g的那种嘛，要","anonymity":1,"any_name":"大潭山车队","commentCount":null,"user":{"id":518,"name":"Carpe Diem","avatar_url":"https://thirdwx.qlogo.cn/mmopen/vi_32/boORqiaGxZHpFfgBa6Ztu9rng4c5iatxXK4pwtrgslfvBgd6ibH3X92yhiaazngicX9rG0LbgLTQBqhaW4PxBUicxsHg/132"},"isCommentLike":-5,"dislike_count":0}],"any_name":"葡挞","relation":-2,"liked":-4,"anonymity":1,"dislike_count":0}