{"id":37782,"author":null,"author_avatar_url":null,"author_id":270,"author_status":1,"gmt_create":1662712734468,"gmt_modified":1662712734468,"content":"一天几顿","title":"一天几顿","description":"no description yet","like_count":0,"comment_count":8,"view_count":269,"type":"post","tag":"not tag yet","imageList":"","content_source":null,"comments":[{"id":145259,"parent_id":37782,"type":1,"commentor":85,"gmtCreate":null,"gmtModified":null,"like_count":0,"content":"一般两顿有时候一顿","anonymity":0,"any_name":null,"commentCount":null,"user":{"id":85,"name":"Anne漪（撒欢放假版","avatar_url":"https://thirdwx.qlogo.cn/mmopen/vi_32/boORqiaGxZHpFfgBa6Ztu9pm6KmCpPwDOTSW3u7Mn5Fl9Y7YNt7vLjWP8ShwCAicpCPFj65czgoLwMQGUsQhO02w/132"},"isCommentLike":-5,"dislike_count":0},{"id":145264,"parent_id":37782,"type":1,"commentor":1033,"gmtCreate":null,"gmtModified":null,"like_count":0,"content":"5","anonymity":1,"any_name":"拱北快递员","commentCount":null,"user":{"id":1033,"name":"厉害 澳门谢霆锋都被你加到了","avatar_url":"https://thirdwx.qlogo.cn/mmopen/vi_32/Q0j4TwGTfTKj1EH5mVBlh6SCQXGhmdWXddwfEOpONVzOuK4UoUL2wIHK8DJbgwoYZA1OHuHJGj7rXQzy28GMBA/132"},"isCommentLike":-5,"dislike_count":0},{"id":145267,"parent_id":37782,"type":1,"commentor":643,"gmtCreate":null,"gmtModified":null,"like_count":0,"content":"以前两顿，现在每天早课被迫三顿","anonymity":1,"any_name":"亚古兽","commentCount":null,"user":{"id":643,"name":"脾气超级差","avatar_url":"http://test01-20200725.oss-cn-shenzhen.aliyuncs.com/image/1658825259833.jpg?Expires=1974185254&OSSAccessKeyId=LTAI4G5RL7pjavqASCwc42kR&Signature=cVqDAV6c37qT%2FyCkpGnFEKtS3TU%3D"},"isCommentLike":-5,"dislike_count":0},{"id":145285,"parent_id":37782,"type":1,"commentor":700,"gmtCreate":null,"gmtModified":null,"like_count":0,"content":"一日三餐没烦恼，就吃老八秘制小汉堡","anonymity":1,"any_name":"大潭山车队","commentCount":null,"user":{"id":700,"name":"我是Apex高手","avatar_url":"http://test01-20200725.oss-cn-shenzhen.aliyuncs.com/image/1663215936796.jpg?Expires=1978575936&OSSAccessKeyId=LTAI4G5RL7pjavqASCwc42kR&Signature=iGYHDWJ0bdPnEuRGScA1%2F8rgr40%3D"},"isCommentLike":-5,"dislike_count":0},{"id":145292,"parent_id":37782,"type":1,"commentor":1338,"gmtCreate":null,"gmtModified":null,"like_count":0,"content":"2","anonymity":1,"any_name":"阿拉斯加猪","commentCount":null,"user":{"id":1338,"name":"肥包小朋友","avatar_url":"https://thirdwx.qlogo.cn/mmopen/vi_32/7TkibgeRoLsRzlFoMoGLSg4CVX981Y0n1aFysWMCsX8AEoMCAJnJ8DFaibmhT0dbXqz1Pl9I0kTXgIMLmWHU2kvA/132"},"isCommentLike":-5,"dislike_count":0},{"id":145313,"parent_id":37782,"type":1,"commentor":9628,"gmtCreate":null,"gmtModified":null,"like_count":0,"content":"2","anonymity":1,"any_name":"Anton","commentCount":null,"user":{"id":9628,"name":"U_371491660723","avatar_url":null},"isCommentLike":-5,"dislike_count":0},{"id":145646,"parent_id":37782,"type":1,"commentor":9878,"gmtCreate":null,"gmtModified":null,"like_count":0,"content":"2","anonymity":1,"any_name":"奥利奥","commentCount":null,"user":{"id":9878,"name":"大吉大利","avatar_url":null},"isCommentLike":-5,"dislike_count":0},{"id":145261,"parent_id":145259,"type":2,"commentor":85,"gmtCreate":null,"gmtModified":null,"like_count":0,"content":"减肥期","anonymity":0,"any_name":null,"commentCount":null,"user":{"id":85,"name":"Anne漪（撒欢放假版","avatar_url":"https://thirdwx.qlogo.cn/mmopen/vi_32/boORqiaGxZHpFfgBa6Ztu9pm6KmCpPwDOTSW3u7Mn5Fl9Y7YNt7vLjWP8ShwCAicpCPFj65czgoLwMQGUsQhO02w/132"},"isCommentLike":-5,"dislike_count":0}],"any_name":"内卷狂魔","relation":-2,"liked":-4,"anonymity":1,"dislike_count":0}