{"id":37805,"author":"想去hk","author_avatar_url":null,"author_id":4151,"author_status":1,"gmt_create":1662719935249,"gmt_modified":1662719935249,"content":"所以大二有机会抢到四级吗？","title":"所以大二有机会抢到四级吗？","description":"no description yet","like_count":2,"comment_count":6,"view_count":375,"type":"post","tag":"not tag yet","imageList":"","content_source":null,"comments":[{"id":145333,"parent_id":37805,"type":1,"commentor":937,"gmtCreate":null,"gmtModified":null,"like_count":0,"content":"上学期比下学期难","anonymity":1,"any_name":"奥利奥","commentCount":null,"user":{"id":937,"name":"Paprika","avatar_url":"https://thirdwx.qlogo.cn/mmopen/vi_32/DYAIOgq83erXO0Hibm3qJlZAq1DEuggbNcFD7NCFFzJrk2VLe4pHwHvbA8JuV9oOibd44ibYWvprax9F18Ank1eibw/132"},"isCommentLike":-5,"dislike_count":0},{"id":145335,"parent_id":37805,"type":1,"commentor":4289,"gmtCreate":null,"gmtModified":null,"like_count":0,"content":"我也想考来着","anonymity":0,"any_name":null,"commentCount":null,"user":{"id":4289,"name":"条子","avatar_url":"http://test01-20200725.oss-cn-shenzhen.aliyuncs.com/image/1663385941528.jpg?Expires=1978745939&OSSAccessKeyId=LTAI4G5RL7pjavqASCwc42kR&Signature=TC3pMDXvhWtqsmZN0%2F8tJo%2BQXNM%3D"},"isCommentLike":-5,"dislike_count":0},{"id":145337,"parent_id":37805,"type":1,"commentor":367,"gmtCreate":null,"gmtModified":null,"like_count":0,"content":"我大一下抢到的","anonymity":1,"any_name":"水箭龟","commentCount":null,"user":{"id":367,"name":"就叫xuan","avatar_url":"https://thirdwx.qlogo.cn/mmopen/vi_32/Q0j4TwGTfTJEJRSdJQXTwYW5yCGicTGt1vnJt7JUMFmeHRDAUqoHWmulBoLyKtpKZs5hgxC54YJs0NZdIWl3iaaQ/132"},"isCommentLike":-5,"dislike_count":0},{"id":145349,"parent_id":37805,"type":1,"commentor":671,"gmtCreate":null,"gmtModified":null,"like_count":0,"content":"大一就抢到了哈","anonymity":1,"any_name":"出前一丁","commentCount":null,"user":{"id":671,"name":"◎","avatar_url":"http://test01-20200725.oss-cn-shenzhen.aliyuncs.com/image/1664699757386.jpg?Expires=1980059772&OSSAccessKeyId=LTAI4G5RL7pjavqASCwc42kR&Signature=ZC0uNc%2B%2FN8qfUew%2BdOKm8lxaawA%3D"},"isCommentLike":-5,"dislike_count":0},{"id":145343,"parent_id":145337,"type":2,"commentor":1314,"gmtCreate":null,"gmtModified":null,"like_count":0,"content":"一般啥时候抢啊，几月份","anonymity":1,"any_name":"老板","commentCount":null,"user":{"id":1314,"name":"hehe","avatar_url":"http://test01-20200725.oss-cn-shenzhen.aliyuncs.com/image/1666367895487.jpg?Expires=1981727887&OSSAccessKeyId=LTAI4G5RL7pjavqASCwc42kR&Signature=5VdxIWqekB0I0lIncobuqQAd1Sk%3D"},"isCommentLike":-5,"dislike_count":0},{"id":145346,"parent_id":145343,"type":2,"commentor":367,"gmtCreate":null,"gmtModified":null,"like_count":0,"content":"刚开学没多久吧 忘了","anonymity":1,"any_name":"水箭龟","commentCount":null,"user":{"id":367,"name":"就叫xuan","avatar_url":"https://thirdwx.qlogo.cn/mmopen/vi_32/Q0j4TwGTfTJEJRSdJQXTwYW5yCGicTGt1vnJt7JUMFmeHRDAUqoHWmulBoLyKtpKZs5hgxC54YJs0NZdIWl3iaaQ/132"},"isCommentLike":-5,"dislike_count":0}],"any_name":null,"relation":-2,"liked":-4,"anonymity":0,"dislike_count":0}