{"id":37852,"author":null,"author_avatar_url":null,"author_id":1922,"author_status":1,"gmt_create":1662734947631,"gmt_modified":1662734947631,"content":"有没有友友直到现在哪里有splatoon3现货","title":"有没有友友直到现在哪里有splatoon3现货","description":"no description yet","like_count":2,"comment_count":3,"view_count":17,"type":"post","tag":"not tag yet","imageList":"","content_source":null,"comments":[{"id":145803,"parent_id":37852,"type":1,"commentor":801,"gmtCreate":null,"gmtModified":null,"like_count":0,"content":"买电子版吧，预购了卡带只能等了，也不能起飞去日本买……","anonymity":0,"any_name":null,"commentCount":null,"user":{"id":801,"name":"官也街涂鸦","avatar_url":"http://test01-20200725.oss-cn-shenzhen.aliyuncs.com/image/1662405692042.jpg?Expires=1977765683&OSSAccessKeyId=LTAI4G5RL7pjavqASCwc42kR&Signature=ssUZs5XNunr%2FGaDFMrHZY40gPDA%3D"},"isCommentLike":-5,"dislike_count":0},{"id":146002,"parent_id":145803,"type":2,"commentor":1922,"gmtCreate":null,"gmtModified":null,"like_count":0,"content":"其实不急着玩 主要卡带可以出还能领金币包装也好看","anonymity":1,"any_name":"和味牛杂","commentCount":null,"user":{"id":1922,"name":"Karina","avatar_url":"http://test01-20200725.oss-cn-shenzhen.aliyuncs.com/image/1646718623272.jpg?Expires=1962078620&OSSAccessKeyId=LTAI4G5RL7pjavqASCwc42kR&Signature=NWv3wbaWhj2wWDP5lExeJqhJMvM%3D"},"isCommentLike":-5,"dislike_count":0},{"id":146039,"parent_id":145803,"type":2,"commentor":801,"gmtCreate":null,"gmtModified":null,"like_count":0,"content":"要是买了电子版又拍不到人还能出了回血","anonymity":0,"any_name":null,"commentCount":null,"user":{"id":801,"name":"官也街涂鸦","avatar_url":"http://test01-20200725.oss-cn-shenzhen.aliyuncs.com/image/1662405692042.jpg?Expires=1977765683&OSSAccessKeyId=LTAI4G5RL7pjavqASCwc42kR&Signature=ssUZs5XNunr%2FGaDFMrHZY40gPDA%3D"},"isCommentLike":-5,"dislike_count":0}],"any_name":"和味牛杂","relation":-2,"liked":-4,"anonymity":1,"dislike_count":0}