{"id":379,"author":null,"author_avatar_url":null,"author_id":391,"author_status":1,"gmt_create":1631115933538,"gmt_modified":1631115933538,"content":"steam上空洞骑士第一章怎么过？在线等，急！","title":"steam上空洞骑士第一章怎么过？在线等，急！","description":"no description yet","like_count":3,"comment_count":4,"view_count":49,"type":"post","tag":"not tag yet","imageList":"","content_source":null,"comments":[{"id":867,"parent_id":379,"type":1,"commentor":588,"gmtCreate":null,"gmtModified":null,"like_count":1,"content":"握日 还有玩空洞骑士的","anonymity":0,"any_name":null,"commentCount":null,"user":{"id":588,"name":"鬼泣五天下第一","avatar_url":"http://test01-20200725.oss-cn-shenzhen.aliyuncs.com/image/1631640727142.jpg?Expires=1947000725&OSSAccessKeyId=LTAI4G5RL7pjavqASCwc42kR&Signature=42JwoQ22vRulPr3FxeFUnneCgk4%3D"},"isCommentLike":-5,"dislike_count":0},{"id":802,"parent_id":379,"type":1,"commentor":452,"gmtCreate":null,"gmtModified":null,"like_count":0,"content":"你为什么不去NGA要来这？","anonymity":0,"any_name":null,"commentCount":null,"user":{"id":452,"name":"dohunter","avatar_url":"http://test01-20200725.oss-cn-shenzhen.aliyuncs.com/image/1631113643633.jpg?Expires=1946473637&OSSAccessKeyId=LTAI4G5RL7pjavqASCwc42kR&Signature=3klEAnOSy6EIXcM3RDNwT75eddg%3D"},"isCommentLike":-5,"dislike_count":0},{"id":861,"parent_id":379,"type":1,"commentor":581,"gmtCreate":null,"gmtModified":null,"like_count":0,"content":"国王山道还是十字路 总之这样那样左走右走砍砍跳跳就可以过了（比划）","anonymity":0,"any_name":null,"commentCount":null,"user":{"id":581,"name":"發光西瓜孢子","avatar_url":"http://test01-20200725.oss-cn-shenzhen.aliyuncs.com/image/1631119077984.jpg?Expires=1946479074&OSSAccessKeyId=LTAI4G5RL7pjavqASCwc42kR&Signature=V5Ue7WGt4Jv72AxfDa28Or%2B6ul0%3D"},"isCommentLike":-5,"dislike_count":0},{"id":1976,"parent_id":379,"type":1,"commentor":830,"gmtCreate":null,"gmtModified":null,"like_count":0,"content":"多跑跑，下井一定要先往右边一直走(什么","anonymity":0,"any_name":null,"commentCount":null,"user":{"id":830,"name":"炸虾威","avatar_url":"http://test01-20200725.oss-cn-shenzhen.aliyuncs.com/image/1633701824609.jpg?Expires=1949061819&OSSAccessKeyId=LTAI4G5RL7pjavqASCwc42kR&Signature=OWGqikbRU2PJEY0gGZbcGl8CkdU%3D"},"isCommentLike":-5,"dislike_count":0}],"any_name":"鸡蛋仔","relation":-2,"liked":-4,"anonymity":1,"dislike_count":0}