{"id":37940,"author":null,"author_avatar_url":null,"author_id":6780,"author_status":1,"gmt_create":1662775527814,"gmt_modified":1662775527814,"content":"地球科学金子梁的   有考试吗","title":"地球科学金子梁的   有考试吗","description":"no description yet","like_count":0,"comment_count":1,"view_count":62,"type":"post","tag":"not tag yet","imageList":"","content_source":null,"comments":[{"id":145958,"parent_id":37940,"type":1,"commentor":4111,"gmtCreate":null,"gmtModified":null,"like_count":0,"content":"蹲","anonymity":0,"any_name":null,"commentCount":null,"user":{"id":4111,"name":"小智","avatar_url":"http://test01-20200725.oss-cn-shenzhen.aliyuncs.com/image/1652377174933.jpg?Expires=1967737177&OSSAccessKeyId=LTAI4G5RL7pjavqASCwc42kR&Signature=AHWSQg6%2BFjFBfoAf4aR1BJBSEss%3D"},"isCommentLike":-5,"dislike_count":0}],"any_name":"葡挞","relation":-2,"liked":-4,"anonymity":1,"dislike_count":0}