{"id":3799,"author":null,"author_avatar_url":null,"author_id":1222,"author_status":1,"gmt_create":1636091821330,"gmt_modified":1636091821330,"content":"家人们现在自习室和图书馆有座吗","title":"家人们现在自习室和图书馆有座吗","description":"no description yet","like_count":0,"comment_count":2,"view_count":103,"type":"post","tag":"not tag yet","imageList":"","content_source":null,"comments":[{"id":13049,"parent_id":3799,"type":1,"commentor":898,"gmtCreate":null,"gmtModified":null,"like_count":0,"content":"我也想知道","anonymity":1,"any_name":"六级词汇","commentCount":null,"user":{"id":898,"name":"枔_YYY","avatar_url":"https://thirdwx.qlogo.cn/mmopen/vi_32/PrFG9C2KicTNWasiahXk8fNOsssOkdKTkgIwBYkTdNtuBOLmQcFNEwL1pyapwrH5XyBz8DH22sHiaDRKdGCWoOYsg/132"},"isCommentLike":-5,"dislike_count":0},{"id":13138,"parent_id":3799,"type":1,"commentor":609,"gmtCreate":null,"gmtModified":null,"like_count":0,"content":"建议去氹仔的图书馆","anonymity":0,"any_name":null,"commentCount":null,"user":{"id":609,"name":"甲苯","avatar_url":"https://thirdwx.qlogo.cn/mmopen/vi_32/pSicImEnYKqIQwDpksAwq2pLr36siblwgSia9duM4a86tpADXCQuSSBqwuMMouggpYUy93KBw6d8GPNxAetp7u9tQ/132"},"isCommentLike":-5,"dislike_count":0}],"any_name":"多喝热水","relation":-2,"liked":-4,"anonymity":1,"dislike_count":0}