{"id":38027,"author":null,"author_avatar_url":null,"author_id":572,"author_status":1,"gmt_create":1663066372540,"gmt_modified":1663066372540,"content":"请问明天中午还可以进出澳门吗","title":"请问明天中午还可以进出澳门吗","description":"no description yet","like_count":1,"comment_count":7,"view_count":249,"type":"post","tag":"not tag yet","imageList":"http://test01-20200725.oss-cn-shenzhen.aliyuncs.com/image/1663066348036.jpg?Expires=1978426342&OSSAccessKeyId=LTAI4G5RL7pjavqASCwc42kR&Signature=ONykTPuLV81Sspej3G%2BjXNn1%2BXs%3D","content_source":null,"comments":[{"id":146172,"parent_id":38027,"type":1,"commentor":1295,"gmtCreate":null,"gmtModified":null,"like_count":0,"content":"看澳康码 应该\uD83C\uDE51️","anonymity":1,"any_name":"英国短毛猫","commentCount":null,"user":{"id":1295,"name":"U_637031633831","avatar_url":null},"isCommentLike":-5,"dislike_count":0},{"id":146177,"parent_id":38027,"type":1,"commentor":1219,"gmtCreate":null,"gmtModified":null,"like_count":0,"content":"可以过，这个能过2天","anonymity":1,"any_name":"奥利奥","commentCount":null,"user":{"id":1219,"name":"U_302771633013","avatar_url":null},"isCommentLike":-5,"dislike_count":0},{"id":146179,"parent_id":38027,"type":1,"commentor":2866,"gmtCreate":null,"gmtModified":null,"like_count":0,"content":"可以","anonymity":1,"any_name":"允指原味鸡","commentCount":null,"user":{"id":2866,"name":"無語","avatar_url":"http://test01-20200725.oss-cn-shenzhen.aliyuncs.com/image/1644504008406.jpeg?Expires=1959864005&OSSAccessKeyId=LTAI4G5RL7pjavqASCwc42kR&Signature=8WZo%2Bn2ntbUJ5ZA3vibFBtQan8w%3D"},"isCommentLike":-5,"dislike_count":0},{"id":146185,"parent_id":38027,"type":1,"commentor":572,"gmtCreate":null,"gmtModified":null,"like_count":0,"content":"谢谢！","anonymity":1,"any_name":"布偶猫","commentCount":null,"user":{"id":572,"name":"Leeee","avatar_url":"http://test01-20200725.oss-cn-shenzhen.aliyuncs.com/image/1657604884159.jpg?Expires=1972964876&OSSAccessKeyId=LTAI4G5RL7pjavqASCwc42kR&Signature=3dw3hI%2Fk3y7OjIctyBO%2FMM0s6%2BQ%3D"},"isCommentLike":-5,"dislike_count":0},{"id":146174,"parent_id":146172,"type":2,"commentor":572,"gmtCreate":null,"gmtModified":null,"like_count":0,"content":"澳康码说往广东只到13号，但是我看有人说出核酸第一天不算，第二天也能过，就是有点懵现在","anonymity":1,"any_name":"布偶猫","commentCount":null,"user":{"id":572,"name":"Leeee","avatar_url":"http://test01-20200725.oss-cn-shenzhen.aliyuncs.com/image/1657604884159.jpg?Expires=1972964876&OSSAccessKeyId=LTAI4G5RL7pjavqASCwc42kR&Signature=3dw3hI%2Fk3y7OjIctyBO%2FMM0s6%2BQ%3D"},"isCommentLike":-5,"dislike_count":0},{"id":146202,"parent_id":146177,"type":2,"commentor":572,"gmtCreate":null,"gmtModified":null,"like_count":0,"content":"保险起见，我再多问一嘴，是明天中午可以从澳门过到珠海对吧","anonymity":1,"any_name":"布偶猫","commentCount":null,"user":{"id":572,"name":"Leeee","avatar_url":"http://test01-20200725.oss-cn-shenzhen.aliyuncs.com/image/1657604884159.jpg?Expires=1972964876&OSSAccessKeyId=LTAI4G5RL7pjavqASCwc42kR&Signature=3dw3hI%2Fk3y7OjIctyBO%2FMM0s6%2BQ%3D"},"isCommentLike":-5,"dislike_count":0},{"id":146207,"parent_id":146202,"type":2,"commentor":1219,"gmtCreate":null,"gmtModified":null,"like_count":0,"content":"可以的","anonymity":1,"any_name":"拉面小路","commentCount":null,"user":{"id":1219,"name":"U_302771633013","avatar_url":null},"isCommentLike":-5,"dislike_count":0}],"any_name":"布偶猫","relation":-2,"liked":-4,"anonymity":1,"dislike_count":0}