{"id":38089,"author":null,"author_avatar_url":null,"author_id":1471,"author_status":1,"gmt_create":1663122534599,"gmt_modified":1663122534599,"content":"一直觉得回信息是基本的礼貌，现在发现是我把回信息看得太重要了","title":"一直觉得回信息是基本的礼貌，现在发现是我把回信息看得太重要了","description":"no description yet","like_count":0,"comment_count":1,"view_count":89,"type":"post","tag":"not tag yet","imageList":"","content_source":null,"comments":[{"id":146336,"parent_id":38089,"type":1,"commentor":270,"gmtCreate":null,"gmtModified":null,"like_count":0,"content":"是的","anonymity":1,"any_name":"允指原味鸡","commentCount":null,"user":{"id":270,"name":"蛆奇味蝻瓜饼","avatar_url":"http://test01-20200725.oss-cn-shenzhen.aliyuncs.com/image/1660746251527.jpg?Expires=1976106242&OSSAccessKeyId=LTAI4G5RL7pjavqASCwc42kR&Signature=wxKGSngs19HSbuL3DpNT%2BQ%2BIzxU%3D"},"isCommentLike":-5,"dislike_count":0}],"any_name":"GRE精选","relation":-2,"liked":-4,"anonymity":1,"dislike_count":0}