{"id":38162,"author":null,"author_avatar_url":null,"author_id":9490,"author_status":1,"gmt_create":1663153487338,"gmt_modified":1663153487338,"content":"有同学在上天文科学线下课吗，老师没开云课堂，救救孩子\uD83D\uDE4F \uD83D\uDE4F","title":"有同学在上天文科学线下课吗，老师没开云课堂，救救孩子\uD83D\uDE4F \uD83D\uDE4F","description":"no description yet","like_count":1,"comment_count":0,"view_count":11,"type":"post","tag":"not tag yet","imageList":"","content_source":null,"comments":null,"any_name":"大潭山车队","relation":-2,"liked":-4,"anonymity":1,"dislike_count":0}