{"id":38359,"author":null,"author_avatar_url":null,"author_id":5671,"author_status":1,"gmt_create":1663254198767,"gmt_modified":1663254198767,"content":"有人出插线板吗\uD83D\uDE2D校内宿舍","title":"有人出插线板吗\uD83D\uDE2D校内宿舍","description":"no description yet","like_count":0,"comment_count":6,"view_count":48,"type":"post","tag":"not tag yet","imageList":"","content_source":null,"comments":[{"id":147041,"parent_id":38359,"type":1,"commentor":9928,"gmtCreate":null,"gmtModified":null,"like_count":0,"content":"你在哪一座呀","anonymity":0,"any_name":null,"commentCount":null,"user":{"id":9928,"name":"小鸡一点都不可爱","avatar_url":"http://test01-20200725.oss-cn-shenzhen.aliyuncs.com/image/1663255351882.jpg?Expires=1978615351&OSSAccessKeyId=LTAI4G5RL7pjavqASCwc42kR&Signature=2vxTznexPfBdfecQi9E5DePtoW0%3D"},"isCommentLike":-5,"dislike_count":0},{"id":147078,"parent_id":38359,"type":1,"commentor":4279,"gmtCreate":null,"gmtModified":null,"like_count":0,"content":"有，英式插排","anonymity":1,"any_name":"网瘾少年","commentCount":null,"user":{"id":4279,"name":"Y的门下走狗","avatar_url":null},"isCommentLike":-5,"dislike_count":0},{"id":147092,"parent_id":38359,"type":1,"commentor":5671,"gmtCreate":null,"gmtModified":null,"like_count":0,"content":"P！","anonymity":1,"any_name":"Redis设计与实现","commentCount":null,"user":{"id":5671,"name":"U_557201648712","avatar_url":null},"isCommentLike":-5,"dislike_count":0},{"id":147093,"parent_id":147041,"type":2,"commentor":5671,"gmtCreate":null,"gmtModified":null,"like_count":0,"content":"p哎","anonymity":1,"any_name":"Redis设计与实现","commentCount":null,"user":{"id":5671,"name":"U_557201648712","avatar_url":null},"isCommentLike":-5,"dislike_count":0},{"id":147094,"parent_id":147078,"type":2,"commentor":5671,"gmtCreate":null,"gmtModified":null,"like_count":0,"content":"哪里哪里","anonymity":1,"any_name":"Redis设计与实现","commentCount":null,"user":{"id":5671,"name":"U_557201648712","avatar_url":null},"isCommentLike":-5,"dislike_count":0},{"id":147482,"parent_id":147092,"type":2,"commentor":9155,"gmtCreate":null,"gmtModified":null,"like_count":0,"content":"还出么","anonymity":1,"any_name":"拉面小路","commentCount":null,"user":{"id":9155,"name":"U_859631653964","avatar_url":null},"isCommentLike":-5,"dislike_count":0}],"any_name":"Redis设计与实现","relation":-2,"liked":-4,"anonymity":1,"dislike_count":0}