{"id":38477,"author":"U_615621663319","author_avatar_url":null,"author_id":9943,"author_status":1,"gmt_create":1663319399028,"gmt_modified":1663319399028,"content":"家人们，我想问一下，用什么网址打开COES会好一点？抢课的时候如果进去了空白了（只有绿色底了）是等待还是刷新？","title":"家人们，我想问一下，用什么网址打开COES会好一点？抢课的时候如果进去了空白了（只有绿色底了）是等待还是刷新？","description":"no description yet","like_count":0,"comment_count":1,"view_count":108,"type":"post","tag":"not tag yet","imageList":"","content_source":null,"comments":[{"id":147371,"parent_id":38477,"type":1,"commentor":1300,"gmtCreate":null,"gmtModified":null,"like_count":0,"content":"刷新","anonymity":1,"any_name":"Redis设计与实现","commentCount":null,"user":{"id":1300,"name":"momo","avatar_url":"https://thirdwx.qlogo.cn/mmopen/vi_32/Q3auHgzwzM7CGtMib0fLpiacnFCIV4p4fOQq7YJFnq1qz3Rib80wFzy3bQgCZJ8zbY0YpiciakLNOuK69UMKfibj3lwg/132"},"isCommentLike":-5,"dislike_count":0}],"any_name":null,"relation":-2,"liked":-4,"anonymity":0,"dislike_count":0}