{"id":38532,"author":null,"author_avatar_url":null,"author_id":1638,"author_status":1,"gmt_create":1663340987203,"gmt_modified":1663340987203,"content":"国际关系概论于惠春选修，要组队吗？","title":"国际关系概论于惠春选修，要组队吗？","description":"no description yet","like_count":1,"comment_count":1,"view_count":64,"type":"post","tag":"not tag yet","imageList":"","content_source":null,"comments":[{"id":147585,"parent_id":38532,"type":1,"commentor":2139,"gmtCreate":null,"gmtModified":null,"like_count":0,"content":"要的","anonymity":0,"any_name":null,"commentCount":null,"user":{"id":2139,"name":"胜利牌杜松子酒","avatar_url":"http://test01-20200725.oss-cn-shenzhen.aliyuncs.com/image/1664416004324.jpg?Expires=1979775997&OSSAccessKeyId=LTAI4G5RL7pjavqASCwc42kR&Signature=Itcowd79GEjrEbvi36tlS2aDo6Q%3D"},"isCommentLike":-5,"dislike_count":0}],"any_name":"阿拉斯加猪","relation":-2,"liked":-4,"anonymity":1,"dislike_count":0}