{"id":38709,"author":null,"author_avatar_url":null,"author_id":1938,"author_status":1,"gmt_create":1663486432224,"gmt_modified":1663486432224,"content":"有没有好看的托特包推荐aaa！","title":"有没有好看的托特包推荐aaa！","description":"no description yet","like_count":0,"comment_count":2,"view_count":205,"type":"post","tag":"not tag yet","imageList":"","content_source":null,"comments":[{"id":148102,"parent_id":38709,"type":1,"commentor":1931,"gmtCreate":null,"gmtModified":null,"like_count":0,"content":"dior","anonymity":1,"any_name":"阿拉斯加猪","commentCount":null,"user":{"id":1931,"name":"momo","avatar_url":"https://thirdwx.qlogo.cn/mmopen/vi_32/Q3auHgzwzM7g5hhbvuLN4KlGiaQMC75SD3Jiaa5rJ6S34MvhpGhCLLiasJkibz6VLUQYxJltdpiaTQBGGjmEjM9KsTA/132"},"isCommentLike":-5,"dislike_count":0},{"id":148118,"parent_id":38709,"type":1,"commentor":1147,"gmtCreate":null,"gmtModified":null,"like_count":0,"content":"Dior 真的好看但感觉上学不太适用","anonymity":1,"any_name":"微积分","commentCount":null,"user":{"id":1147,"name":"皇上","avatar_url":"http://test01-20200725.oss-cn-shenzhen.aliyuncs.com/image/1666022149877.jpg?Expires=1981382148&OSSAccessKeyId=LTAI4G5RL7pjavqASCwc42kR&Signature=DZnibx8tOC%2FLMhZtq%2BSmnp39Dys%3D"},"isCommentLike":-5,"dislike_count":0}],"any_name":"芋圆奶茶","relation":-2,"liked":-4,"anonymity":1,"dislike_count":0}