{"id":38820,"author":null,"author_avatar_url":null,"author_id":3564,"author_status":1,"gmt_create":1663562235156,"gmt_modified":1663562235156,"content":"横琴在线的免费的跨境巴士真的太舒服了\n尤其是早课上完回去 没有一个人哈哈哈","title":"横琴在线的免费的跨境巴士真的太舒服了\n尤其是早课上完回去 没有一个人哈哈哈","description":"no description yet","like_count":2,"comment_count":10,"view_count":291,"type":"post","tag":"not tag yet","imageList":"","content_source":null,"comments":[{"id":148494,"parent_id":38820,"type":1,"commentor":8808,"gmtCreate":null,"gmtModified":null,"like_count":0,"content":"请问公众号怎么认证啊\uD83D\uDE2D","anonymity":1,"any_name":"深海鳕鱼堡","commentCount":null,"user":{"id":8808,"name":"--","avatar_url":"http://test01-20200725.oss-cn-shenzhen.aliyuncs.com/image/1662463995705.jpg?Expires=1977824015&OSSAccessKeyId=LTAI4G5RL7pjavqASCwc42kR&Signature=yY9oprjr59dFoqc947jcHLWCR00%3D"},"isCommentLike":-5,"dislike_count":0},{"id":148506,"parent_id":38820,"type":1,"commentor":9924,"gmtCreate":null,"gmtModified":null,"like_count":0,"content":"7:45发车太早了起不来\uD83D\uDE2D","anonymity":1,"any_name":"阿拉斯加猪","commentCount":null,"user":{"id":9924,"name":"甜点羊","avatar_url":"http://test01-20200725.oss-cn-shenzhen.aliyuncs.com/image/1664022786620.jpg?Expires=1979382784&OSSAccessKeyId=LTAI4G5RL7pjavqASCwc42kR&Signature=Gq8IuQzOwx2UFfWzhaWV2TSwz0k%3D"},"isCommentLike":-5,"dislike_count":0},{"id":148552,"parent_id":38820,"type":1,"commentor":5948,"gmtCreate":null,"gmtModified":null,"like_count":0,"content":"请问上车点说在澳科大东门 是东门公交站吗 还是在东门等就好了","anonymity":0,"any_name":null,"commentCount":null,"user":{"id":5948,"name":"嫩爹","avatar_url":null},"isCommentLike":-5,"dislike_count":0},{"id":148509,"parent_id":148506,"type":2,"commentor":3564,"gmtCreate":null,"gmtModified":null,"like_count":0,"content":"所以可以看看回来的～","anonymity":1,"any_name":"沊仔刘亦菲","commentCount":null,"user":{"id":3564,"name":"U_331151645277","avatar_url":null},"isCommentLike":-5,"dislike_count":0},{"id":148510,"parent_id":148494,"type":2,"commentor":3564,"gmtCreate":null,"gmtModified":null,"like_count":0,"content":"就在那个gzh点什么跨境通行 认证一下填到公司 公司写学校名字就行了","anonymity":1,"any_name":"沊仔刘亦菲","commentCount":null,"user":{"id":3564,"name":"U_331151645277","avatar_url":null},"isCommentLike":-5,"dislike_count":0},{"id":148545,"parent_id":148510,"type":2,"commentor":8808,"gmtCreate":null,"gmtModified":null,"like_count":0,"content":"好的谢谢！","anonymity":1,"any_name":"深海鳕鱼堡","commentCount":null,"user":{"id":8808,"name":"--","avatar_url":"http://test01-20200725.oss-cn-shenzhen.aliyuncs.com/image/1662463995705.jpg?Expires=1977824015&OSSAccessKeyId=LTAI4G5RL7pjavqASCwc42kR&Signature=yY9oprjr59dFoqc947jcHLWCR00%3D"},"isCommentLike":-5,"dislike_count":0},{"id":148716,"parent_id":148552,"type":2,"commentor":3564,"gmtCreate":null,"gmtModified":null,"like_count":0,"content":"是轻轨那个吗 就在51公交站那里等就好啦学校这边的","anonymity":1,"any_name":"沊仔刘亦菲","commentCount":null,"user":{"id":3564,"name":"U_331151645277","avatar_url":null},"isCommentLike":-5,"dislike_count":0},{"id":148720,"parent_id":148716,"type":2,"commentor":5948,"gmtCreate":null,"gmtModified":null,"like_count":0,"content":"谢谢刚才本来准备坐回琴政路口结果到南送平台全下车了我也就跟着下了哈哈哈哈哈","anonymity":0,"any_name":null,"commentCount":null,"user":{"id":5948,"name":"嫩爹","avatar_url":null},"isCommentLike":-5,"dislike_count":0},{"id":148724,"parent_id":148720,"type":2,"commentor":3564,"gmtCreate":null,"gmtModified":null,"like_count":0,"content":"哈哈是横琴口岸那个吗 那个得全部下车的然后自己过了关再上车","anonymity":1,"any_name":"沊仔刘亦菲","commentCount":null,"user":{"id":3564,"name":"U_331151645277","avatar_url":null},"isCommentLike":-5,"dislike_count":0},{"id":148727,"parent_id":148724,"type":2,"commentor":5948,"gmtCreate":null,"gmtModified":null,"like_count":0,"content":"啊 我丢 我都不知道","anonymity":0,"any_name":null,"commentCount":null,"user":{"id":5948,"name":"嫩爹","avatar_url":null},"isCommentLike":-5,"dislike_count":0}],"any_name":"沊仔刘亦菲","relation":-2,"liked":-4,"anonymity":1,"dislike_count":0}