{"id":38836,"author":"U_486001663566","author_avatar_url":null,"author_id":9976,"author_status":1,"gmt_create":1663566674486,"gmt_modified":1663566674486,"content":"请问有内外全科医学的学长学姐吗？！！请问广东物理考生考这个专业大概要多少分呢！！","title":"请问有内外全科医学的学长学姐吗？！！请问广东物理考生考这个专业大概要多少分呢！！","description":"no description yet","like_count":1,"comment_count":5,"view_count":153,"type":"post","tag":"not tag yet","imageList":"","content_source":null,"comments":[{"id":148521,"parent_id":38836,"type":1,"commentor":9174,"gmtCreate":null,"gmtModified":null,"like_count":0,"content":"开学两周了","anonymity":1,"any_name":"珠海小天使","commentCount":null,"user":{"id":9174,"name":"U_907231654308","avatar_url":null},"isCommentLike":-5,"dislike_count":0},{"id":148542,"parent_id":38836,"type":1,"commentor":4501,"gmtCreate":null,"gmtModified":null,"like_count":0,"content":"不怎么招高考生的","anonymity":1,"any_name":"微积分","commentCount":null,"user":{"id":4501,"name":"h i","avatar_url":"http://test01-20200725.oss-cn-shenzhen.aliyuncs.com/image/1661616915844.jpg?Expires=1976976914&OSSAccessKeyId=LTAI4G5RL7pjavqASCwc42kR&Signature=v7btMYJbuDCoWwPh9oDjkXU8ipY%3D"},"isCommentLike":-5,"dislike_count":0},{"id":148565,"parent_id":38836,"type":1,"commentor":1535,"gmtCreate":null,"gmtModified":null,"like_count":0,"content":"这是顶级专业 你得考600大几十分才能上 还得面试 面试过不了照样寄","anonymity":1,"any_name":"水箭龟","commentCount":null,"user":{"id":1535,"name":"L1","avatar_url":"http://test01-20200725.oss-cn-shenzhen.aliyuncs.com/image/1665746996924.jpg?Expires=1981106992&OSSAccessKeyId=LTAI4G5RL7pjavqASCwc42kR&Signature=GlDWf%2FYFomZfpVzvTV3kkTcbiIo%3D"},"isCommentLike":-5,"dislike_count":0},{"id":156752,"parent_id":148565,"type":2,"commentor":9976,"gmtCreate":null,"gmtModified":null,"like_count":0,"content":"请问大概招多少高考生呢","anonymity":0,"any_name":null,"commentCount":null,"user":{"id":9976,"name":"U_486001663566","avatar_url":null},"isCommentLike":-5,"dislike_count":0},{"id":156787,"parent_id":156752,"type":2,"commentor":1535,"gmtCreate":null,"gmtModified":null,"like_count":0,"content":"我们这届招了个位数 可能是3个，我就知道一个 我朋友说还有两个","anonymity":1,"any_name":"英国短毛猫","commentCount":null,"user":{"id":1535,"name":"L1","avatar_url":"http://test01-20200725.oss-cn-shenzhen.aliyuncs.com/image/1665746996924.jpg?Expires=1981106992&OSSAccessKeyId=LTAI4G5RL7pjavqASCwc42kR&Signature=GlDWf%2FYFomZfpVzvTV3kkTcbiIo%3D"},"isCommentLike":-5,"dislike_count":0}],"any_name":null,"relation":-2,"liked":-4,"anonymity":0,"dislike_count":0}