{"id":38924,"author":null,"author_avatar_url":null,"author_id":8144,"author_status":1,"gmt_create":1663592663016,"gmt_modified":1663592663016,"content":"呜呜商学院怎么还不出呀 效率真的好低\uD83D\uDE30","title":"呜呜商学院怎么还不出呀 效率真的好低\uD83D\uDE30","description":"no description yet","like_count":3,"comment_count":0,"view_count":25,"type":"post","tag":"not tag yet","imageList":"","content_source":null,"comments":null,"any_name":"皮卡丘","relation":-2,"liked":-4,"anonymity":1,"dislike_count":0}