{"id":39118,"author":null,"author_avatar_url":null,"author_id":1753,"author_status":1,"gmt_create":1663674483768,"gmt_modified":1663674483768,"content":"这个啥b学校不管管食品安全问题吗？\n看看自己引进的那些破店","title":"这个啥b学校不管管食品安全问题吗？\n看看自己引进的那些破店","description":"no description yet","like_count":11,"comment_count":0,"view_count":33,"type":"post","tag":"not tag yet","imageList":"","content_source":null,"comments":null,"any_name":"珠海小天使","relation":-2,"liked":-4,"anonymity":1,"dislike_count":0}