{"id":39289,"author":"条子","author_avatar_url":"http://test01-20200725.oss-cn-shenzhen.aliyuncs.com/image/1663385941528.jpg?Expires=1978745939&OSSAccessKeyId=LTAI4G5RL7pjavqASCwc42kR&Signature=TC3pMDXvhWtqsmZN0%2F8tJo%2BQXNM%3D","author_id":4289,"author_status":1,"gmt_create":1663758232408,"gmt_modified":1663758232408,"content":"众筹一个一起上美术作品鉴赏的朋友，交个朋友吧救命，真的不想一个人熬这节课，我同学全部在周一，就我一个周三。目前坐在中间第四排，长发。哈哈哈哈哈哈哈，疯了已经。上午上了三节课，晚上上美术，上完回横琴！救命。","title":"众筹一个一起上美术作品鉴赏的朋友，交个朋友吧救命，真的不想一个人熬这节课，我同学全部在周一，就我一个周三。目前坐在中间第四排，长发。哈哈哈哈哈哈哈，疯了已经。上午上了三节","description":"no description yet","like_count":2,"comment_count":5,"view_count":385,"type":"post","tag":"not tag yet","imageList":"","content_source":null,"comments":[{"id":150192,"parent_id":39289,"type":1,"commentor":270,"gmtCreate":null,"gmtModified":null,"like_count":1,"content":"为什么发语音","anonymity":1,"any_name":"英国短毛猫","commentCount":null,"user":{"id":270,"name":"蛆奇味蝻瓜饼","avatar_url":"http://test01-20200725.oss-cn-shenzhen.aliyuncs.com/image/1660746251527.jpg?Expires=1976106242&OSSAccessKeyId=LTAI4G5RL7pjavqASCwc42kR&Signature=wxKGSngs19HSbuL3DpNT%2BQ%2BIzxU%3D"},"isCommentLike":-5,"dislike_count":0},{"id":150232,"parent_id":39289,"type":1,"commentor":1944,"gmtCreate":null,"gmtModified":null,"like_count":1,"content":"我也","anonymity":1,"any_name":"Anton","commentCount":null,"user":{"id":1944,"name":"发","avatar_url":"https://thirdwx.qlogo.cn/mmopen/vi_32/Q3auHgzwzM6CnfHMVicMH4TNXL2bzn1r4MopU407VGiab5Ow2SoqwIxIe3HTqgicy968GezO1meWqDk0xUydv9jRA/132"},"isCommentLike":-5,"dislike_count":0},{"id":150180,"parent_id":39289,"type":1,"commentor":1898,"gmtCreate":null,"gmtModified":null,"like_count":0,"content":"好多长发的","anonymity":1,"any_name":"出前一丁","commentCount":null,"user":{"id":1898,"name":"神经蛙","avatar_url":"https://thirdwx.qlogo.cn/mmopen/vi_32/Q3auHgzwzM4YcxPsYCS1RkEM5Dn2uMzVs0xvZCXAD8nuqmKzA3uAYeUZPhiaEfibcBeFHoSlhC3hAKyh7lcR9dicQ/132"},"isCommentLike":-5,"dislike_count":0},{"id":152208,"parent_id":39289,"type":1,"commentor":616,"gmtCreate":null,"gmtModified":null,"like_count":0,"content":"不会是工管的姐妹吧","anonymity":1,"any_name":"咖哩鱼蛋","commentCount":null,"user":{"id":616,"name":"。","avatar_url":"https://thirdwx.qlogo.cn/mmopen/vi_32/croM6R2BFQh8NlVkTYkMBat5Z9FJNRicvppmJWF0liaRqiancRSFtMhLZLL0ghgeAia7ewrr2mibVXDuDycfQBmUbNQ/132"},"isCommentLike":-5,"dislike_count":0},{"id":150478,"parent_id":150232,"type":2,"commentor":4289,"gmtCreate":null,"gmtModified":null,"like_count":0,"content":"真的每周二晚上就开始生活在恐惧中","anonymity":0,"any_name":null,"commentCount":null,"user":{"id":4289,"name":"条子","avatar_url":"http://test01-20200725.oss-cn-shenzhen.aliyuncs.com/image/1663385941528.jpg?Expires=1978745939&OSSAccessKeyId=LTAI4G5RL7pjavqASCwc42kR&Signature=TC3pMDXvhWtqsmZN0%2F8tJo%2BQXNM%3D"},"isCommentLike":-5,"dislike_count":0}],"any_name":null,"relation":-2,"liked":-4,"anonymity":0,"dislike_count":0}