{"id":39548,"author":"~Xenon~","author_avatar_url":"http://test01-20200725.oss-cn-shenzhen.aliyuncs.com/image/1662451495431.gif?Expires=1977811496&OSSAccessKeyId=LTAI4G5RL7pjavqASCwc42kR&Signature=tLEL737zMefpEHXZzQlS%2Bxz88Ts%3D","author_id":682,"author_status":1,"gmt_create":1663900573530,"gmt_modified":1663900573530,"content":"The IELTS exam room is clear and silent. The mic works very well and the exminer appears kind and patient. I'll be back next month.","title":"The IELTS exam room is clear and silent. The mic works very well and the exminer appe","description":"no description yet","like_count":7,"comment_count":5,"view_count":270,"type":"post","tag":"not tag yet","imageList":"http://test01-20200725.oss-cn-shenzhen.aliyuncs.com/image/1663900531870.gif?Expires=1979260534&OSSAccessKeyId=LTAI4G5RL7pjavqASCwc42kR&Signature=FrsTPrlK3CKR1ZP1LD8M3pqKYqg%3D","content_source":null,"comments":[{"id":151145,"parent_id":39548,"type":1,"commentor":682,"gmtCreate":null,"gmtModified":null,"like_count":0,"content":"Part 2 ought to get out of the speaking test. Discribe a people...... Discribe a period...... I have no experience to discribe!","anonymity":0,"any_name":null,"commentCount":null,"user":{"id":682,"name":"~Xenon~","avatar_url":"http://test01-20200725.oss-cn-shenzhen.aliyuncs.com/image/1662451495431.gif?Expires=1977811496&OSSAccessKeyId=LTAI4G5RL7pjavqASCwc42kR&Signature=tLEL737zMefpEHXZzQlS%2Bxz88Ts%3D"},"isCommentLike":-5,"dislike_count":0},{"id":151560,"parent_id":39548,"type":1,"commentor":10048,"gmtCreate":null,"gmtModified":null,"like_count":0,"content":"请问需要纸质核酸证明吗","anonymity":0,"any_name":null,"commentCount":null,"user":{"id":10048,"name":"考香鸭","avatar_url":null},"isCommentLike":-5,"dislike_count":0},{"id":151162,"parent_id":151145,"type":2,"commentor":670,"gmtCreate":null,"gmtModified":null,"like_count":0,"content":"You can make a story","anonymity":0,"any_name":null,"commentCount":null,"user":{"id":670,"name":"沈腾","avatar_url":"http://test01-20200725.oss-cn-shenzhen.aliyuncs.com/image/1661432787646.jpg?Expires=1976792782&OSSAccessKeyId=LTAI4G5RL7pjavqASCwc42kR&Signature=g6ySCqYrYiFafy1e7j%2BB4OKJDYA%3D"},"isCommentLike":-5,"dislike_count":0},{"id":151581,"parent_id":151560,"type":2,"commentor":682,"gmtCreate":null,"gmtModified":null,"like_count":0,"content":"考场不看","anonymity":0,"any_name":null,"commentCount":null,"user":{"id":682,"name":"~Xenon~","avatar_url":"http://test01-20200725.oss-cn-shenzhen.aliyuncs.com/image/1662451495431.gif?Expires=1977811496&OSSAccessKeyId=LTAI4G5RL7pjavqASCwc42kR&Signature=tLEL737zMefpEHXZzQlS%2Bxz88Ts%3D"},"isCommentLike":-5,"dislike_count":0},{"id":151587,"parent_id":151581,"type":2,"commentor":10048,"gmtCreate":null,"gmtModified":null,"like_count":0,"content":"好嘞，谢谢","anonymity":0,"any_name":null,"commentCount":null,"user":{"id":10048,"name":"考香鸭","avatar_url":null},"isCommentLike":-5,"dislike_count":0}],"any_name":null,"relation":-2,"liked":-4,"anonymity":0,"dislike_count":0}