{"id":396,"author":"狗","author_avatar_url":"http://test01-20200725.oss-cn-shenzhen.aliyuncs.com/image/1636369081498.gif?Expires=1951729077&OSSAccessKeyId=LTAI4G5RL7pjavqASCwc42kR&Signature=AdsrqvHgnqaVlVFy9%2F9c%2BOH3QcM%3D","author_id":593,"author_status":1,"gmt_create":1631117025799,"gmt_modified":1631117025799,"content":"商学院的zzc小哥哥实在是太帅了，想求一个联系方式","title":"商学院的zzc小哥哥实在是太帅了，想求一个联系方式","description":"no description yet","like_count":0,"comment_count":0,"view_count":21,"type":"post","tag":"not tag yet","imageList":"http://test01-20200725.oss-cn-shenzhen.aliyuncs.com/image/1631117027310.gif?Expires=1946477024&OSSAccessKeyId=LTAI4G5RL7pjavqASCwc42kR&Signature=7XqfFRO6NzOTpkYOjE%2B%2Bm8FYizY%3D","content_source":null,"comments":null,"any_name":null,"relation":-2,"liked":-4,"anonymity":0,"dislike_count":0}