{"id":39661,"author":"冬虫","author_avatar_url":null,"author_id":9735,"author_status":1,"gmt_create":1663936505249,"gmt_modified":1663936505249,"content":"铁子们 大一新生 没加入任何社团没有加入任何校队没加入学生会 这样的经历会影响我的研究生录取吗（想去qs前100就想搞gpa","title":"铁子们 大一新生 没加入任何社团没有加入任何校队没加入学生会 这样的经历会影响我的研究生录取吗（想去qs前100就想搞gpa","description":"no description yet","like_count":0,"comment_count":8,"view_count":588,"type":"post","tag":"not tag yet","imageList":"","content_source":null,"comments":[{"id":151511,"parent_id":39661,"type":1,"commentor":9864,"gmtCreate":null,"gmtModified":null,"like_count":0,"content":"你还没申请，我是直接被全聚德了","anonymity":1,"any_name":"咖哩鱼蛋","commentCount":null,"user":{"id":9864,"name":"617:729128","avatar_url":null},"isCommentLike":-5,"dislike_count":0},{"id":151521,"parent_id":39661,"type":1,"commentor":4501,"gmtCreate":null,"gmtModified":null,"like_count":0,"content":"不会","anonymity":1,"any_name":"Anton","commentCount":null,"user":{"id":4501,"name":"h i","avatar_url":"http://test01-20200725.oss-cn-shenzhen.aliyuncs.com/image/1661616915844.jpg?Expires=1976976914&OSSAccessKeyId=LTAI4G5RL7pjavqASCwc42kR&Signature=v7btMYJbuDCoWwPh9oDjkXU8ipY%3D"},"isCommentLike":-5,"dislike_count":0},{"id":151523,"parent_id":39661,"type":1,"commentor":962,"gmtCreate":null,"gmtModified":null,"like_count":0,"content":"艺术团校队做出成绩了确实有帮助，推荐信证明啥的，但学生会好像还真没有。\n\n不过gpa，雅思，学术推荐信才是硬道理，其他都是锦上添花","anonymity":0,"any_name":null,"commentCount":null,"user":{"id":962,"name":"科大支书","avatar_url":"https://thirdwx.qlogo.cn/mmopen/vi_32/Q3auHgzwzM6AYtApsFhkRVfxk8ALPqsldg8y8aJbI4fVeYGBJ4jSLZ3MRzEbQveX8ib6C9UNeSgVGRn3vicdqCeA/132"},"isCommentLike":-5,"dislike_count":0},{"id":151552,"parent_id":39661,"type":1,"commentor":1217,"gmtCreate":null,"gmtModified":null,"like_count":0,"content":"完全不会","anonymity":1,"any_name":"奥利奥","commentCount":null,"user":{"id":1217,"name":"T.10","avatar_url":"http://test01-20200725.oss-cn-shenzhen.aliyuncs.com/image/1666866099412.jpg?Expires=1982226091&OSSAccessKeyId=LTAI4G5RL7pjavqASCwc42kR&Signature=%2BX9Muc%2FXHuQf3zhd6RlaxFH1zY0%3D"},"isCommentLike":-5,"dislike_count":0},{"id":151522,"parent_id":151521,"type":2,"commentor":4501,"gmtCreate":null,"gmtModified":null,"like_count":0,"content":"社团没用 你编一个都行","anonymity":1,"any_name":"Anton","commentCount":null,"user":{"id":4501,"name":"h i","avatar_url":"http://test01-20200725.oss-cn-shenzhen.aliyuncs.com/image/1661616915844.jpg?Expires=1976976914&OSSAccessKeyId=LTAI4G5RL7pjavqASCwc42kR&Signature=v7btMYJbuDCoWwPh9oDjkXU8ipY%3D"},"isCommentLike":-5,"dislike_count":0},{"id":151529,"parent_id":151511,"type":2,"commentor":1150,"gmtCreate":null,"gmtModified":null,"like_count":0,"content":"啊那咋办啊","anonymity":1,"any_name":"三鲜水饺","commentCount":null,"user":{"id":1150,"name":"w","avatar_url":"https://thirdwx.qlogo.cn/mmopen/vi_32/csuyfGVLlQDFwrQY1v21eLhIZLhMcmqia0VybXibhRO8cRVx5zhsy6u20xhtOFncwOibDI81ecIRLhMHDfBibjvlhA/132"},"isCommentLike":-5,"dislike_count":0},{"id":151534,"parent_id":151529,"type":2,"commentor":9864,"gmtCreate":null,"gmtModified":null,"like_count":0,"content":"不咋办，大一闲的时候就自己看看书也挺好","anonymity":1,"any_name":"咖哩鱼蛋","commentCount":null,"user":{"id":9864,"name":"617:729128","avatar_url":null},"isCommentLike":-5,"dislike_count":0},{"id":151545,"parent_id":151529,"type":2,"commentor":1150,"gmtCreate":null,"gmtModified":null,"like_count":0,"content":"妈呀看错了 我以为你大四申请研究生被全聚德了。。。","anonymity":1,"any_name":"三鲜水饺","commentCount":null,"user":{"id":1150,"name":"w","avatar_url":"https://thirdwx.qlogo.cn/mmopen/vi_32/csuyfGVLlQDFwrQY1v21eLhIZLhMcmqia0VybXibhRO8cRVx5zhsy6u20xhtOFncwOibDI81ecIRLhMHDfBibjvlhA/132"},"isCommentLike":-5,"dislike_count":0}],"any_name":null,"relation":-2,"liked":-4,"anonymity":0,"dislike_count":0}