{"id":39698,"author":"无敌遁地兽","author_avatar_url":"http://test01-20200725.oss-cn-shenzhen.aliyuncs.com/image/1656949486986.jpg?Expires=1972309484&OSSAccessKeyId=LTAI4G5RL7pjavqASCwc42kR&Signature=g%2B4%2FdNweQAeuYqQm2wn9hDAzns4%3D","author_id":7018,"author_status":1,"gmt_create":1663950741666,"gmt_modified":1663950741666,"content":"祝 生日.","title":"祝 生日.","description":"no description yet","like_count":4,"comment_count":0,"view_count":11,"type":"post","tag":"not tag yet","imageList":"","content_source":null,"comments":null,"any_name":null,"relation":-2,"liked":-4,"anonymity":0,"dislike_count":0}