{"id":39732,"author":null,"author_avatar_url":null,"author_id":130,"author_status":1,"gmt_create":1663989530219,"gmt_modified":1663989530219,"content":"家人们问一下横琴过关带化妆品有什么限制吗","title":"家人们问一下横琴过关带化妆品有什么限制吗","description":"no description yet","like_count":0,"comment_count":0,"view_count":3,"type":"post","tag":"not tag yet","imageList":"","content_source":null,"comments":null,"any_name":"多喝热水","relation":-2,"liked":-4,"anonymity":1,"dislike_count":0}