{"id":39909,"author":null,"author_avatar_url":null,"author_id":931,"author_status":1,"gmt_create":1664072906425,"gmt_modified":1664072906425,"content":"有人知道校外苹果店的iPad Air 5（256g）一般啥时候补货嘛 我最近天天打电话过去 一直没货 店员也说不知道什么时候补货 但又跟我说每天都会补。。好发愁","title":"有人知道校外苹果店的iPad Air 5（256g）一般啥时候补货嘛 我最近天天打电话过去 一直没货 店员也说不知道什么时候补货 但又跟我说每天都会补。。好发愁","description":"no description yet","like_count":0,"comment_count":2,"view_count":93,"type":"post","tag":"not tag yet","imageList":"","content_source":null,"comments":[{"id":152377,"parent_id":39909,"type":1,"commentor":5222,"gmtCreate":null,"gmtModified":null,"like_count":0,"content":"插卡版有貨啊 7299 昨天剛買","anonymity":1,"any_name":"和味牛杂","commentCount":null,"user":{"id":5222,"name":"尼克","avatar_url":null},"isCommentLike":-5,"dislike_count":0},{"id":152384,"parent_id":152377,"type":2,"commentor":931,"gmtCreate":null,"gmtModified":null,"like_count":0,"content":"我不是想买插卡版的\uD83D\uDE2E‍\uD83D\uDCA8","anonymity":1,"any_name":"摆烂到底","commentCount":null,"user":{"id":931,"name":"fengli","avatar_url":"http://test01-20200725.oss-cn-shenzhen.aliyuncs.com/image/1666425162084.jpg?Expires=1981785154&OSSAccessKeyId=LTAI4G5RL7pjavqASCwc42kR&Signature=sX%2BG7c2ycJYoXZat%2FkI3BiYTZjI%3D"},"isCommentLike":-5,"dislike_count":0}],"any_name":"摆烂到底","relation":-2,"liked":-4,"anonymity":1,"dislike_count":0}