{"id":400,"author":"阳光彩虹小白马","author_avatar_url":"http://test01-20200725.oss-cn-shenzhen.aliyuncs.com/image/1664281007236.jpg?Expires=1979640998&OSSAccessKeyId=LTAI4G5RL7pjavqASCwc42kR&Signature=5nbxIckAXy%2B3EYgkKC1n8EmH%2FXY%3D","author_id":595,"author_status":1,"gmt_create":1631117216572,"gmt_modified":1631117216572,"content":"711有没有饭团卖啊？","title":"711有没有饭团卖啊？","description":"no description yet","like_count":0,"comment_count":3,"view_count":56,"type":"post","tag":"not tag yet","imageList":"","content_source":null,"comments":[{"id":937,"parent_id":400,"type":1,"commentor":565,"gmtCreate":null,"gmtModified":null,"like_count":0,"content":"有","anonymity":0,"any_name":null,"commentCount":null,"user":{"id":565,"name":"\uD83E\uDD72","avatar_url":"https://thirdwx.qlogo.cn/mmopen/vi_32/Uyt87EKHBHIWRwIvMrFUWI8Rv8MVPZw5YHHjpo3vKuUOfHpbQPNQYsrWCicZrYiaZlrzxK9UFctrJg4AyZRPLZUA/132"},"isCommentLike":-5,"dislike_count":0},{"id":947,"parent_id":400,"type":1,"commentor":504,"gmtCreate":null,"gmtModified":null,"like_count":0,"content":"有好多","anonymity":0,"any_name":null,"commentCount":null,"user":{"id":504,"name":"maito","avatar_url":"https://thirdwx.qlogo.cn/mmopen/vi_32/ILBrJqNk3JEwZswoaDQ5RghfFWOf6PToUEUze5shr1icVFI7oT6TbcGUZuibdpictDibwicVUkKDiaT4FFgmwNN43yPQ/132"},"isCommentLike":-5,"dislike_count":0},{"id":1586,"parent_id":400,"type":1,"commentor":390,"gmtCreate":null,"gmtModified":null,"like_count":0,"content":"有的","anonymity":0,"any_name":null,"commentCount":null,"user":{"id":390,"name":"未月初八","avatar_url":"http://test01-20200725.oss-cn-shenzhen.aliyuncs.com/image/1631185568120.jpg?Expires=1946545563&OSSAccessKeyId=LTAI4G5RL7pjavqASCwc42kR&Signature=6ct1QwHWfwysJPosklOcUHsxU%2Bk%3D"},"isCommentLike":-5,"dislike_count":0}],"any_name":null,"relation":-2,"liked":-4,"anonymity":0,"dislike_count":0}