{"id":40129,"author":null,"author_avatar_url":null,"author_id":1295,"author_status":1,"gmt_create":1664172061475,"gmt_modified":1664172061475,"content":"有没有人考虑研究生双学位呀？现在很不喜欢这个专业，想过研究生考别的专业，但又觉得，现在这个专业是家里人非常认可的，而且是很普通的家庭，已经花了很多钱，不想这四年的学费白费，如果就这样放弃太可惜了，虽然学不下去很痛苦也是真的。于是最近有了双学位的想法，自学或者找网课学习另一门学科的本科内容，然后研究生双学位，不知道可行吗\uD83D\uDE2D我并不怕苦，只要学不死就往死里学\uD83E\uDD72","title":"有没有人考虑研究生双学位呀？现在很不喜欢这个专业，想过研究生考别的专业，但又觉得，现在这个专业是家里人非常认可的，而且是很普通的家庭，已经花了很多钱，不想这四年的学费白费","description":"no description yet","like_count":1,"comment_count":0,"view_count":58,"type":"post","tag":"not tag yet","imageList":"","content_source":null,"comments":null,"any_name":"Kelly","relation":-2,"liked":-4,"anonymity":1,"dislike_count":0}