{"id":40191,"author":null,"author_avatar_url":null,"author_id":10168,"author_status":1,"gmt_create":1664187443006,"gmt_modified":1664187443006,"content":"出13Pro","title":"出13Pro","description":"no description yet","like_count":0,"comment_count":1,"view_count":81,"type":"post","tag":"not tag yet","imageList":"","content_source":null,"comments":[{"id":153542,"parent_id":40191,"type":1,"commentor":3969,"gmtCreate":null,"gmtModified":null,"like_count":0,"content":"多少钱","anonymity":0,"any_name":null,"commentCount":null,"user":{"id":3969,"name":"hkd","avatar_url":"http://test01-20200725.oss-cn-shenzhen.aliyuncs.com/image/1652530976413.jpeg?Expires=1967890972&OSSAccessKeyId=LTAI4G5RL7pjavqASCwc42kR&Signature=aWjXrY7mp9IxLD31HpD7Ei2%2Bv7g%3D"},"isCommentLike":-5,"dislike_count":0}],"any_name":"珠海小天使","relation":-2,"liked":-4,"anonymity":1,"dislike_count":0}