{"id":40241,"author":null,"author_avatar_url":null,"author_id":2141,"author_status":1,"gmt_create":1664193136852,"gmt_modified":1664193136852,"content":"学生邮箱的格式是什么样的呢..","title":"学生邮箱的格式是什么样的呢..","description":"no description yet","like_count":0,"comment_count":5,"view_count":97,"type":"post","tag":"not tag yet","imageList":"","content_source":null,"comments":[{"id":153758,"parent_id":40241,"type":1,"commentor":1948,"gmtCreate":null,"gmtModified":null,"like_count":0,"content":"学号@student.edu.must.mo（好像是这样错了别骂我","anonymity":0,"any_name":null,"commentCount":null,"user":{"id":1948,"name":"丢三落四大王","avatar_url":"http://test01-20200725.oss-cn-shenzhen.aliyuncs.com/image/1664636319047.jpg?Expires=1979996318&OSSAccessKeyId=LTAI4G5RL7pjavqASCwc42kR&Signature=a3eH0YXIPBTjtJoabzLa3R0QwO8%3D"},"isCommentLike":-5,"dislike_count":0},{"id":153759,"parent_id":40241,"type":1,"commentor":766,"gmtCreate":null,"gmtModified":null,"like_count":0,"content":"学号+@student.must.edu.mo","anonymity":1,"any_name":"拱北吴彦祖","commentCount":null,"user":{"id":766,"name":"L_","avatar_url":"https://thirdwx.qlogo.cn/mmopen/vi_32/cRia1doM7SIZ61BTlrGpIjrd0vqiag4q1iaQASsb6htf9GTNicB3JC5Nc5picBGicCsaynqBOOKiaT6OROr6Cg8ia6oScA/132"},"isCommentLike":-5,"dislike_count":0},{"id":153764,"parent_id":40241,"type":1,"commentor":937,"gmtCreate":null,"gmtModified":null,"like_count":0,"content":"如果是有字母的学号就是去掉最后一位加域名，数字学号就听楼上的","anonymity":1,"any_name":"阿拉斯加猪","commentCount":null,"user":{"id":937,"name":"Paprika","avatar_url":"https://thirdwx.qlogo.cn/mmopen/vi_32/DYAIOgq83erXO0Hibm3qJlZAq1DEuggbNcFD7NCFFzJrk2VLe4pHwHvbA8JuV9oOibd44ibYWvprax9F18Ank1eibw/132"},"isCommentLike":-5,"dislike_count":0},{"id":153775,"parent_id":40241,"type":1,"commentor":2141,"gmtCreate":null,"gmtModified":null,"like_count":0,"content":"谢谢大家啦～","anonymity":1,"any_name":"拱北快递员","commentCount":null,"user":{"id":2141,"name":"bug","avatar_url":"http://test01-20200725.oss-cn-shenzhen.aliyuncs.com/image/1650615494333.jpg?Expires=1965975487&OSSAccessKeyId=LTAI4G5RL7pjavqASCwc42kR&Signature=uUNxFaXSqIq4Mu9vaMs8wHoI1%2FI%3D"},"isCommentLike":-5,"dislike_count":0},{"id":153773,"parent_id":153758,"type":2,"commentor":2141,"gmtCreate":null,"gmtModified":null,"like_count":0,"content":"谢谢谢谢","anonymity":1,"any_name":"拱北快递员","commentCount":null,"user":{"id":2141,"name":"bug","avatar_url":"http://test01-20200725.oss-cn-shenzhen.aliyuncs.com/image/1650615494333.jpg?Expires=1965975487&OSSAccessKeyId=LTAI4G5RL7pjavqASCwc42kR&Signature=uUNxFaXSqIq4Mu9vaMs8wHoI1%2FI%3D"},"isCommentLike":-5,"dislike_count":0}],"any_name":"拱北快递员","relation":-2,"liked":-4,"anonymity":1,"dislike_count":0}