{"id":40579,"author":"今天船沉了吗","author_avatar_url":"http://test01-20200725.oss-cn-shenzhen.aliyuncs.com/image/1637388027066.gif?Expires=1952748041&OSSAccessKeyId=LTAI4G5RL7pjavqASCwc42kR&Signature=FT29NosrNgm%2FAIx2yIa1GdXDA7M%3D","author_id":513,"author_status":1,"gmt_create":1664293734478,"gmt_modified":1664293734478,"content":"有没有家人 人肉带过kpop专辑过横琴啊\n带八九本一样的未拆专辑过关会不会被拦啊","title":"有没有家人 人肉带过kpop专辑过横琴啊\n带八九本一样的未拆专辑过关会不会被拦啊","description":"no description yet","like_count":0,"comment_count":4,"view_count":221,"type":"post","tag":"not tag yet","imageList":"","content_source":null,"comments":[{"id":155157,"parent_id":40579,"type":1,"commentor":10010,"gmtCreate":null,"gmtModified":null,"like_count":0,"content":"这个好像不会吧 看kpop群都说可以带的","anonymity":0,"any_name":null,"commentCount":null,"user":{"id":10010,"name":"火炙三文鱼","avatar_url":null},"isCommentLike":-5,"dislike_count":0},{"id":155167,"parent_id":40579,"type":1,"commentor":964,"gmtCreate":null,"gmtModified":null,"like_count":0,"content":"一般不会的","anonymity":1,"any_name":"水箭龟","commentCount":null,"user":{"id":964,"name":"困得自杀","avatar_url":"http://test01-20200725.oss-cn-shenzhen.aliyuncs.com/image/1657803874292.jpg?Expires=1973163874&OSSAccessKeyId=LTAI4G5RL7pjavqASCwc42kR&Signature=0R83hIsv5NcTaMzXAw%2FoJaeKRSw%3D"},"isCommentLike":-5,"dislike_count":0},{"id":155168,"parent_id":40579,"type":1,"commentor":9864,"gmtCreate":null,"gmtModified":null,"like_count":0,"content":"不会吧，上次我从日本带了一箱子也没事","anonymity":1,"any_name":"和味牛杂","commentCount":null,"user":{"id":9864,"name":"617:729128","avatar_url":null},"isCommentLike":-5,"dislike_count":0},{"id":155182,"parent_id":40579,"type":1,"commentor":1471,"gmtCreate":null,"gmtModified":null,"like_count":0,"content":"对不起看成代人肉过关","anonymity":1,"any_name":"咖哩鱼蛋","commentCount":null,"user":{"id":1471,"name":"塔可","avatar_url":null},"isCommentLike":-5,"dislike_count":0}],"any_name":null,"relation":-2,"liked":-4,"anonymity":0,"dislike_count":0}