{"id":40596,"author":null,"author_avatar_url":null,"author_id":991,"author_status":1,"gmt_create":1664298053492,"gmt_modified":1664298053492,"content":"申请奖学金要怎么操作呀 奖学金的申请标准是啥","title":"申请奖学金要怎么操作呀 奖学金的申请标准是啥","description":"no description yet","like_count":1,"comment_count":2,"view_count":242,"type":"post","tag":"not tag yet","imageList":"","content_source":null,"comments":[{"id":155301,"parent_id":40596,"type":1,"commentor":71,"gmtCreate":null,"gmtModified":null,"like_count":0,"content":"不需要申請，到資格學校會給你發","anonymity":1,"any_name":"微积分","commentCount":null,"user":{"id":71,"name":"一支\uD83C\uDF4B茶","avatar_url":"http://test01-20200725.oss-cn-shenzhen.aliyuncs.com/image/1665761422653.jpg?Expires=1981121423&OSSAccessKeyId=LTAI4G5RL7pjavqASCwc42kR&Signature=HKm6K%2Fep6pjNO1GYdhmExFTk7rM%3D"},"isCommentLike":-5,"dislike_count":0},{"id":155468,"parent_id":155301,"type":2,"commentor":991,"gmtCreate":null,"gmtModified":null,"like_count":0,"content":"好 谢谢你！","anonymity":1,"any_name":"Jerry","commentCount":null,"user":{"id":991,"name":"\uD83C\uDF64","avatar_url":"https://thirdwx.qlogo.cn/mmopen/vi_32/xIYxoZodWoShuQlBib5lzenDVC4RUaKRyibVtHgLBJBk9JhP71MpZcY3DlYjpdaRwdh9LxdplseKN0jq6vwljdmQ/132"},"isCommentLike":-5,"dislike_count":0}],"any_name":"Jerry","relation":-2,"liked":-4,"anonymity":1,"dislike_count":0}