{"id":40607,"author":null,"author_avatar_url":null,"author_id":4871,"author_status":1,"gmt_create":1664324712958,"gmt_modified":1664324712958,"content":"有没有9.30上午10:15飞机拼车去珠海进场的姐妹","title":"有没有9.30上午10:15飞机拼车去珠海进场的姐妹","description":"no description yet","like_count":0,"comment_count":0,"view_count":4,"type":"post","tag":"not tag yet","imageList":"","content_source":null,"comments":null,"any_name":"珠海小天使","relation":-2,"liked":-4,"anonymity":1,"dislike_count":0}