{"id":40650,"author":null,"author_avatar_url":null,"author_id":10215,"author_status":1,"gmt_create":1664339674067,"gmt_modified":1664339674067,"content":"简历上社团项目经历、实习经历这些是可以编的吗\uD83D\uDE2D\uD83D\uDE2D\uD83D\uDE2D因为我真的很没经历，有点无奈","title":"简历上社团项目经历、实习经历这些是可以编的吗\uD83D\uDE2D\uD83D\uDE2D\uD83D\uDE2D因为我真的很没经历，有点无奈","description":"no description yet","like_count":0,"comment_count":17,"view_count":399,"type":"post","tag":"not tag yet","imageList":"","content_source":null,"comments":[{"id":155493,"parent_id":40650,"type":1,"commentor":937,"gmtCreate":null,"gmtModified":null,"like_count":1,"content":"可以编，不过最好以假去套点真的先","anonymity":1,"any_name":"芋圆奶茶","commentCount":null,"user":{"id":937,"name":"Paprika","avatar_url":"https://thirdwx.qlogo.cn/mmopen/vi_32/DYAIOgq83erXO0Hibm3qJlZAq1DEuggbNcFD7NCFFzJrk2VLe4pHwHvbA8JuV9oOibd44ibYWvprax9F18Ank1eibw/132"},"isCommentLike":-5,"dislike_count":0},{"id":155494,"parent_id":155493,"type":2,"commentor":10215,"gmtCreate":null,"gmtModified":null,"like_count":0,"content":"\uD83E\uDD14哈哈哈我觉得你说的有道理","anonymity":1,"any_name":"喷火龙","commentCount":null,"user":{"id":10215,"name":"but U","avatar_url":"http://test01-20200725.oss-cn-shenzhen.aliyuncs.com/image/1664298573861.jpg?Expires=1979658568&OSSAccessKeyId=LTAI4G5RL7pjavqASCwc42kR&Signature=ersy7Q5bO8mkOOwhMRUeYlyRAlk%3D"},"isCommentLike":-5,"dislike_count":0},{"id":155495,"parent_id":155493,"type":2,"commentor":10215,"gmtCreate":null,"gmtModified":null,"like_count":0,"content":"那获奖经历那些可以编吗？\uD83D\uDE2D\uD83D\uDE2D\uD83D\uDE2D","anonymity":1,"any_name":"喷火龙","commentCount":null,"user":{"id":10215,"name":"but U","avatar_url":"http://test01-20200725.oss-cn-shenzhen.aliyuncs.com/image/1664298573861.jpg?Expires=1979658568&OSSAccessKeyId=LTAI4G5RL7pjavqASCwc42kR&Signature=ersy7Q5bO8mkOOwhMRUeYlyRAlk%3D"},"isCommentLike":-5,"dislike_count":0},{"id":155496,"parent_id":155495,"type":2,"commentor":1331,"gmtCreate":null,"gmtModified":null,"like_count":0,"content":"如果正式入职要提交获奖证明副本的","anonymity":1,"any_name":"鸡蛋仔","commentCount":null,"user":{"id":1331,"name":"T_13890992","avatar_url":"http://test01-20200725.oss-cn-shenzhen.aliyuncs.com/image/1649916959411.png?Expires=1965276954&OSSAccessKeyId=LTAI4G5RL7pjavqASCwc42kR&Signature=0pbK7koFoMA3L5nNususfi1XuG0%3D"},"isCommentLike":-5,"dislike_count":0},{"id":155497,"parent_id":155495,"type":2,"commentor":937,"gmtCreate":null,"gmtModified":null,"like_count":0,"content":"那还是不要吧，不过未获奖有提名也是可以写的。澳门还有很多活动是参加一次可以得到证书，可以去弄一点。","anonymity":1,"any_name":"芋圆奶茶","commentCount":null,"user":{"id":937,"name":"Paprika","avatar_url":"https://thirdwx.qlogo.cn/mmopen/vi_32/DYAIOgq83erXO0Hibm3qJlZAq1DEuggbNcFD7NCFFzJrk2VLe4pHwHvbA8JuV9oOibd44ibYWvprax9F18Ank1eibw/132"},"isCommentLike":-5,"dislike_count":0},{"id":155498,"parent_id":155497,"type":2,"commentor":1220,"gmtCreate":null,"gmtModified":null,"like_count":0,"content":"有那些活动可以拿证书啊？","anonymity":1,"any_name":"喷火龙","commentCount":null,"user":{"id":1220,"name":"…？","avatar_url":"http://test01-20200725.oss-cn-shenzhen.aliyuncs.com/image/1660531679558.jpg?Expires=1975891670&OSSAccessKeyId=LTAI4G5RL7pjavqASCwc42kR&Signature=t6Yoi8YNLCqjTZnR2iQEVorMpmQ%3D"},"isCommentLike":-5,"dislike_count":0},{"id":155501,"parent_id":155498,"type":2,"commentor":937,"gmtCreate":null,"gmtModified":null,"like_count":0,"content":"比如PATA field trip，酒旅学院×青艺看望老人，手冲咖啡教学，学生助手这些是参加一次就有证书","anonymity":1,"any_name":"芋圆奶茶","commentCount":null,"user":{"id":937,"name":"Paprika","avatar_url":"https://thirdwx.qlogo.cn/mmopen/vi_32/DYAIOgq83erXO0Hibm3qJlZAq1DEuggbNcFD7NCFFzJrk2VLe4pHwHvbA8JuV9oOibd44ibYWvprax9F18Ank1eibw/132"},"isCommentLike":-5,"dislike_count":0},{"id":155504,"parent_id":155501,"type":2,"commentor":9864,"gmtCreate":null,"gmtModified":null,"like_count":0,"content":"哇手冲咖啡是什么活动呀，好想参加","anonymity":1,"any_name":"拉面小路","commentCount":null,"user":{"id":9864,"name":"617:729128","avatar_url":null},"isCommentLike":-5,"dislike_count":0},{"id":155506,"parent_id":155498,"type":2,"commentor":937,"gmtCreate":null,"gmtModified":null,"like_count":0,"content":"还有，你可以在澳门报个可以考证的兴趣班，生产力中心比较多这样的课程","anonymity":1,"any_name":"芋圆奶茶","commentCount":null,"user":{"id":937,"name":"Paprika","avatar_url":"https://thirdwx.qlogo.cn/mmopen/vi_32/DYAIOgq83erXO0Hibm3qJlZAq1DEuggbNcFD7NCFFzJrk2VLe4pHwHvbA8JuV9oOibd44ibYWvprax9F18Ank1eibw/132"},"isCommentLike":-5,"dislike_count":0},{"id":155509,"parent_id":155504,"type":2,"commentor":937,"gmtCreate":null,"gmtModified":null,"like_count":0,"content":"酒旅学院三四月的优质服务大使，别的学院好像也有机会报，上了课就有证书，甚至可以去参赛","anonymity":1,"any_name":"芋圆奶茶","commentCount":null,"user":{"id":937,"name":"Paprika","avatar_url":"https://thirdwx.qlogo.cn/mmopen/vi_32/DYAIOgq83erXO0Hibm3qJlZAq1DEuggbNcFD7NCFFzJrk2VLe4pHwHvbA8JuV9oOibd44ibYWvprax9F18Ank1eibw/132"},"isCommentLike":-5,"dislike_count":0},{"id":155511,"parent_id":155501,"type":2,"commentor":10215,"gmtCreate":null,"gmtModified":null,"like_count":0,"content":"\uD83D\uDE22可是我想实习的是公司法务，跟这个手冲咖啡什么的关系好像不大\uD83D\uDE2D写这些无关的证书是可以的嘛？","anonymity":1,"any_name":"喷火龙","commentCount":null,"user":{"id":10215,"name":"but U","avatar_url":"http://test01-20200725.oss-cn-shenzhen.aliyuncs.com/image/1664298573861.jpg?Expires=1979658568&OSSAccessKeyId=LTAI4G5RL7pjavqASCwc42kR&Signature=ersy7Q5bO8mkOOwhMRUeYlyRAlk%3D"},"isCommentLike":-5,"dislike_count":0},{"id":155512,"parent_id":155509,"type":2,"commentor":9864,"gmtCreate":null,"gmtModified":null,"like_count":0,"content":"好！！","anonymity":1,"any_name":"拉面小路","commentCount":null,"user":{"id":9864,"name":"617:729128","avatar_url":null},"isCommentLike":-5,"dislike_count":0},{"id":155514,"parent_id":155506,"type":2,"commentor":10215,"gmtCreate":null,"gmtModified":null,"like_count":0,"content":"想问一下生产力中心指的是啥？？？是某个地方还是某个app呀？感觉我确实需要报个这种兴趣班\uD83D\uDE2D","anonymity":1,"any_name":"喷火龙","commentCount":null,"user":{"id":10215,"name":"but U","avatar_url":"http://test01-20200725.oss-cn-shenzhen.aliyuncs.com/image/1664298573861.jpg?Expires=1979658568&OSSAccessKeyId=LTAI4G5RL7pjavqASCwc42kR&Signature=ersy7Q5bO8mkOOwhMRUeYlyRAlk%3D"},"isCommentLike":-5,"dislike_count":0},{"id":155518,"parent_id":155511,"type":2,"commentor":937,"gmtCreate":null,"gmtModified":null,"like_count":0,"content":"哈哈那你还是看看学院内有什么组织吧，或者让家长帮忙搞个哪怕是实习证明先，然后再去投更好的。或者就当志愿者，参加论坛，写点论文，都是可以写进简历的","anonymity":1,"any_name":"芋圆奶茶","commentCount":null,"user":{"id":937,"name":"Paprika","avatar_url":"https://thirdwx.qlogo.cn/mmopen/vi_32/DYAIOgq83erXO0Hibm3qJlZAq1DEuggbNcFD7NCFFzJrk2VLe4pHwHvbA8JuV9oOibd44ibYWvprax9F18Ank1eibw/132"},"isCommentLike":-5,"dislike_count":0},{"id":155520,"parent_id":155518,"type":2,"commentor":10215,"gmtCreate":null,"gmtModified":null,"like_count":0,"content":"好的谢谢你\uD83D\uDE2D\uD83D\uDE2D\uD83D\uDE2D","anonymity":1,"any_name":"喷火龙","commentCount":null,"user":{"id":10215,"name":"but U","avatar_url":"http://test01-20200725.oss-cn-shenzhen.aliyuncs.com/image/1664298573861.jpg?Expires=1979658568&OSSAccessKeyId=LTAI4G5RL7pjavqASCwc42kR&Signature=ersy7Q5bO8mkOOwhMRUeYlyRAlk%3D"},"isCommentLike":-5,"dislike_count":0},{"id":155521,"parent_id":155514,"type":2,"commentor":937,"gmtCreate":null,"gmtModified":null,"like_count":0,"content":"澳门的一个机构，FB有号，他们的网站有课程","anonymity":1,"any_name":"芋圆奶茶","commentCount":null,"user":{"id":937,"name":"Paprika","avatar_url":"https://thirdwx.qlogo.cn/mmopen/vi_32/DYAIOgq83erXO0Hibm3qJlZAq1DEuggbNcFD7NCFFzJrk2VLe4pHwHvbA8JuV9oOibd44ibYWvprax9F18Ank1eibw/132"},"isCommentLike":-5,"dislike_count":0},{"id":155547,"parent_id":155521,"type":2,"commentor":10215,"gmtCreate":null,"gmtModified":null,"like_count":0,"content":"谢谢","anonymity":1,"any_name":"喷火龙","commentCount":null,"user":{"id":10215,"name":"but U","avatar_url":"http://test01-20200725.oss-cn-shenzhen.aliyuncs.com/image/1664298573861.jpg?Expires=1979658568&OSSAccessKeyId=LTAI4G5RL7pjavqASCwc42kR&Signature=ersy7Q5bO8mkOOwhMRUeYlyRAlk%3D"},"isCommentLike":-5,"dislike_count":0}],"any_name":"喷火龙","relation":-2,"liked":-4,"anonymity":1,"dislike_count":0}