{"id":40742,"author":null,"author_avatar_url":null,"author_id":1063,"author_status":1,"gmt_create":1664360587066,"gmt_modified":1664360587066,"content":"组队真是我开学来精神内耗的来源。。。全聚德后被迫加入了一个感觉有点划水的组，真的累了","title":"组队真是我开学来精神内耗的来源。。。全聚德后被迫加入了一个感觉有点划水的组，真的累了","description":"no description yet","like_count":2,"comment_count":0,"view_count":16,"type":"post","tag":"not tag yet","imageList":"","content_source":null,"comments":null,"any_name":"内卷狂魔","relation":-2,"liked":-4,"anonymity":1,"dislike_count":0}