{"id":40938,"author":null,"author_avatar_url":null,"author_id":49,"author_status":1,"gmt_create":1664421771508,"gmt_modified":1664421771508,"content":"请问O座电梯修好了吗","title":"请问O座电梯修好了吗","description":"no description yet","like_count":0,"comment_count":2,"view_count":74,"type":"post","tag":"not tag yet","imageList":"","content_source":null,"comments":[{"id":156573,"parent_id":40938,"type":1,"commentor":1751,"gmtCreate":null,"gmtModified":null,"like_count":0,"content":"沒","anonymity":0,"any_name":null,"commentCount":null,"user":{"id":1751,"name":"\uD83D\uDC1D\uD83D\uDC96\uD83D\uDD12\uD83D\uDC93","avatar_url":"http://test01-20200725.oss-cn-shenzhen.aliyuncs.com/image/1654747810230.jpg?Expires=1970107803&OSSAccessKeyId=LTAI4G5RL7pjavqASCwc42kR&Signature=KahWaPknZKH%2BMug469QddEs%2FSvI%3D"},"isCommentLike":-5,"dislike_count":0},{"id":156575,"parent_id":156573,"type":2,"commentor":49,"gmtCreate":null,"gmtModified":null,"like_count":0,"content":"oh no","anonymity":1,"any_name":"皮卡丘","commentCount":null,"user":{"id":49,"name":"锦鲤king","avatar_url":"http://test01-20200725.oss-cn-shenzhen.aliyuncs.com/image/1666265516382.jpg?Expires=1981625508&OSSAccessKeyId=LTAI4G5RL7pjavqASCwc42kR&Signature=2lsDp8dOMcReGEDHqMR8pKtdkKs%3D"},"isCommentLike":-5,"dislike_count":0}],"any_name":"皮卡丘","relation":-2,"liked":-4,"anonymity":1,"dislike_count":0}