{"id":40980,"author":null,"author_avatar_url":null,"author_id":1090,"author_status":1,"gmt_create":1664433583399,"gmt_modified":1664433583399,"content":"吵架喜欢躲起来，烂好人不会拒绝人，动不动就说是自己性格心理抑郁的原因，下意识习惯性撒谎，我发出来这些宣泄一下开心多了，把人神共愤的垃圾事情撕出来","title":"吵架喜欢躲起来，烂好人不会拒绝人，动不动就说是自己性格心理抑郁的原因，下意识习惯性撒谎，我发出来这些宣泄一下开心多了，把人神共愤的垃圾事情撕出来","description":"no description yet","like_count":2,"comment_count":2,"view_count":113,"type":"post","tag":"not tag yet","imageList":"","content_source":null,"comments":[{"id":156713,"parent_id":40980,"type":1,"commentor":592,"gmtCreate":null,"gmtModified":null,"like_count":1,"content":"diao深恶痛绝","anonymity":1,"any_name":"鸡蛋仔","commentCount":null,"user":{"id":592,"name":"xxl","avatar_url":"http://test01-20200725.oss-cn-shenzhen.aliyuncs.com/image/1664352859085.jpg?Expires=1979712854&OSSAccessKeyId=LTAI4G5RL7pjavqASCwc42kR&Signature=jqrJUes41AT1wXmBa32L8fBdjCs%3D"},"isCommentLike":-5,"dislike_count":0},{"id":157099,"parent_id":40980,"type":1,"commentor":10234,"gmtCreate":null,"gmtModified":null,"like_count":0,"content":"别  我这里还有一个搞小团体，双标的阴阳小公主","anonymity":0,"any_name":null,"commentCount":null,"user":{"id":10234,"name":"该用户已注销","avatar_url":"http://test01-20200725.oss-cn-shenzhen.aliyuncs.com/image/1666284413629.jpg?Expires=1981644408&OSSAccessKeyId=LTAI4G5RL7pjavqASCwc42kR&Signature=dIbmFNj%2FP%2BBJaEIpDtwjSpgplO4%3D"},"isCommentLike":-5,"dislike_count":0}],"any_name":"鸡蛋仔","relation":-2,"liked":-4,"anonymity":1,"dislike_count":0}