{"id":41000,"author":null,"author_avatar_url":null,"author_id":2918,"author_status":1,"gmt_create":1664440039291,"gmt_modified":1664440039291,"content":"我发现我对男生的身高接受度很高 甚至可以接受165 （我自己就165） 但是对胖的接受度很低……","title":"我发现我对男生的身高接受度很高 甚至可以接受165 （我自己就165） 但是对胖的接受度很低……","description":"no description yet","like_count":2,"comment_count":8,"view_count":396,"type":"post","tag":"not tag yet","imageList":"","content_source":null,"comments":[{"id":156780,"parent_id":41000,"type":1,"commentor":9400,"gmtCreate":null,"gmtModified":null,"like_count":0,"content":"我165男朋友172我有一点点接受不了呜呜呜 可能他太瘦了只有120斤如果重一点可能看上去高一点","anonymity":1,"any_name":"阿拉斯加猪","commentCount":null,"user":{"id":9400,"name":"绿崽o3o","avatar_url":null},"isCommentLike":-5,"dislike_count":0},{"id":156827,"parent_id":41000,"type":1,"commentor":1529,"gmtCreate":null,"gmtModified":null,"like_count":0,"content":"我也是","anonymity":1,"any_name":"英国短毛猫","commentCount":null,"user":{"id":1529,"name":"Hj","avatar_url":"https://thirdwx.qlogo.cn/mmopen/vi_32/KWhSPGbJlOTmwDd9JDssNZof6QUQLDFdBhTbt9yLiaib4ZyS5GA2T3Fmxdzib2XQnuRjsYiaBDKu5XibMffCB6AxxRw/132"},"isCommentLike":-5,"dislike_count":0},{"id":156900,"parent_id":41000,"type":1,"commentor":5343,"gmtCreate":null,"gmtModified":null,"like_count":0,"content":"我才170，感觉找女朋友好难","anonymity":1,"any_name":"微积分","commentCount":null,"user":{"id":5343,"name":"天蓝蓝","avatar_url":"http://test01-20200725.oss-cn-shenzhen.aliyuncs.com/image/1653665344675.jpeg?Expires=1969025342&OSSAccessKeyId=LTAI4G5RL7pjavqASCwc42kR&Signature=kcGn5jxM92W3eVgA6Ly%2BMJCcgmI%3D"},"isCommentLike":-5,"dislike_count":0},{"id":156784,"parent_id":156780,"type":2,"commentor":2918,"gmtCreate":null,"gmtModified":null,"like_count":0,"content":"172是净身高吗 太瘦了确实有点不行 我觉得还是要有点肌肉 但我是很受不了胖","anonymity":1,"any_name":"GRE精选","commentCount":null,"user":{"id":2918,"name":"U_750441642175","avatar_url":"http://test01-20200725.oss-cn-shenzhen.aliyuncs.com/image/1666752618626.jpg?Expires=1982112615&OSSAccessKeyId=LTAI4G5RL7pjavqASCwc42kR&Signature=KyxMcvzcs7Uu9LLgmNr%2FV51kaX0%3D"},"isCommentLike":-5,"dislike_count":0},{"id":156796,"parent_id":156780,"type":2,"commentor":1694,"gmtCreate":null,"gmtModified":null,"like_count":0,"content":"啊这也叫瘦吗？我180+也才125斤","anonymity":1,"any_name":"鸡蛋仔","commentCount":null,"user":{"id":1694,"name":"momo","avatar_url":"https://thirdwx.qlogo.cn/mmopen/vi_32/Q3auHgzwzM7ic4Wv1gc7Uic2nACddMnmzib1XTLr5AjMgj8S0mEVJNJzHAskTJ06Bb8Mt4eh5AVW6KHfbHuficDvVA/132"},"isCommentLike":-5,"dislike_count":0},{"id":156799,"parent_id":156796,"type":2,"commentor":657,"gmtCreate":null,"gmtModified":null,"like_count":0,"content":"好瘦","anonymity":1,"any_name":"水箭龟","commentCount":null,"user":{"id":657,"name":"\uD83C\uDF4B","avatar_url":"https://thirdwx.qlogo.cn/mmopen/vi_32/NjmReVxBMgO9crVBhSnib28yf1YSf3ex4eriba7SkiaXmEYegYczicwAOp7OibeCdqKsicQPN2u5sh8qiacNbZ35uGjGw/132"},"isCommentLike":-5,"dislike_count":0},{"id":156852,"parent_id":156796,"type":2,"commentor":7149,"gmtCreate":null,"gmtModified":null,"like_count":0,"content":"这……我155 50公斤","anonymity":1,"any_name":"哈士奇","commentCount":null,"user":{"id":7149,"name":"早餐店","avatar_url":"http://test01-20200725.oss-cn-shenzhen.aliyuncs.com/image/1655480697405.jpg?Expires=1970840695&OSSAccessKeyId=LTAI4G5RL7pjavqASCwc42kR&Signature=jHurS5dmuFqCjl437AlggUwQP7Q%3D"},"isCommentLike":-5,"dislike_count":0},{"id":156925,"parent_id":156780,"type":2,"commentor":1031,"gmtCreate":null,"gmtModified":null,"like_count":0,"content":"172/120不瘦了","anonymity":0,"any_name":null,"commentCount":null,"user":{"id":1031,"name":"讨厌下雨的天空","avatar_url":"http://test01-20200725.oss-cn-shenzhen.aliyuncs.com/image/1635409003949.gif?Expires=1950769019&OSSAccessKeyId=LTAI4G5RL7pjavqASCwc42kR&Signature=LyILll813cXsdmMpzvMywtvpbQQ%3D"},"isCommentLike":-5,"dislike_count":0}],"any_name":"GRE精选","relation":-2,"liked":-4,"anonymity":1,"dislike_count":0}