{"id":41016,"author":"明天不一定","author_avatar_url":null,"author_id":9827,"author_status":1,"gmt_create":1664445161172,"gmt_modified":1664445161172,"content":"有人出pro Max名额吗？\n想要14pro Max256G白色","title":"有人出pro Max名额吗？\n想要14pro Max256G白色","description":"no description yet","like_count":0,"comment_count":2,"view_count":73,"type":"post","tag":"not tag yet","imageList":"","content_source":null,"comments":[{"id":156896,"parent_id":41016,"type":1,"commentor":268,"gmtCreate":null,"gmtModified":null,"like_count":1,"content":"你等着 我帮你抢","anonymity":1,"any_name":"拱北吴彦祖","commentCount":null,"user":{"id":268,"name":"敖","avatar_url":"https://thirdwx.qlogo.cn/mmopen/vi_32/8nsklc0ARyFr5d1BWVKWoykl9R9vK16dXOEbWjcT1t8Qvufc9hTwnvwrVuTD4CtZc54DW1W9CU5cE7ic9a6A1Gw/132"},"isCommentLike":-5,"dislike_count":0},{"id":157357,"parent_id":156896,"type":2,"commentor":9827,"gmtCreate":null,"gmtModified":null,"like_count":0,"content":"我又又又又又又没抢到\uD83D\uDE2D","anonymity":0,"any_name":null,"commentCount":null,"user":{"id":9827,"name":"明天不一定","avatar_url":null},"isCommentLike":-5,"dislike_count":0}],"any_name":null,"relation":-2,"liked":-4,"anonymity":0,"dislike_count":0}