{"id":41041,"author":null,"author_avatar_url":null,"author_id":1369,"author_status":1,"gmt_create":1664454508383,"gmt_modified":1664454508383,"content":"现在珠澳往来还是只能一次吗","title":"现在珠澳往来还是只能一次吗","description":"no description yet","like_count":0,"comment_count":1,"view_count":30,"type":"post","tag":"not tag yet","imageList":"","content_source":null,"comments":[{"id":157059,"parent_id":41041,"type":1,"commentor":950,"gmtCreate":null,"gmtModified":null,"like_count":0,"content":"横琴不限，其他口岸限一次","anonymity":1,"any_name":"珠海小天使","commentCount":null,"user":{"id":950,"name":"嘉心糖今天吃什么","avatar_url":"http://test01-20200725.oss-cn-shenzhen.aliyuncs.com/image/1653601697278.gif?Expires=1968961688&OSSAccessKeyId=LTAI4G5RL7pjavqASCwc42kR&Signature=MJ1wFoThzUSd5vemDHpVKNWnCcA%3D"},"isCommentLike":-5,"dislike_count":0}],"any_name":"老板","relation":-2,"liked":-4,"anonymity":1,"dislike_count":0}