{"id":41104,"author":"zzzx1","author_avatar_url":"http://test01-20200725.oss-cn-shenzhen.aliyuncs.com/image/1665757745406.jpg?Expires=1981117738&OSSAccessKeyId=LTAI4G5RL7pjavqASCwc42kR&Signature=Z49qXuSZK%2Fl1kGSQu2FQXDy2jiA%3D","author_id":10200,"author_status":1,"gmt_create":1664470040822,"gmt_modified":1664470040822,"content":"cpdd","title":"cpdd","description":"no description yet","like_count":1,"comment_count":3,"view_count":190,"type":"post","tag":"not tag yet","imageList":"","content_source":null,"comments":[{"id":157257,"parent_id":41104,"type":1,"commentor":9369,"gmtCreate":null,"gmtModified":null,"like_count":0,"content":"爪巴","anonymity":1,"any_name":"亚古兽","commentCount":null,"user":{"id":9369,"name":"仿生丁真梦见电子珍珠","avatar_url":"http://test01-20200725.oss-cn-shenzhen.aliyuncs.com/image/1658976760258.gif?Expires=1974336781&OSSAccessKeyId=LTAI4G5RL7pjavqASCwc42kR&Signature=IkHJykN03nLTtw0bj3v3hUCfzPA%3D"},"isCommentLike":-5,"dislike_count":0},{"id":157260,"parent_id":41104,"type":1,"commentor":2918,"gmtCreate":null,"gmtModified":null,"like_count":0,"content":"朴宰范没惹任何人。","anonymity":1,"any_name":"Tom","commentCount":null,"user":{"id":2918,"name":"U_750441642175","avatar_url":"http://test01-20200725.oss-cn-shenzhen.aliyuncs.com/image/1666752618626.jpg?Expires=1982112615&OSSAccessKeyId=LTAI4G5RL7pjavqASCwc42kR&Signature=KyxMcvzcs7Uu9LLgmNr%2FV51kaX0%3D"},"isCommentLike":-5,"dislike_count":0},{"id":157266,"parent_id":41104,"type":1,"commentor":2932,"gmtCreate":null,"gmtModified":null,"like_count":0,"content":"giegie\uD83E\uDD75\uD83E\uDD75\uD83E\uDD75","anonymity":1,"any_name":"四川麻辣烫","commentCount":null,"user":{"id":2932,"name":"U_10631642175","avatar_url":null},"isCommentLike":-5,"dislike_count":0}],"any_name":null,"relation":-2,"liked":-4,"anonymity":0,"dislike_count":0}