{"id":41145,"author":null,"author_avatar_url":null,"author_id":10260,"author_status":1,"gmt_create":1664502132051,"gmt_modified":1664502132051,"content":"家人们点聚早餐一直到几点结束呀","title":"家人们点聚早餐一直到几点结束呀","description":"no description yet","like_count":1,"comment_count":2,"view_count":90,"type":"post","tag":"not tag yet","imageList":"","content_source":null,"comments":[{"id":157386,"parent_id":41145,"type":1,"commentor":1295,"gmtCreate":null,"gmtModified":null,"like_count":0,"content":"十点半吧好像是","anonymity":1,"any_name":"老板","commentCount":null,"user":{"id":1295,"name":"U_637031633831","avatar_url":null},"isCommentLike":-5,"dislike_count":0},{"id":157622,"parent_id":157386,"type":2,"commentor":10260,"gmtCreate":null,"gmtModified":null,"like_count":0,"content":"好的谢谢～","anonymity":0,"any_name":null,"commentCount":null,"user":{"id":10260,"name":"U_13461664502","avatar_url":null},"isCommentLike":-5,"dislike_count":0}],"any_name":"三鲜水饺","relation":-2,"liked":-4,"anonymity":1,"dislike_count":0}