{"id":41153,"author":null,"author_avatar_url":null,"author_id":3142,"author_status":1,"gmt_create":1664504808890,"gmt_modified":1664504808890,"content":"长租酒店真的爽 跟manager谈价格100出头一晚上 有健身房游泳池 还有人每天打扫卫生","title":"长租酒店真的爽 跟manager谈价格100出头一晚上 有健身房游泳池 还有人每天打扫卫生","description":"no description yet","like_count":4,"comment_count":14,"view_count":536,"type":"post","tag":"not tag yet","imageList":"","content_source":null,"comments":[{"id":157398,"parent_id":41153,"type":1,"commentor":1622,"gmtCreate":null,"gmtModified":null,"like_count":0,"content":"在哪啊","anonymity":0,"any_name":null,"commentCount":null,"user":{"id":1622,"name":"飞翔荷兰人","avatar_url":null},"isCommentLike":-5,"dislike_count":0},{"id":157399,"parent_id":41153,"type":1,"commentor":1650,"gmtCreate":null,"gmtModified":null,"like_count":0,"content":"哪一个啊酒店啊","anonymity":0,"any_name":null,"commentCount":null,"user":{"id":1650,"name":"U_479031636375","avatar_url":null},"isCommentLike":-5,"dislike_count":0},{"id":157401,"parent_id":41153,"type":1,"commentor":2075,"gmtCreate":null,"gmtModified":null,"like_count":0,"content":"where！","anonymity":1,"any_name":"葡挞","commentCount":null,"user":{"id":2075,"name":"U_446211639198","avatar_url":null},"isCommentLike":-5,"dislike_count":0},{"id":157407,"parent_id":41153,"type":1,"commentor":9678,"gmtCreate":null,"gmtModified":null,"like_count":0,"content":"蹲","anonymity":1,"any_name":"多喝热水","commentCount":null,"user":{"id":9678,"name":"U_140751661350","avatar_url":null},"isCommentLike":-5,"dislike_count":0},{"id":157409,"parent_id":41153,"type":1,"commentor":9078,"gmtCreate":null,"gmtModified":null,"like_count":0,"content":"where","anonymity":1,"any_name":"人生的智慧","commentCount":null,"user":{"id":9078,"name":"U_461661653494","avatar_url":null},"isCommentLike":-5,"dislike_count":0},{"id":157410,"parent_id":41153,"type":1,"commentor":9745,"gmtCreate":null,"gmtModified":null,"like_count":0,"content":"蹲","anonymity":1,"any_name":"摆烂到底","commentCount":null,"user":{"id":9745,"name":"袜","avatar_url":"http://test01-20200725.oss-cn-shenzhen.aliyuncs.com/image/1664375317960.jpg?Expires=1979735313&OSSAccessKeyId=LTAI4G5RL7pjavqASCwc42kR&Signature=m%2B4KtJCufjYbLORdr0Zh9A6VKJA%3D"},"isCommentLike":-5,"dislike_count":0},{"id":157414,"parent_id":41153,"type":1,"commentor":9864,"gmtCreate":null,"gmtModified":null,"like_count":0,"content":"蹲是哪一家","anonymity":1,"any_name":"布偶猫","commentCount":null,"user":{"id":9864,"name":"617:729128","avatar_url":null},"isCommentLike":-5,"dislike_count":0},{"id":157416,"parent_id":41153,"type":1,"commentor":9924,"gmtCreate":null,"gmtModified":null,"like_count":0,"content":"where","anonymity":1,"any_name":"拱北吴彦祖","commentCount":null,"user":{"id":9924,"name":"甜点羊","avatar_url":"http://test01-20200725.oss-cn-shenzhen.aliyuncs.com/image/1664022786620.jpg?Expires=1979382784&OSSAccessKeyId=LTAI4G5RL7pjavqASCwc42kR&Signature=Gq8IuQzOwx2UFfWzhaWV2TSwz0k%3D"},"isCommentLike":-5,"dislike_count":0},{"id":157427,"parent_id":41153,"type":1,"commentor":409,"gmtCreate":null,"gmtModified":null,"like_count":0,"content":"蹲","anonymity":1,"any_name":"Jerry","commentCount":null,"user":{"id":409,"name":"Miraitowa.","avatar_url":"https://thirdwx.qlogo.cn/mmopen/vi_32/Q0j4TwGTfTLRTHcxI6Kf0DAibSQiaoPr4jgfpTGgeZlViay0ichK2jCeQHmM5xQ2ibw5wxy1J0KXGL2yt3T37AQMrlA/132"},"isCommentLike":-5,"dislike_count":0},{"id":157428,"parent_id":41153,"type":1,"commentor":937,"gmtCreate":null,"gmtModified":null,"like_count":0,"content":"但是感觉每天都有人进出你的房间，会不会不太舒服","anonymity":1,"any_name":"咖哩鱼蛋","commentCount":null,"user":{"id":937,"name":"Paprika","avatar_url":"https://thirdwx.qlogo.cn/mmopen/vi_32/DYAIOgq83erXO0Hibm3qJlZAq1DEuggbNcFD7NCFFzJrk2VLe4pHwHvbA8JuV9oOibd44ibYWvprax9F18Ank1eibw/132"},"isCommentLike":-5,"dislike_count":0},{"id":157432,"parent_id":41153,"type":1,"commentor":3142,"gmtCreate":null,"gmtModified":null,"like_count":0,"content":"本岛好多酒店协商价都一百多一晚 离得近罗斯福也是","anonymity":1,"any_name":"Anton","commentCount":null,"user":{"id":3142,"name":"泡泡","avatar_url":"http://test01-20200725.oss-cn-shenzhen.aliyuncs.com/image/1645794545402.jpg?Expires=1961154542&OSSAccessKeyId=LTAI4G5RL7pjavqASCwc42kR&Signature=EWULRIPUyNCYNqOPXVA2Xst3jA0%3D"},"isCommentLike":-5,"dislike_count":0},{"id":157456,"parent_id":41153,"type":1,"commentor":10234,"gmtCreate":null,"gmtModified":null,"like_count":0,"content":"蹲","anonymity":0,"any_name":null,"commentCount":null,"user":{"id":10234,"name":"该用户已注销","avatar_url":"http://test01-20200725.oss-cn-shenzhen.aliyuncs.com/image/1666284413629.jpg?Expires=1981644408&OSSAccessKeyId=LTAI4G5RL7pjavqASCwc42kR&Signature=dIbmFNj%2FP%2BBJaEIpDtwjSpgplO4%3D"},"isCommentLike":-5,"dislike_count":0},{"id":157453,"parent_id":157432,"type":2,"commentor":9180,"gmtCreate":null,"gmtModified":null,"like_count":0,"content":"罗斯福也是吗？","anonymity":1,"any_name":"offer收割机","commentCount":null,"user":{"id":9180,"name":"U_184721654572","avatar_url":null},"isCommentLike":-5,"dislike_count":0},{"id":157828,"parent_id":157453,"type":2,"commentor":3142,"gmtCreate":null,"gmtModified":null,"like_count":0,"content":"跟manager谈协议价估计差不多 现在平时一晚上也就一百出头（五折券）","anonymity":1,"any_name":"Anton","commentCount":null,"user":{"id":3142,"name":"泡泡","avatar_url":"http://test01-20200725.oss-cn-shenzhen.aliyuncs.com/image/1645794545402.jpg?Expires=1961154542&OSSAccessKeyId=LTAI4G5RL7pjavqASCwc42kR&Signature=EWULRIPUyNCYNqOPXVA2Xst3jA0%3D"},"isCommentLike":-5,"dislike_count":0}],"any_name":"Anton","relation":-2,"liked":-4,"anonymity":1,"dislike_count":0}