{"id":41446,"author":null,"author_avatar_url":null,"author_id":1488,"author_status":1,"gmt_create":1664640421871,"gmt_modified":1664640421871,"content":"请问今天自习室有开门吗…！","title":"请问今天自习室有开门吗…！","description":"no description yet","like_count":1,"comment_count":1,"view_count":32,"type":"post","tag":"not tag yet","imageList":"","content_source":null,"comments":[{"id":158318,"parent_id":41446,"type":1,"commentor":9945,"gmtCreate":null,"gmtModified":null,"like_count":0,"content":"有的","anonymity":0,"any_name":null,"commentCount":null,"user":{"id":9945,"name":"我是小羊","avatar_url":"http://test01-20200725.oss-cn-shenzhen.aliyuncs.com/image/1665823638606.jpg?Expires=1981183638&OSSAccessKeyId=LTAI4G5RL7pjavqASCwc42kR&Signature=35rh2Nzgz0%2FJNgoZlOUuhCqNMMw%3D"},"isCommentLike":-5,"dislike_count":0}],"any_name":"内卷狂魔","relation":-2,"liked":-4,"anonymity":1,"dislike_count":0}