{"id":41554,"author":null,"author_avatar_url":null,"author_id":49,"author_status":1,"gmt_create":1664734343126,"gmt_modified":1664734343126,"content":"为什么会这样\uD83D\uDE36 我核酸结果出来了呀，证件也没问题","title":"为什么会这样\uD83D\uDE36 我核酸结果出来了呀，证件也没问题","description":"no description yet","like_count":0,"comment_count":2,"view_count":187,"type":"post","tag":"not tag yet","imageList":"http://test01-20200725.oss-cn-shenzhen.aliyuncs.com/image/1664734294668.unknown?Expires=1980094287&OSSAccessKeyId=LTAI4G5RL7pjavqASCwc42kR&Signature=mInLbaGwQVUZ%2FFRlwofYo%2BHYuKc%3D","content_source":null,"comments":[{"id":158582,"parent_id":41554,"type":1,"commentor":937,"gmtCreate":null,"gmtModified":null,"like_count":0,"content":"你暑假有换过通行证（号码）吗，可能是填在澳门健康码APP的资料没更新","anonymity":0,"any_name":null,"commentCount":null,"user":{"id":937,"name":"Paprika","avatar_url":"https://thirdwx.qlogo.cn/mmopen/vi_32/DYAIOgq83erXO0Hibm3qJlZAq1DEuggbNcFD7NCFFzJrk2VLe4pHwHvbA8JuV9oOibd44ibYWvprax9F18Ank1eibw/132"},"isCommentLike":-5,"dislike_count":0},{"id":158615,"parent_id":41554,"type":1,"commentor":795,"gmtCreate":null,"gmtModified":null,"like_count":0,"content":"我也这样 当场扫码就好了","anonymity":1,"any_name":"微积分","commentCount":null,"user":{"id":795,"name":"拉面小路","avatar_url":null},"isCommentLike":-5,"dislike_count":0}],"any_name":"哈士奇","relation":-2,"liked":-4,"anonymity":1,"dislike_count":0}