{"id":41738,"author":null,"author_avatar_url":null,"author_id":1380,"author_status":1,"gmt_create":1664906335429,"gmt_modified":1664906335429,"content":"他回北方了，看着因为距离不得不越走越远真的好难受，都是独生，不会让对方丢下父母的，再也不想喜欢上距离远的人了，真的好难受","title":"他回北方了，看着因为距离不得不越走越远真的好难受，都是独生，不会让对方丢下父母的，再也不想喜欢上距离远的人了，真的好难受","description":"no description yet","like_count":1,"comment_count":1,"view_count":68,"type":"post","tag":"not tag yet","imageList":"","content_source":null,"comments":[{"id":159241,"parent_id":41738,"type":1,"commentor":10025,"gmtCreate":null,"gmtModified":null,"like_count":0,"content":"确实是这样。都是独生更应该考虑。摸摸","anonymity":1,"any_name":"哈士奇","commentCount":null,"user":{"id":10025,"name":"蟹酿橙","avatar_url":"http://test01-20200725.oss-cn-shenzhen.aliyuncs.com/image/1664182982046.jpg?Expires=1979542975&OSSAccessKeyId=LTAI4G5RL7pjavqASCwc42kR&Signature=8Thypvf0YGGS2KxPPQTRQMRsMxs%3D"},"isCommentLike":-5,"dislike_count":0}],"any_name":"Tom","relation":-2,"liked":-4,"anonymity":1,"dislike_count":0}