{"id":41780,"author":null,"author_avatar_url":null,"author_id":1295,"author_status":1,"gmt_create":1664946891153,"gmt_modified":1664946891153,"content":"时间过的太快了\uD83D\uDE2D假期没了要考试，感觉我的快乐止于国庆了，接下来等着我的是，今天的考试，这学期的四个pre，两门专业课期末考前的两次测试，三门专业课的期中考，某一门课的期末报告，还有韭菜一样割都割不完的作业，这个学期没有快乐了，圣诞假是那么的遥遥无期，寒假更是遥远，下一个暑假简直触不可及","title":"时间过的太快了\uD83D\uDE2D假期没了要考试，感觉我的快乐止于国庆了，接下来等着我的是，今天的考试，这学期的四个pre，两门专业课期末考前的两次测试，三门专业课的期中考，某一门课的期","description":"no description yet","like_count":3,"comment_count":2,"view_count":185,"type":"post","tag":"not tag yet","imageList":"","content_source":null,"comments":[{"id":159348,"parent_id":41780,"type":1,"commentor":9078,"gmtCreate":null,"gmtModified":null,"like_count":1,"content":"不必悲观 都这样习惯就好","anonymity":1,"any_name":"鸡蛋仔","commentCount":null,"user":{"id":9078,"name":"U_461661653494","avatar_url":null},"isCommentLike":-5,"dislike_count":0},{"id":159360,"parent_id":159348,"type":2,"commentor":1295,"gmtCreate":null,"gmtModified":null,"like_count":0,"content":"好的\uD83D\uDE2D谢谢你我试试习惯","anonymity":1,"any_name":"Redis设计与实现","commentCount":null,"user":{"id":1295,"name":"U_637031633831","avatar_url":null},"isCommentLike":-5,"dislike_count":0}],"any_name":"Redis设计与实现","relation":-2,"liked":-4,"anonymity":1,"dislike_count":0}