{"id":41807,"author":null,"author_avatar_url":null,"author_id":1165,"author_status":1,"gmt_create":1664958796486,"gmt_modified":1664958796486,"content":"想问问开学前两周的跨学院选修课记录考勤吗","title":"想问问开学前两周的跨学院选修课记录考勤吗","description":"no description yet","like_count":0,"comment_count":0,"view_count":8,"type":"post","tag":"not tag yet","imageList":"","content_source":null,"comments":null,"any_name":"出前一丁","relation":-2,"liked":-4,"anonymity":1,"dislike_count":0}