{"id":41942,"author":null,"author_avatar_url":null,"author_id":1746,"author_status":1,"gmt_create":1665033444125,"gmt_modified":1665033444125,"content":"有家人知道社团嘉年华什么时候开吗？盼了好久了","title":"有家人知道社团嘉年华什么时候开吗？盼了好久了","description":"no description yet","like_count":1,"comment_count":0,"view_count":13,"type":"post","tag":"not tag yet","imageList":"","content_source":null,"comments":null,"any_name":"微积分","relation":-2,"liked":-4,"anonymity":1,"dislike_count":0}