{"id":42006,"author":"Moooohi","author_avatar_url":"https://thirdwx.qlogo.cn/mmopen/vi_32/g2T2gr7SqneMpkZyicqgUxk0ElaP9Toibaic7qRcU9YBQ7ZFdV2ib9Nsz8DmWn3HGrF7z5dPKqUZhXuP0pVvjup4Lw/132","author_id":1934,"author_status":1,"gmt_create":1665045402935,"gmt_modified":1665045402935,"content":"有没有工管转学的学长学姐说一下转学后的体验和感受\n谢谢","title":"有没有工管转学的学长学姐说一下转学后的体验和感受\n谢谢","description":"no description yet","like_count":0,"comment_count":0,"view_count":43,"type":"post","tag":"not tag yet","imageList":"","content_source":null,"comments":null,"any_name":null,"relation":-2,"liked":-4,"anonymity":0,"dislike_count":0}