{"id":42051,"author":null,"author_avatar_url":null,"author_id":2178,"author_status":1,"gmt_create":1665057066582,"gmt_modified":1665057066582,"content":"横琴是又有哪里被封了吗\uD83D\uDE22","title":"横琴是又有哪里被封了吗\uD83D\uDE22","description":"no description yet","like_count":1,"comment_count":1,"view_count":170,"type":"post","tag":"not tag yet","imageList":"","content_source":null,"comments":[{"id":160412,"parent_id":42051,"type":1,"commentor":1483,"gmtCreate":null,"gmtModified":null,"like_count":0,"content":"好像是信德","anonymity":1,"any_name":"Anton","commentCount":null,"user":{"id":1483,"name":"沙丘勤快浣熊","avatar_url":"https://thirdwx.qlogo.cn/mmopen/vi_32/Q0j4TwGTfTJBzcWHFreCY7XOGtyLGI4aJ7Ugstv1lm235EnCosKzLQJZgd1l6fZgdh3NnCiarbtHLC4WJXN1zNQ/132"},"isCommentLike":-5,"dislike_count":0}],"any_name":"英国短毛猫","relation":-2,"liked":-4,"anonymity":1,"dislike_count":0}