{"id":42143,"author":null,"author_avatar_url":null,"author_id":101,"author_status":1,"gmt_create":1665109155398,"gmt_modified":1665109155398,"content":"求快速入睡的方法","title":"求快速入睡的方法","description":"no description yet","like_count":0,"comment_count":3,"view_count":166,"type":"post","tag":"not tag yet","imageList":"","content_source":null,"comments":[{"id":160741,"parent_id":42143,"type":1,"commentor":254,"gmtCreate":null,"gmtModified":null,"like_count":0,"content":"把手机放远点，闭眼别胡思乱想","anonymity":1,"any_name":"允指原味鸡","commentCount":null,"user":{"id":254,"name":"超人不会飞","avatar_url":"https://thirdwx.qlogo.cn/mmopen/vi_32/Q0j4TwGTfTJJIqnV1t5iaOItfKYvJJW68JsWPJrtb0DCf6MmmKNlNse2O8wPDxkMoguygwwsX9PXictI2DALHSzg/132"},"isCommentLike":-5,"dislike_count":0},{"id":160752,"parent_id":42143,"type":1,"commentor":10025,"gmtCreate":null,"gmtModified":null,"like_count":0,"content":"让室友安静，手机别带上床，别乱想。实在不行安眠药","anonymity":1,"any_name":"offer收割机","commentCount":null,"user":{"id":10025,"name":"蟹酿橙","avatar_url":"http://test01-20200725.oss-cn-shenzhen.aliyuncs.com/image/1664182982046.jpg?Expires=1979542975&OSSAccessKeyId=LTAI4G5RL7pjavqASCwc42kR&Signature=8Thypvf0YGGS2KxPPQTRQMRsMxs%3D"},"isCommentLike":-5,"dislike_count":0},{"id":160757,"parent_id":42143,"type":1,"commentor":301,"gmtCreate":null,"gmtModified":null,"like_count":0,"content":"睡前稍微喝点酒","anonymity":1,"any_name":"拉面小路","commentCount":null,"user":{"id":301,"name":"小菠萝快跑","avatar_url":"https://thirdwx.qlogo.cn/mmopen/vi_32/9Otwibfa5VXRfw3tyKZZ8dd3yFeuovYN8oGfNNLTBrE2KcXLE9BgsYsgTjdwFGuUJe35UfG7UnSZWKEx7wWEomg/132"},"isCommentLike":-5,"dislike_count":0}],"any_name":"芋圆奶茶","relation":-2,"liked":-4,"anonymity":1,"dislike_count":0}