{"id":42285,"author":"猫猫睡个觉","author_avatar_url":"http://test01-20200725.oss-cn-shenzhen.aliyuncs.com/image/1665023581018.jpg?Expires=1980383578&OSSAccessKeyId=LTAI4G5RL7pjavqASCwc42kR&Signature=Cw4j7x322LCaeYKb8k%2Fhi306h7I%3D","author_id":10308,"author_status":1,"gmt_create":1665145400709,"gmt_modified":1665145400709,"content":"大家晚上好啊，吃饭了嘛！","title":"大家晚上好啊，吃饭了嘛！","description":"no description yet","like_count":0,"comment_count":2,"view_count":22,"type":"post","tag":"not tag yet","imageList":"http://test01-20200725.oss-cn-shenzhen.aliyuncs.com/image/1665145403165.jpg?Expires=1980505395&OSSAccessKeyId=LTAI4G5RL7pjavqASCwc42kR&Signature=R24Jl2ge3njKtacVqr0XzIjIbU8%3D","content_source":null,"comments":[{"id":161304,"parent_id":42285,"type":1,"commentor":1948,"gmtCreate":null,"gmtModified":null,"like_count":0,"content":"晚上好猫猫 （但是这个点都能吃夜宵了","anonymity":0,"any_name":null,"commentCount":null,"user":{"id":1948,"name":"丢三落四大王","avatar_url":"http://test01-20200725.oss-cn-shenzhen.aliyuncs.com/image/1664636319047.jpg?Expires=1979996318&OSSAccessKeyId=LTAI4G5RL7pjavqASCwc42kR&Signature=a3eH0YXIPBTjtJoabzLa3R0QwO8%3D"},"isCommentLike":-5,"dislike_count":0},{"id":161319,"parent_id":161304,"type":2,"commentor":10308,"gmtCreate":null,"gmtModified":null,"like_count":0,"content":"晚上好啊，因为做饭晚吃的也晚呢","anonymity":0,"any_name":null,"commentCount":null,"user":{"id":10308,"name":"猫猫睡个觉","avatar_url":"http://test01-20200725.oss-cn-shenzhen.aliyuncs.com/image/1665023581018.jpg?Expires=1980383578&OSSAccessKeyId=LTAI4G5RL7pjavqASCwc42kR&Signature=Cw4j7x322LCaeYKb8k%2Fhi306h7I%3D"},"isCommentLike":-5,"dislike_count":0}],"any_name":null,"relation":-2,"liked":-4,"anonymity":0,"dislike_count":0}