{"id":42378,"author":null,"author_avatar_url":null,"author_id":833,"author_status":1,"gmt_create":1665184226218,"gmt_modified":1665184226218,"content":"尝试问问潘媛媛的资讯科技期末是什么形式的呀","title":"尝试问问潘媛媛的资讯科技期末是什么形式的呀","description":"no description yet","like_count":3,"comment_count":3,"view_count":168,"type":"post","tag":"not tag yet","imageList":"","content_source":null,"comments":[{"id":161621,"parent_id":42378,"type":1,"commentor":833,"gmtCreate":null,"gmtModified":null,"like_count":0,"content":"想打p(和谐)yy打不出来，因为p(和谐)y是敏感词，服了，树洞什么时候也来这一套了","anonymity":1,"any_name":"四川麻辣烫","commentCount":null,"user":{"id":833,"name":"绿绿","avatar_url":"http://test01-20200725.oss-cn-shenzhen.aliyuncs.com/image/1631280978014.jpg?Expires=1946640973&OSSAccessKeyId=LTAI4G5RL7pjavqASCwc42kR&Signature=XTxJdSTwE7zYelLvvUZDgS%2ByEQA%3D"},"isCommentLike":-5,"dislike_count":0},{"id":161653,"parent_id":42378,"type":1,"commentor":3549,"gmtCreate":null,"gmtModified":null,"like_count":0,"content":"蹲","anonymity":0,"any_name":null,"commentCount":null,"user":{"id":3549,"name":"已经…没有海星了","avatar_url":"http://test01-20200725.oss-cn-shenzhen.aliyuncs.com/image/1655657384672.jpg?Expires=1971017376&OSSAccessKeyId=LTAI4G5RL7pjavqASCwc42kR&Signature=VulKD1KTsmBSVHOYsJXv9AfFh9A%3D"},"isCommentLike":-5,"dislike_count":0},{"id":161970,"parent_id":42378,"type":1,"commentor":9628,"gmtCreate":null,"gmtModified":null,"like_count":0,"content":"我们当时就交报告","anonymity":1,"any_name":"Kelly","commentCount":null,"user":{"id":9628,"name":"U_371491660723","avatar_url":null},"isCommentLike":-5,"dislike_count":0}],"any_name":"四川麻辣烫","relation":-2,"liked":-4,"anonymity":1,"dislike_count":0}