{"id":42397,"author":null,"author_avatar_url":null,"author_id":643,"author_status":1,"gmt_create":1665200316566,"gmt_modified":1665200316566,"content":"冷知识\n早上不要去篮球场打球\n半栋楼的人都会睡不好","title":"冷知识\n早上不要去篮球场打球\n半栋楼的人都会睡不好","description":"no description yet","like_count":3,"comment_count":3,"view_count":279,"type":"post","tag":"not tag yet","imageList":"","content_source":null,"comments":[{"id":161704,"parent_id":42397,"type":1,"commentor":1635,"gmtCreate":null,"gmtModified":null,"like_count":0,"content":"有过困得不行起来看小情侣打球的经历","anonymity":1,"any_name":"皮卡丘","commentCount":null,"user":{"id":1635,"name":"藿香正气\uD83D\uDC8A","avatar_url":"https://thirdwx.qlogo.cn/mmopen/vi_32/PpflfJKhVu4TC8IlTvfe1V7snh4jWibYrPaHd8vtzicREJNHIiarS9SFpr8nHK2jN8TlFZqUjd8ajibFD8urbU9ZGQ/132"},"isCommentLike":-5,"dislike_count":0},{"id":161865,"parent_id":42397,"type":1,"commentor":7722,"gmtCreate":null,"gmtModified":null,"like_count":0,"content":"那早9的篮球课怎么办","anonymity":1,"any_name":"Redis设计与实现","commentCount":null,"user":{"id":7722,"name":"U_519281652124","avatar_url":null},"isCommentLike":-5,"dislike_count":0},{"id":161871,"parent_id":161865,"type":2,"commentor":643,"gmtCreate":null,"gmtModified":null,"like_count":0,"content":"上课那是没办法，周末大清早去打球就是真的不好，之前还有七点去打球的","anonymity":1,"any_name":"Kelly","commentCount":null,"user":{"id":643,"name":"脾气超级差","avatar_url":"http://test01-20200725.oss-cn-shenzhen.aliyuncs.com/image/1658825259833.jpg?Expires=1974185254&OSSAccessKeyId=LTAI4G5RL7pjavqASCwc42kR&Signature=cVqDAV6c37qT%2FyCkpGnFEKtS3TU%3D"},"isCommentLike":-5,"dislike_count":0}],"any_name":"Kelly","relation":-2,"liked":-4,"anonymity":1,"dislike_count":0}