{"id":42401,"author":null,"author_avatar_url":null,"author_id":1165,"author_status":1,"gmt_create":1665203495839,"gmt_modified":1665203495839,"content":"在学证明可以加急吗","title":"在学证明可以加急吗","description":"no description yet","like_count":0,"comment_count":3,"view_count":89,"type":"post","tag":"not tag yet","imageList":"","content_source":null,"comments":[{"id":161739,"parent_id":42401,"type":1,"commentor":9710,"gmtCreate":null,"gmtModified":null,"like_count":0,"content":"同文","anonymity":1,"any_name":"微积分","commentCount":null,"user":{"id":9710,"name":"U_817391661786","avatar_url":null},"isCommentLike":-5,"dislike_count":0},{"id":161741,"parent_id":42401,"type":1,"commentor":9710,"gmtCreate":null,"gmtModified":null,"like_count":0,"content":"问","anonymity":1,"any_name":"微积分","commentCount":null,"user":{"id":9710,"name":"U_817391661786","avatar_url":null},"isCommentLike":-5,"dislike_count":0},{"id":161795,"parent_id":42401,"type":1,"commentor":1331,"gmtCreate":null,"gmtModified":null,"like_count":0,"content":"不行","anonymity":1,"any_name":"英国短毛猫","commentCount":null,"user":{"id":1331,"name":"T_13890992","avatar_url":"http://test01-20200725.oss-cn-shenzhen.aliyuncs.com/image/1649916959411.png?Expires=1965276954&OSSAccessKeyId=LTAI4G5RL7pjavqASCwc42kR&Signature=0pbK7koFoMA3L5nNususfi1XuG0%3D"},"isCommentLike":-5,"dislike_count":0}],"any_name":"大潭山车队","relation":-2,"liked":-4,"anonymity":1,"dislike_count":0}