{"id":4267,"author":"U_402881636374","author_avatar_url":null,"author_id":1640,"author_status":1,"gmt_create":1636794776504,"gmt_modified":1636794776504,"content":"本校学生会已经敏感到连基于他人真实言论改编的苏联笑话都归为“侵权”了吗？下一步组建肃反队，抓一个反对的同学枪毙一个吼不吼啊","title":"本校学生会已经敏感到连基于他人真实言论改编的苏联笑话都归为“侵权”了吗？下一步组建肃反队，抓一个反对的同学枪毙一个吼不吼啊","description":"no description yet","like_count":2,"comment_count":2,"view_count":141,"type":"post","tag":"not tag yet","imageList":"","content_source":null,"comments":[{"id":14870,"parent_id":4267,"type":1,"commentor":1681,"gmtCreate":null,"gmtModified":null,"like_count":0,"content":"老官僚主义了","anonymity":1,"any_name":"GRE精选","commentCount":null,"user":{"id":1681,"name":"U_516721636793","avatar_url":null},"isCommentLike":-5,"dislike_count":0},{"id":15153,"parent_id":4267,"type":1,"commentor":807,"gmtCreate":null,"gmtModified":null,"like_count":0,"content":"笑死了，科大夜总会呗","anonymity":1,"any_name":"喷火龙","commentCount":null,"user":{"id":807,"name":"M二水","avatar_url":"https://thirdwx.qlogo.cn/mmopen/vi_32/0LdUhAw2uWdIicXZJnHMkxBGib24KNmTAdjQ9ZCCQyO77kuhsfQTj9CaHgrwXibLlCky6p7sB1J5omDPAibjOvd4Zg/132"},"isCommentLike":-5,"dislike_count":0}],"any_name":null,"relation":-2,"liked":-4,"anonymity":0,"dislike_count":0}