{"id":42682,"author":null,"author_avatar_url":null,"author_id":10356,"author_status":1,"gmt_create":1665329839733,"gmt_modified":1665329839733,"content":"想问问国旅申ucl大概要求多高啊","title":"想问问国旅申ucl大概要求多高啊","description":"no description yet","like_count":0,"comment_count":6,"view_count":374,"type":"post","tag":"not tag yet","imageList":"","content_source":null,"comments":[{"id":162785,"parent_id":42682,"type":1,"commentor":10356,"gmtCreate":null,"gmtModified":null,"like_count":0,"content":"补充一下是冷门专业的话","anonymity":1,"any_name":"英国短毛猫","commentCount":null,"user":{"id":10356,"name":"U_425181665326","avatar_url":null},"isCommentLike":-5,"dislike_count":0},{"id":162789,"parent_id":42682,"type":1,"commentor":1535,"gmtCreate":null,"gmtModified":null,"like_count":0,"content":"你想要多冷 我知道的冷门专业3.2就能上","anonymity":1,"any_name":"微积分","commentCount":null,"user":{"id":1535,"name":"L1","avatar_url":"http://test01-20200725.oss-cn-shenzhen.aliyuncs.com/image/1665746996924.jpg?Expires=1981106992&OSSAccessKeyId=LTAI4G5RL7pjavqASCwc42kR&Signature=GlDWf%2FYFomZfpVzvTV3kkTcbiIo%3D"},"isCommentLike":-5,"dislike_count":0},{"id":162864,"parent_id":42682,"type":1,"commentor":8649,"gmtCreate":null,"gmtModified":null,"like_count":0,"content":"ucl是ucla吗","anonymity":1,"any_name":"Jerry","commentCount":null,"user":{"id":8649,"name":"程序真帅","avatar_url":null},"isCommentLike":-5,"dislike_count":0},{"id":162851,"parent_id":162789,"type":2,"commentor":10356,"gmtCreate":null,"gmtModified":null,"like_count":0,"content":"历史文化遗产方面的专业吧","anonymity":1,"any_name":"英国短毛猫","commentCount":null,"user":{"id":10356,"name":"U_425181665326","avatar_url":null},"isCommentLike":-5,"dislike_count":0},{"id":162912,"parent_id":162864,"type":2,"commentor":10176,"gmtCreate":null,"gmtModified":null,"like_count":0,"content":"不是吧 伦敦大学学院","anonymity":1,"any_name":"喷火龙","commentCount":null,"user":{"id":10176,"name":"U_839861664196","avatar_url":"http://test01-20200725.oss-cn-shenzhen.aliyuncs.com/image/1664957260990.jpg?Expires=1980317258&OSSAccessKeyId=LTAI4G5RL7pjavqASCwc42kR&Signature=b4zQLrO%2FT%2BOxqMrJxEP0iP3ETEQ%3D"},"isCommentLike":-5,"dislike_count":0},{"id":163083,"parent_id":162912,"type":2,"commentor":8649,"gmtCreate":null,"gmtModified":null,"like_count":0,"content":"哦哦好的","anonymity":1,"any_name":"Tom","commentCount":null,"user":{"id":8649,"name":"程序真帅","avatar_url":null},"isCommentLike":-5,"dislike_count":0}],"any_name":"英国短毛猫","relation":-2,"liked":-4,"anonymity":1,"dislike_count":0}