{"id":42786,"author":null,"author_avatar_url":null,"author_id":8922,"author_status":1,"gmt_create":1665387830052,"gmt_modified":1665387830052,"content":"想问一下荟真集有什么好喝的推荐吗？\n可以用学生消费卷不\n祝所有人GPA up！","title":"想问一下荟真集有什么好喝的推荐吗？\n可以用学生消费卷不\n祝所有人GPA up！","description":"no description yet","like_count":0,"comment_count":15,"view_count":368,"type":"post","tag":"not tag yet","imageList":"","content_source":null,"comments":[{"id":163158,"parent_id":42786,"type":1,"commentor":6329,"gmtCreate":null,"gmtModified":null,"like_count":4,"content":"百香QQ","anonymity":0,"any_name":null,"commentCount":null,"user":{"id":6329,"name":"U_610041649597","avatar_url":null},"isCommentLike":-5,"dislike_count":0},{"id":163154,"parent_id":42786,"type":1,"commentor":2981,"gmtCreate":null,"gmtModified":null,"like_count":2,"content":"芋头鲜奶打成沙冰","anonymity":1,"any_name":"网瘾少年","commentCount":null,"user":{"id":2981,"name":"昵称Momo","avatar_url":"http://test01-20200725.oss-cn-shenzhen.aliyuncs.com/image/1652119120283.jpg?Expires=1967479115&OSSAccessKeyId=LTAI4G5RL7pjavqASCwc42kR&Signature=r%2BGSvSrdJSkqQ%2FuX%2Fs7%2B5YOJHVk%3D"},"isCommentLike":-5,"dislike_count":0},{"id":163127,"parent_id":42786,"type":1,"commentor":964,"gmtCreate":null,"gmtModified":null,"like_count":0,"content":"可以 抹茶好喝","anonymity":1,"any_name":"Tom","commentCount":null,"user":{"id":964,"name":"困得自杀","avatar_url":"http://test01-20200725.oss-cn-shenzhen.aliyuncs.com/image/1657803874292.jpg?Expires=1973163874&OSSAccessKeyId=LTAI4G5RL7pjavqASCwc42kR&Signature=0R83hIsv5NcTaMzXAw%2FoJaeKRSw%3D"},"isCommentLike":-5,"dislike_count":0},{"id":163128,"parent_id":42786,"type":1,"commentor":49,"gmtCreate":null,"gmtModified":null,"like_count":0,"content":"感觉澳门奶茶（就叫这个名字）也很好喝!","anonymity":1,"any_name":"拱北吴彦祖","commentCount":null,"user":{"id":49,"name":"锦鲤king","avatar_url":"http://test01-20200725.oss-cn-shenzhen.aliyuncs.com/image/1666265516382.jpg?Expires=1981625508&OSSAccessKeyId=LTAI4G5RL7pjavqASCwc42kR&Signature=2lsDp8dOMcReGEDHqMR8pKtdkKs%3D"},"isCommentLike":-5,"dislike_count":0},{"id":163130,"parent_id":42786,"type":1,"commentor":2120,"gmtCreate":null,"gmtModified":null,"like_count":0,"content":"我只认准 鲜橙水果茶！","anonymity":1,"any_name":"老板","commentCount":null,"user":{"id":2120,"name":"加蟹小笼包","avatar_url":"http://test01-20200725.oss-cn-shenzhen.aliyuncs.com/image/1647943162040.jpg?Expires=1963303155&OSSAccessKeyId=LTAI4G5RL7pjavqASCwc42kR&Signature=zOd6gkhFk%2Bipbrl1pTEEu3%2FnSTI%3D"},"isCommentLike":-5,"dislike_count":0},{"id":163138,"parent_id":42786,"type":1,"commentor":1194,"gmtCreate":null,"gmtModified":null,"like_count":0,"content":"各种奶盖茶也可以试试！","anonymity":1,"any_name":"GRE精选","commentCount":null,"user":{"id":1194,"name":"神经蛙","avatar_url":"https://thirdwx.qlogo.cn/mmopen/vi_32/Q3auHgzwzM7pNkMMHY91xibhlhm06YjFvq6xpoNMEgFNfjyB2yHsl7afwibtLn8OYGOxMiciap8bK6mC67FxAwcPxA/132"},"isCommentLike":-5,"dislike_count":0},{"id":163141,"parent_id":42786,"type":1,"commentor":7694,"gmtCreate":null,"gmtModified":null,"like_count":0,"content":"芋头鲜奶 三分糖","anonymity":1,"any_name":"内卷狂魔","commentCount":null,"user":{"id":7694,"name":"好想念啊","avatar_url":"http://test01-20200725.oss-cn-shenzhen.aliyuncs.com/image/1665504217796.unknown?Expires=1980864217&OSSAccessKeyId=LTAI4G5RL7pjavqASCwc42kR&Signature=gv2xY64eDq4pRmuRmsFhDm6lWlQ%3D"},"isCommentLike":-5,"dislike_count":0},{"id":163179,"parent_id":42786,"type":1,"commentor":1383,"gmtCreate":null,"gmtModified":null,"like_count":0,"content":"黑糖鲜奶茶和碧螺春鲜奶！","anonymity":1,"any_name":"摆烂到底","commentCount":null,"user":{"id":1383,"name":"\uD83C\uDF30","avatar_url":"https://thirdwx.qlogo.cn/mmopen/vi_32/BAo7oN89bad0plAAQibahWhPydvcJrQtpxFe61F60xQzU2AIwKeAqp2cfYfvN2xxvOvuKqPtOAezRpchqHpk91Q/132"},"isCommentLike":-5,"dislike_count":0},{"id":163181,"parent_id":42786,"type":1,"commentor":2134,"gmtCreate":null,"gmtModified":null,"like_count":0,"content":"奶盖的乌龙 感觉还不错","anonymity":1,"any_name":"拉面小路","commentCount":null,"user":{"id":2134,"name":"U_443151640232","avatar_url":"http://test01-20200725.oss-cn-shenzhen.aliyuncs.com/image/1661862010609.jpg?Expires=1977222009&OSSAccessKeyId=LTAI4G5RL7pjavqASCwc42kR&Signature=ETGg2NZirKXEbl8fQS5jLPs%2BFHE%3D"},"isCommentLike":-5,"dislike_count":0},{"id":163319,"parent_id":42786,"type":1,"commentor":301,"gmtCreate":null,"gmtModified":null,"like_count":0,"content":"荔枝翠玉还不错 建议少糖","anonymity":1,"any_name":"深海鳕鱼堡","commentCount":null,"user":{"id":301,"name":"小菠萝快跑","avatar_url":"https://thirdwx.qlogo.cn/mmopen/vi_32/9Otwibfa5VXRfw3tyKZZ8dd3yFeuovYN8oGfNNLTBrE2KcXLE9BgsYsgTjdwFGuUJe35UfG7UnSZWKEx7wWEomg/132"},"isCommentLike":-5,"dislike_count":0},{"id":163847,"parent_id":42786,"type":1,"commentor":8416,"gmtCreate":null,"gmtModified":null,"like_count":0,"content":"抹茶 雷 很廉价的味道","anonymity":1,"any_name":"人生的智慧","commentCount":null,"user":{"id":8416,"name":"U_479271652854","avatar_url":null},"isCommentLike":-5,"dislike_count":0},{"id":163131,"parent_id":163127,"type":2,"commentor":8922,"gmtCreate":null,"gmtModified":null,"like_count":0,"content":"谢谢！","anonymity":1,"any_name":"沊仔刘亦菲","commentCount":null,"user":{"id":8922,"name":"U_45141653291","avatar_url":null},"isCommentLike":-5,"dislike_count":0},{"id":163132,"parent_id":163128,"type":2,"commentor":8922,"gmtCreate":null,"gmtModified":null,"like_count":0,"content":"好滴","anonymity":1,"any_name":"沊仔刘亦菲","commentCount":null,"user":{"id":8922,"name":"U_45141653291","avatar_url":null},"isCommentLike":-5,"dislike_count":0},{"id":163133,"parent_id":163130,"type":2,"commentor":8922,"gmtCreate":null,"gmtModified":null,"like_count":0,"content":"收到，谢谢","anonymity":1,"any_name":"沊仔刘亦菲","commentCount":null,"user":{"id":8922,"name":"U_45141653291","avatar_url":null},"isCommentLike":-5,"dislike_count":0},{"id":163177,"parent_id":163154,"type":2,"commentor":928,"gmtCreate":null,"gmtModified":null,"like_count":0,"content":"这个是真的好喝，很喜欢","anonymity":1,"any_name":"咖哩鱼蛋","commentCount":null,"user":{"id":928,"name":"\uD83C\uDF4E","avatar_url":"https://thirdwx.qlogo.cn/mmopen/vi_32/dw6CkiaLXwTvwxQydO77iaxKp31fpkOpTUCxiayxjPMMPFQCyj0PKDx9JBb87ibkLBGv4S78CJpJrNIic8iaibwcmmq5w/132"},"isCommentLike":-5,"dislike_count":0}],"any_name":"沊仔刘亦菲","relation":-2,"liked":-4,"anonymity":1,"dislike_count":0}