{"id":42905,"author":null,"author_avatar_url":null,"author_id":2035,"author_status":1,"gmt_create":1665424904876,"gmt_modified":1665424904876,"content":"饿饿饿饿饿饿饿饿饿饿饿饿","title":"饿饿饿饿饿饿饿饿饿饿饿饿","description":"no description yet","like_count":1,"comment_count":1,"view_count":15,"type":"post","tag":"not tag yet","imageList":"","content_source":null,"comments":[{"id":163613,"parent_id":42905,"type":1,"commentor":6457,"gmtCreate":null,"gmtModified":null,"like_count":0,"content":"吃，不要饿着，我大一饿了一年，现在饿出胃病了","anonymity":1,"any_name":"布偶猫","commentCount":null,"user":{"id":6457,"name":"U_817451649759","avatar_url":"http://test01-20200725.oss-cn-shenzhen.aliyuncs.com/image/1650426087438.unknown?Expires=1965786081&OSSAccessKeyId=LTAI4G5RL7pjavqASCwc42kR&Signature=NJDZH5D8xlwf1V0b%2Bifn8HQgoPA%3D"},"isCommentLike":-5,"dislike_count":0}],"any_name":"Anton","relation":-2,"liked":-4,"anonymity":1,"dislike_count":0}