{"id":43093,"author":null,"author_avatar_url":null,"author_id":1071,"author_status":1,"gmt_create":1665516691804,"gmt_modified":1665516691804,"content":"想问问家人们微观经济学的选修课除了周三晚上的还有什么时间的啊\n想去听下补补课行吗","title":"想问问家人们微观经济学的选修课除了周三晚上的还有什么时间的啊\n想去听下补补课行吗","description":"no description yet","like_count":0,"comment_count":1,"view_count":32,"type":"post","tag":"not tag yet","imageList":"","content_source":null,"comments":[{"id":164443,"parent_id":43093,"type":1,"commentor":6053,"gmtCreate":null,"gmtModified":null,"like_count":0,"content":"周五晚上","anonymity":1,"any_name":"多喝热水","commentCount":null,"user":{"id":6053,"name":"777777777","avatar_url":null},"isCommentLike":-5,"dislike_count":0}],"any_name":"奥利奥","relation":-2,"liked":-4,"anonymity":1,"dislike_count":0}