{"id":43139,"author":null,"author_avatar_url":null,"author_id":3287,"author_status":1,"gmt_create":1665550857569,"gmt_modified":1665550857569,"content":"满22岁，研究生可以进赌场吗，进去要登记什么啊，就是想喝奶茶，不赌","title":"满22岁，研究生可以进赌场吗，进去要登记什么啊，就是想喝奶茶，不赌","description":"no description yet","like_count":0,"comment_count":12,"view_count":626,"type":"post","tag":"not tag yet","imageList":"","content_source":null,"comments":[{"id":164588,"parent_id":43139,"type":1,"commentor":5343,"gmtCreate":null,"gmtModified":null,"like_count":1,"content":"进赌场就是退学警告，研究生也不例外","anonymity":1,"any_name":"允指原味鸡","commentCount":null,"user":{"id":5343,"name":"天蓝蓝","avatar_url":"http://test01-20200725.oss-cn-shenzhen.aliyuncs.com/image/1653665344675.jpeg?Expires=1969025342&OSSAccessKeyId=LTAI4G5RL7pjavqASCwc42kR&Signature=kcGn5jxM92W3eVgA6Ly%2BMJCcgmI%3D"},"isCommentLike":-5,"dislike_count":0},{"id":164637,"parent_id":43139,"type":1,"commentor":10137,"gmtCreate":null,"gmtModified":null,"like_count":1,"content":"我也想喝 美高梅那个\uD83E\uDD72\uD83E\uDD72","anonymity":1,"any_name":"Anton","commentCount":null,"user":{"id":10137,"name":"U_495931664076","avatar_url":null},"isCommentLike":-5,"dislike_count":0},{"id":164644,"parent_id":43139,"type":1,"commentor":15,"gmtCreate":null,"gmtModified":null,"like_count":1,"content":"只要你不在里面碰到熟人老师就行","anonymity":1,"any_name":"Kelly","commentCount":null,"user":{"id":15,"name":"科大鸭","avatar_url":"http://test01-20200725.oss-cn-shenzhen.aliyuncs.com/image/1624370407433.jpeg?Expires=1939730402&OSSAccessKeyId=LTAI4G5RL7pjavqASCwc42kR&Signature=UEIvjfVREj9DPr4FHeyAIel3Guo%3D"},"isCommentLike":-5,"dislike_count":0},{"id":164583,"parent_id":43139,"type":1,"commentor":682,"gmtCreate":null,"gmtModified":null,"like_count":0,"content":"可是喝奶茶不用进赌场里面啊（）","anonymity":0,"any_name":null,"commentCount":null,"user":{"id":682,"name":"~Xenon~","avatar_url":"http://test01-20200725.oss-cn-shenzhen.aliyuncs.com/image/1662451495431.gif?Expires=1977811496&OSSAccessKeyId=LTAI4G5RL7pjavqASCwc42kR&Signature=tLEL737zMefpEHXZzQlS%2Bxz88Ts%3D"},"isCommentLike":-5,"dislike_count":0},{"id":164587,"parent_id":43139,"type":1,"commentor":10010,"gmtCreate":null,"gmtModified":null,"like_count":0,"content":"赌场是娱乐场啊 外面的商场不算的","anonymity":0,"any_name":null,"commentCount":null,"user":{"id":10010,"name":"火炙三文鱼","avatar_url":null},"isCommentLike":-5,"dislike_count":0},{"id":164590,"parent_id":43139,"type":1,"commentor":9950,"gmtCreate":null,"gmtModified":null,"like_count":0,"content":"学生是不可以进赌场的，年龄到了都不可以。喝奶茶可以在商场的喜茶，KOI","anonymity":1,"any_name":"深海鳕鱼堡","commentCount":null,"user":{"id":9950,"name":"U_616821663348","avatar_url":null},"isCommentLike":-5,"dislike_count":0},{"id":164596,"parent_id":43139,"type":1,"commentor":795,"gmtCreate":null,"gmtModified":null,"like_count":0,"content":"可是我认识的博士生和硕士就进去玩了","anonymity":1,"any_name":"人生的智慧","commentCount":null,"user":{"id":795,"name":"拉面小路","avatar_url":null},"isCommentLike":-5,"dislike_count":0},{"id":164611,"parent_id":43139,"type":1,"commentor":9128,"gmtCreate":null,"gmtModified":null,"like_count":0,"content":"都研究生了 学校又不会逮住你 成年人对自己行为负责就行了","anonymity":1,"any_name":"六级词汇","commentCount":null,"user":{"id":9128,"name":"U_149711653779","avatar_url":null},"isCommentLike":-5,"dislike_count":0},{"id":164675,"parent_id":43139,"type":1,"commentor":3021,"gmtCreate":null,"gmtModified":null,"like_count":0,"content":"又是不看学生手册在这里问的","anonymity":0,"any_name":null,"commentCount":null,"user":{"id":3021,"name":"U_327331642246","avatar_url":null},"isCommentLike":-5,"dislike_count":0},{"id":164591,"parent_id":164588,"type":2,"commentor":3287,"gmtCreate":null,"gmtModified":null,"like_count":0,"content":"请问是会查什么东西吗","anonymity":1,"any_name":"微积分","commentCount":null,"user":{"id":3287,"name":"花家地西里大橘猫","avatar_url":"http://test01-20200725.oss-cn-shenzhen.aliyuncs.com/image/1644623602142.jpg?Expires=1959983593&OSSAccessKeyId=LTAI4G5RL7pjavqASCwc42kR&Signature=GuSZLuX9zhvKPJWbkNALodi8lGE%3D"},"isCommentLike":-5,"dislike_count":0},{"id":164594,"parent_id":164591,"type":2,"commentor":5343,"gmtCreate":null,"gmtModified":null,"like_count":0,"content":"会查证件","anonymity":1,"any_name":"允指原味鸡","commentCount":null,"user":{"id":5343,"name":"天蓝蓝","avatar_url":"http://test01-20200725.oss-cn-shenzhen.aliyuncs.com/image/1653665344675.jpeg?Expires=1969025342&OSSAccessKeyId=LTAI4G5RL7pjavqASCwc42kR&Signature=kcGn5jxM92W3eVgA6Ly%2BMJCcgmI%3D"},"isCommentLike":-5,"dislike_count":0},{"id":164619,"parent_id":164583,"type":2,"commentor":288,"gmtCreate":null,"gmtModified":null,"like_count":0,"content":"赌场奶茶免费","anonymity":1,"any_name":"鸡蛋仔","commentCount":null,"user":{"id":288,"name":"香吻虫","avatar_url":"http://test01-20200725.oss-cn-shenzhen.aliyuncs.com/image/1664182006510.jpg?Expires=1979542006&OSSAccessKeyId=LTAI4G5RL7pjavqASCwc42kR&Signature=n6zcETD5UzYMO9S6e6N%2FNjrrwE0%3D"},"isCommentLike":-5,"dislike_count":0}],"any_name":"微积分","relation":-2,"liked":-4,"anonymity":1,"dislike_count":0}