{"id":43197,"author":null,"author_avatar_url":null,"author_id":9710,"author_status":1,"gmt_create":1665567254602,"gmt_modified":1665567254602,"content":"求问金融专业 还有哪个老师的毕业论文名额没满","title":"求问金融专业 还有哪个老师的毕业论文名额没满","description":"no description yet","like_count":1,"comment_count":0,"view_count":15,"type":"post","tag":"not tag yet","imageList":"","content_source":null,"comments":null,"any_name":"Kelly","relation":-2,"liked":-4,"anonymity":1,"dislike_count":0}