{"id":43302,"author":null,"author_avatar_url":null,"author_id":6864,"author_status":1,"gmt_create":1665597824331,"gmt_modified":1665597824331,"content":"⚽️求珠海不错的理发店 \uD83D\uDE4F","title":"⚽️求珠海不错的理发店 \uD83D\uDE4F","description":"no description yet","like_count":0,"comment_count":1,"view_count":43,"type":"post","tag":"not tag yet","imageList":"","content_source":null,"comments":[{"id":165350,"parent_id":43302,"type":1,"commentor":842,"gmtCreate":null,"gmtModified":null,"like_count":0,"content":"W+CD，這個是我幾年裡唯一一家剪髮很滿意的\uD83D\uDE22","anonymity":1,"any_name":"四川麻辣烫","commentCount":null,"user":{"id":842,"name":"\uD83C\uDF80","avatar_url":"https://thirdwx.qlogo.cn/mmopen/vi_32/QBySItkygOaT4rVgFnKTjib8ouuTKSEl52qoPReYJHq4YzVibqsGIBYRfCGsYDeGH0BJlnIEWGMoiaEA7mq3qFVxw/132"},"isCommentLike":-5,"dislike_count":0}],"any_name":"哥斯拉","relation":-2,"liked":-4,"anonymity":1,"dislike_count":0}