{"id":43494,"author":null,"author_avatar_url":null,"author_id":5019,"author_status":1,"gmt_create":1665683337977,"gmt_modified":1665683337977,"content":"内地星巴克的卡里有钱在澳门可以直接用吗","title":"内地星巴克的卡里有钱在澳门可以直接用吗","description":"no description yet","like_count":0,"comment_count":4,"view_count":205,"type":"post","tag":"not tag yet","imageList":"","content_source":null,"comments":[{"id":166072,"parent_id":43494,"type":1,"commentor":604,"gmtCreate":null,"gmtModified":null,"like_count":1,"content":"不行 港澳的星巴克有港澳的卡","anonymity":1,"any_name":"葡挞","commentCount":null,"user":{"id":604,"name":"，，，，","avatar_url":"http://test01-20200725.oss-cn-shenzhen.aliyuncs.com/image/1631950746265.jpg?Expires=1947310739&OSSAccessKeyId=LTAI4G5RL7pjavqASCwc42kR&Signature=05c5Yh5RvG%2FIXvMEOsxW4D2eNkg%3D"},"isCommentLike":-5,"dislike_count":0},{"id":166043,"parent_id":43494,"type":1,"commentor":545,"gmtCreate":null,"gmtModified":null,"like_count":0,"content":"用不了 俩系统","anonymity":1,"any_name":"三鲜水饺","commentCount":null,"user":{"id":545,"name":"西湖醋鱼","avatar_url":"http://test01-20200725.oss-cn-shenzhen.aliyuncs.com/image/1631115728201.jpg?Expires=1946475722&OSSAccessKeyId=LTAI4G5RL7pjavqASCwc42kR&Signature=UPvd763ChK%2B7ND%2Fkycs4R%2FTEFvo%3D"},"isCommentLike":-5,"dislike_count":0},{"id":166225,"parent_id":166043,"type":2,"commentor":5019,"gmtCreate":null,"gmtModified":null,"like_count":0,"content":"好的谢谢","anonymity":1,"any_name":"网瘾少年","commentCount":null,"user":{"id":5019,"name":"U_687191647625","avatar_url":null},"isCommentLike":-5,"dislike_count":0},{"id":166227,"parent_id":166072,"type":2,"commentor":5019,"gmtCreate":null,"gmtModified":null,"like_count":0,"content":"好的好的谢谢\uD83D\uDE0A","anonymity":1,"any_name":"网瘾少年","commentCount":null,"user":{"id":5019,"name":"U_687191647625","avatar_url":null},"isCommentLike":-5,"dislike_count":0}],"any_name":"网瘾少年","relation":-2,"liked":-4,"anonymity":1,"dislike_count":0}