{"id":43569,"author":null,"author_avatar_url":null,"author_id":6018,"author_status":1,"gmt_create":1665730849075,"gmt_modified":1665730849075,"content":"想问一下科大医院看完病报销是报销什么啊？","title":"想问一下科大医院看完病报销是报销什么啊？","description":"no description yet","like_count":1,"comment_count":5,"view_count":155,"type":"post","tag":"not tag yet","imageList":"","content_source":null,"comments":[{"id":166244,"parent_id":43569,"type":1,"commentor":1937,"gmtCreate":null,"gmtModified":null,"like_count":0,"content":"报销脑子？姐姐还能报销啥呢？报销钱啊","anonymity":1,"any_name":"摆烂到底","commentCount":null,"user":{"id":1937,"name":"lalaland","avatar_url":"https://thirdwx.qlogo.cn/mmopen/vi_32/KAekqZfKap22uj0qCfsIplj7D0brX8ESf0oz3DH4pe5CER3W0N1sdqX588PnkVYRlcXzMkibPRwZRcCuky4qOzQ/132"},"isCommentLike":-5,"dislike_count":0},{"id":166249,"parent_id":43569,"type":1,"commentor":1864,"gmtCreate":null,"gmtModified":null,"like_count":0,"content":"要怎么报销啊 去学生事务处报销？还是去哪里报销","anonymity":1,"any_name":"Jerry","commentCount":null,"user":{"id":1864,"name":"鼠鼠","avatar_url":"http://test01-20200725.oss-cn-shenzhen.aliyuncs.com/image/1661703319698.jpg?Expires=1977063321&OSSAccessKeyId=LTAI4G5RL7pjavqASCwc42kR&Signature=QOmLE7ryxq7LMZ5yDvkLYNv%2F7ow%3D"},"isCommentLike":-5,"dislike_count":0},{"id":166393,"parent_id":43569,"type":1,"commentor":1625,"gmtCreate":null,"gmtModified":null,"like_count":0,"content":"付费的时候交学生卡，它自动给你报的，只需要交一点钱就行了，我当时200块医药费他划掉了150","anonymity":1,"any_name":"皮卡丘","commentCount":null,"user":{"id":1625,"name":"科大鸭.","avatar_url":"http://test01-20200725.oss-cn-shenzhen.aliyuncs.com/image/1664175722347.jpg?Expires=1979535721&OSSAccessKeyId=LTAI4G5RL7pjavqASCwc42kR&Signature=bZzkHddH8qgJtnN5pPlNQHqP6rI%3D"},"isCommentLike":-5,"dislike_count":0},{"id":166263,"parent_id":166244,"type":2,"commentor":1778,"gmtCreate":null,"gmtModified":null,"like_count":0,"content":"\uD83D\uDE05没事吧你。不知道有团体医疗保险啊","anonymity":1,"any_name":"水箭龟","commentCount":null,"user":{"id":1778,"name":"小青柠汁","avatar_url":"http://test01-20200725.oss-cn-shenzhen.aliyuncs.com/image/1659628760089.jpg?Expires=1974988754&OSSAccessKeyId=LTAI4G5RL7pjavqASCwc42kR&Signature=WSH5CfLgf1KNIcKkqWX%2BiidvhtE%3D"},"isCommentLike":-5,"dislike_count":0},{"id":166265,"parent_id":166244,"type":2,"commentor":9929,"gmtCreate":null,"gmtModified":null,"like_count":0,"content":"你倒是该报销一下脑子了\uD83D\uDE04","anonymity":1,"any_name":"奥利奥","commentCount":null,"user":{"id":9929,"name":"U_784431663257","avatar_url":null},"isCommentLike":-5,"dislike_count":0}],"any_name":"Tom","relation":-2,"liked":-4,"anonymity":1,"dislike_count":0}