{"id":43586,"author":null,"author_avatar_url":null,"author_id":1720,"author_status":1,"gmt_create":1665735028727,"gmt_modified":1665735028727,"content":"李玉溪老师的课这周线下是不是要演讲？","title":"李玉溪老师的课这周线下是不是要演讲？","description":"no description yet","like_count":0,"comment_count":3,"view_count":145,"type":"post","tag":"not tag yet","imageList":"","content_source":null,"comments":[{"id":166314,"parent_id":43586,"type":1,"commentor":1217,"gmtCreate":null,"gmtModified":null,"like_count":0,"content":"？不吧","anonymity":1,"any_name":"微积分","commentCount":null,"user":{"id":1217,"name":"T.10","avatar_url":"http://test01-20200725.oss-cn-shenzhen.aliyuncs.com/image/1666866099412.jpg?Expires=1982226091&OSSAccessKeyId=LTAI4G5RL7pjavqASCwc42kR&Signature=%2BX9Muc%2FXHuQf3zhd6RlaxFH1zY0%3D"},"isCommentLike":-5,"dislike_count":0},{"id":166332,"parent_id":166314,"type":2,"commentor":1720,"gmtCreate":null,"gmtModified":null,"like_count":0,"content":"明天上午的","anonymity":1,"any_name":"水箭龟","commentCount":null,"user":{"id":1720,"name":"炸雷","avatar_url":"http://test01-20200725.oss-cn-shenzhen.aliyuncs.com/image/1658245440373.jpg?Expires=1973605437&OSSAccessKeyId=LTAI4G5RL7pjavqASCwc42kR&Signature=NWzfgkQOGwDxn0D84UffTpsafqI%3D"},"isCommentLike":-5,"dislike_count":0},{"id":166335,"parent_id":166314,"type":2,"commentor":1720,"gmtCreate":null,"gmtModified":null,"like_count":0,"content":"确定没有嘛","anonymity":1,"any_name":"水箭龟","commentCount":null,"user":{"id":1720,"name":"炸雷","avatar_url":"http://test01-20200725.oss-cn-shenzhen.aliyuncs.com/image/1658245440373.jpg?Expires=1973605437&OSSAccessKeyId=LTAI4G5RL7pjavqASCwc42kR&Signature=NWzfgkQOGwDxn0D84UffTpsafqI%3D"},"isCommentLike":-5,"dislike_count":0}],"any_name":"水箭龟","relation":-2,"liked":-4,"anonymity":1,"dislike_count":0}