{"id":43705,"author":null,"author_avatar_url":null,"author_id":1806,"author_status":1,"gmt_create":1665748503992,"gmt_modified":1665748503992,"content":"求 宏观经济、企业法律环境、财会题库！","title":"求 宏观经济、企业法律环境、财会题库！","description":"no description yet","like_count":0,"comment_count":2,"view_count":47,"type":"post","tag":"not tag yet","imageList":"","content_source":null,"comments":[{"id":166819,"parent_id":43705,"type":1,"commentor":8776,"gmtCreate":null,"gmtModified":null,"like_count":0,"content":"出题库➕复习总结q：945469331","anonymity":0,"any_name":null,"commentCount":null,"user":{"id":8776,"name":"小黄鱼","avatar_url":"http://test01-20200725.oss-cn-shenzhen.aliyuncs.com/image/1666930112382.jpg?Expires=1982290106&OSSAccessKeyId=LTAI4G5RL7pjavqASCwc42kR&Signature=7fQvtQ8UWQb8USndtzFWK9r2bwI%3D"},"isCommentLike":-5,"dislike_count":0},{"id":166823,"parent_id":43705,"type":1,"commentor":607,"gmtCreate":null,"gmtModified":null,"like_count":0,"content":"上述A+ A- A 出笔记题库 q2771984577","anonymity":1,"any_name":"英国短毛猫","commentCount":null,"user":{"id":607,"name":"Krystalria_kwl","avatar_url":"https://thirdwx.qlogo.cn/mmopen/vi_32/2Iw3M4Myq6G7XV6SfV5TUVFUxJboWcb7iazOrJbeaAZxBkUzHUpHH3TNRX51gWXFFibpV2BNAGb1eHyJ3ryMgs0A/132"},"isCommentLike":-5,"dislike_count":0}],"any_name":"多喝热水","relation":-2,"liked":-4,"anonymity":1,"dislike_count":0}