{"id":4375,"author":"长庚管不着黄昏晓","author_avatar_url":"https://thirdwx.qlogo.cn/mmopen/vi_32/fJribhSdtng5F47ia4OQwvxAYyzLXibjSqdye1XfZhyJvyZlN4zOhvkYQ1oOELpJgA6UNiaYsCKGwBBVvic08zFaibgA/132","author_id":237,"author_status":1,"gmt_create":1636908941782,"gmt_modified":1636908941782,"content":"真的没有宝打算去看王晰个音嘛\uD83E\uDD7A\uD83E\uDD7A\uD83E\uDD7A","title":"真的没有宝打算去看王晰个音嘛\uD83E\uDD7A\uD83E\uDD7A\uD83E\uDD7A","description":"no description yet","like_count":1,"comment_count":7,"view_count":45,"type":"post","tag":"not tag yet","imageList":"","content_source":null,"comments":[{"id":15376,"parent_id":4375,"type":1,"commentor":618,"gmtCreate":null,"gmtModified":null,"like_count":0,"content":"在哪","anonymity":0,"any_name":null,"commentCount":null,"user":{"id":618,"name":"Madachudh（点单拍","avatar_url":"https://thirdwx.qlogo.cn/mmopen/vi_32/Q0j4TwGTfTJXZz2yX937PicSzMtrDYZ9fNBJIE3wlwK1Pr1xeVsiaG1ln1wjiceZiaNYNqxicIibE1JMLtrvTkcjuibWA/132"},"isCommentLike":-5,"dislike_count":0},{"id":15425,"parent_id":4375,"type":1,"commentor":89,"gmtCreate":null,"gmtModified":null,"like_count":0,"content":"在哪","anonymity":0,"any_name":null,"commentCount":null,"user":{"id":89,"name":"你的云小狗","avatar_url":"http://test01-20200725.oss-cn-shenzhen.aliyuncs.com/image/1636957061434.jpg?Expires=1952317054&OSSAccessKeyId=LTAI4G5RL7pjavqASCwc42kR&Signature=yfS7lWrmNonpuYSbi4t6CyWrN34%3D"},"isCommentLike":-5,"dislike_count":0},{"id":15459,"parent_id":4375,"type":1,"commentor":526,"gmtCreate":null,"gmtModified":null,"like_count":0,"content":"所以……是你吗x姐妹？","anonymity":0,"any_name":null,"commentCount":null,"user":{"id":526,"name":"科大神秘塔罗占卜师","avatar_url":"http://test01-20200725.oss-cn-shenzhen.aliyuncs.com/image/1631115815540.jpg?Expires=1946475809&OSSAccessKeyId=LTAI4G5RL7pjavqASCwc42kR&Signature=BWXAmLGDXf8UP9vdX0VjJygj%2B5c%3D"},"isCommentLike":-5,"dislike_count":0},{"id":15430,"parent_id":15425,"type":2,"commentor":237,"gmtCreate":null,"gmtModified":null,"like_count":0,"content":"广州","anonymity":0,"any_name":null,"commentCount":null,"user":{"id":237,"name":"长庚管不着黄昏晓","avatar_url":"https://thirdwx.qlogo.cn/mmopen/vi_32/fJribhSdtng5F47ia4OQwvxAYyzLXibjSqdye1XfZhyJvyZlN4zOhvkYQ1oOELpJgA6UNiaYsCKGwBBVvic08zFaibgA/132"},"isCommentLike":-5,"dislike_count":0},{"id":15431,"parent_id":15376,"type":2,"commentor":237,"gmtCreate":null,"gmtModified":null,"like_count":0,"content":"广州","anonymity":0,"any_name":null,"commentCount":null,"user":{"id":237,"name":"长庚管不着黄昏晓","avatar_url":"https://thirdwx.qlogo.cn/mmopen/vi_32/fJribhSdtng5F47ia4OQwvxAYyzLXibjSqdye1XfZhyJvyZlN4zOhvkYQ1oOELpJgA6UNiaYsCKGwBBVvic08zFaibgA/132"},"isCommentLike":-5,"dislike_count":0},{"id":15436,"parent_id":15431,"type":2,"commentor":618,"gmtCreate":null,"gmtModified":null,"like_count":0,"content":"什麼時候 購票渠道在哪啊 想去","anonymity":0,"any_name":null,"commentCount":null,"user":{"id":618,"name":"Madachudh（点单拍","avatar_url":"https://thirdwx.qlogo.cn/mmopen/vi_32/Q0j4TwGTfTJXZz2yX937PicSzMtrDYZ9fNBJIE3wlwK1Pr1xeVsiaG1ln1wjiceZiaNYNqxicIibE1JMLtrvTkcjuibWA/132"},"isCommentLike":-5,"dislike_count":0},{"id":15510,"parent_id":15436,"type":2,"commentor":237,"gmtCreate":null,"gmtModified":null,"like_count":0,"content":"中山纪念堂，剧院小程序和大麦都可以买票，今中午开票，演出时间是十二月四号晚上","anonymity":0,"any_name":null,"commentCount":null,"user":{"id":237,"name":"长庚管不着黄昏晓","avatar_url":"https://thirdwx.qlogo.cn/mmopen/vi_32/fJribhSdtng5F47ia4OQwvxAYyzLXibjSqdye1XfZhyJvyZlN4zOhvkYQ1oOELpJgA6UNiaYsCKGwBBVvic08zFaibgA/132"},"isCommentLike":-5,"dislike_count":0}],"any_name":null,"relation":-2,"liked":-4,"anonymity":0,"dislike_count":0}