{"id":43882,"author":"U_532011662464","author_avatar_url":null,"author_id":9824,"author_status":1,"gmt_create":1665811639460,"gmt_modified":1665811639460,"content":"请问有没有在b及c座底下领过澳门通的呀，到底是在哪里领，谢谢","title":"请问有没有在b及c座底下领过澳门通的呀，到底是在哪里领，谢谢","description":"no description yet","like_count":0,"comment_count":2,"view_count":88,"type":"post","tag":"not tag yet","imageList":"","content_source":null,"comments":[{"id":167603,"parent_id":43882,"type":1,"commentor":7694,"gmtCreate":null,"gmtModified":null,"like_count":0,"content":"b或者c大堂，进去很显眼，电梯旁边正对着保安座位有个小服务台，三四个蓝马甲的人，带好证件去拿就行啦","anonymity":0,"any_name":null,"commentCount":null,"user":{"id":7694,"name":"好想念啊","avatar_url":"http://test01-20200725.oss-cn-shenzhen.aliyuncs.com/image/1665504217796.unknown?Expires=1980864217&OSSAccessKeyId=LTAI4G5RL7pjavqASCwc42kR&Signature=gv2xY64eDq4pRmuRmsFhDm6lWlQ%3D"},"isCommentLike":-5,"dislike_count":0},{"id":167620,"parent_id":43882,"type":1,"commentor":950,"gmtCreate":null,"gmtModified":null,"like_count":0,"content":"711旁边","anonymity":1,"any_name":"拉面小路","commentCount":null,"user":{"id":950,"name":"嘉心糖今天吃什么","avatar_url":"http://test01-20200725.oss-cn-shenzhen.aliyuncs.com/image/1653601697278.gif?Expires=1968961688&OSSAccessKeyId=LTAI4G5RL7pjavqASCwc42kR&Signature=MJ1wFoThzUSd5vemDHpVKNWnCcA%3D"},"isCommentLike":-5,"dislike_count":0}],"any_name":null,"relation":-2,"liked":-4,"anonymity":0,"dislike_count":0}