{"id":43894,"author":"U_43131665587","author_avatar_url":null,"author_id":10396,"author_status":1,"gmt_create":1665816417838,"gmt_modified":1665816417838,"content":"收一张wtt23号决赛","title":"收一张wtt23号决赛","description":"no description yet","like_count":1,"comment_count":2,"view_count":58,"type":"post","tag":"not tag yet","imageList":"","content_source":null,"comments":[{"id":167686,"parent_id":43894,"type":1,"commentor":1727,"gmtCreate":null,"gmtModified":null,"like_count":0,"content":"冷知识，想要便宜的话下周去闲鱼看看，有的黄牛票烂手里会低价出\uD83E\uDD2B\uD83E\uDD2B\uD83E\uDD2B","anonymity":1,"any_name":"英国短毛猫","commentCount":null,"user":{"id":1727,"name":"葉泓荃","avatar_url":"https://thirdwx.qlogo.cn/mmopen/vi_32/n7yGP9Xwbic9FO8n1mFdR6F4RsVGYxWYpggnNGFibLEAeDUBsoT4e04jZpp2pmBKkfBDQ943PkjNpLibxYXmQLeKA/132"},"isCommentLike":-5,"dislike_count":0},{"id":167689,"parent_id":167686,"type":2,"commentor":10396,"gmtCreate":null,"gmtModified":null,"like_count":0,"content":"哈哈哈哈好，多谢兄die","anonymity":0,"any_name":null,"commentCount":null,"user":{"id":10396,"name":"U_43131665587","avatar_url":null},"isCommentLike":-5,"dislike_count":0}],"any_name":null,"relation":-2,"liked":-4,"anonymity":0,"dislike_count":0}