{"id":43928,"author":null,"author_avatar_url":null,"author_id":1671,"author_status":1,"gmt_create":1665824165599,"gmt_modified":1665824165599,"content":"有选数据新闻的学长学姐吗？这个分流专业怎么样呀","title":"有选数据新闻的学长学姐吗？这个分流专业怎么样呀","description":"no description yet","like_count":0,"comment_count":4,"view_count":123,"type":"post","tag":"not tag yet","imageList":"","content_source":null,"comments":[{"id":167781,"parent_id":43928,"type":1,"commentor":1364,"gmtCreate":null,"gmtModified":null,"like_count":0,"content":"蹲蹲，尊的很需要","anonymity":1,"any_name":"Redis设计与实现","commentCount":null,"user":{"id":1364,"name":"MONO","avatar_url":"http://test01-20200725.oss-cn-shenzhen.aliyuncs.com/image/1663137472065.jpg?Expires=1978497469&OSSAccessKeyId=LTAI4G5RL7pjavqASCwc42kR&Signature=n7r2UB1Fj4Hn7zXp5E%2BnlUU4izY%3D"},"isCommentLike":-5,"dislike_count":0},{"id":167783,"parent_id":43928,"type":1,"commentor":1306,"gmtCreate":null,"gmtModified":null,"like_count":0,"content":"蹲","anonymity":1,"any_name":"Tom","commentCount":null,"user":{"id":1306,"name":"B_bbbb","avatar_url":"https://thirdwx.qlogo.cn/mmopen/vi_32/xibMsa6uYPQ0OvBlLicOlPichMaLlCbXqiajGEqQL3VAVRSdxibFpp7PLz6RIuTm2gZc0bq6SKwKGxX2BAWgMCecSIA/132"},"isCommentLike":-5,"dislike_count":0},{"id":167844,"parent_id":43928,"type":1,"commentor":947,"gmtCreate":null,"gmtModified":null,"like_count":0,"content":"由亲爱的lxd老师负责\uD83D\uDE0A","anonymity":1,"any_name":"拱北吴彦祖","commentCount":null,"user":{"id":947,"name":"ディストーション","avatar_url":"http://test01-20200725.oss-cn-shenzhen.aliyuncs.com/image/1658221928465.jpg?Expires=1973581928&OSSAccessKeyId=LTAI4G5RL7pjavqASCwc42kR&Signature=LhAPiq9ADKhkKJzOKc%2FjOccbCxk%3D"},"isCommentLike":-5,"dislike_count":0},{"id":167874,"parent_id":167844,"type":2,"commentor":9832,"gmtCreate":null,"gmtModified":null,"like_count":0,"content":"那还是先跑了 天啊","anonymity":1,"any_name":"大潭山车队","commentCount":null,"user":{"id":9832,"name":"迷雾","avatar_url":null},"isCommentLike":-5,"dislike_count":0}],"any_name":"水箭龟","relation":-2,"liked":-4,"anonymity":1,"dislike_count":0}