{"id":44097,"author":null,"author_avatar_url":null,"author_id":9208,"author_status":1,"gmt_create":1665888929551,"gmt_modified":1665888929551,"content":"it康宇为连我家长都来问我, 什么学校牛马","title":"it康宇为连我家长都来问我, 什么学校牛马","description":"no description yet","like_count":3,"comment_count":2,"view_count":404,"type":"post","tag":"not tag yet","imageList":"","content_source":null,"comments":[{"id":168449,"parent_id":44097,"type":1,"commentor":10517,"gmtCreate":null,"gmtModified":null,"like_count":1,"content":"牛马人物\uD83D\uDC2E","anonymity":1,"any_name":"Kelly","commentCount":null,"user":{"id":10517,"name":"U_126941665845","avatar_url":null},"isCommentLike":-5,"dislike_count":0},{"id":168330,"parent_id":44097,"type":1,"commentor":9208,"gmtCreate":null,"gmtModified":null,"like_count":0,"content":"他是我们班的, 家长不知道从哪里也传到了","anonymity":1,"any_name":"Jerry","commentCount":null,"user":{"id":9208,"name":"旺旺\uD83D\uDC36","avatar_url":"http://test01-20200725.oss-cn-shenzhen.aliyuncs.com/image/1666803495735.jpg?Expires=1982163487&OSSAccessKeyId=LTAI4G5RL7pjavqASCwc42kR&Signature=JuKcNzn8f8dMx4NUNNiOHN8sN6A%3D"},"isCommentLike":-5,"dislike_count":0}],"any_name":"Jerry","relation":-2,"liked":-4,"anonymity":1,"dislike_count":0}