{"id":44202,"author":null,"author_avatar_url":null,"author_id":9926,"author_status":1,"gmt_create":1665913772844,"gmt_modified":1665913772844,"content":"现在还有蚊子吗？没有窗纱晚上不敢开窗…","title":"现在还有蚊子吗？没有窗纱晚上不敢开窗…","description":"no description yet","like_count":0,"comment_count":3,"view_count":50,"type":"post","tag":"not tag yet","imageList":"","content_source":null,"comments":[{"id":168730,"parent_id":44202,"type":1,"commentor":4442,"gmtCreate":null,"gmtModified":null,"like_count":0,"content":"有","anonymity":0,"any_name":null,"commentCount":null,"user":{"id":4442,"name":"伤心老银","avatar_url":"http://test01-20200725.oss-cn-shenzhen.aliyuncs.com/image/1650799878670.jpg?Expires=1966159872&OSSAccessKeyId=LTAI4G5RL7pjavqASCwc42kR&Signature=%2F4DlaOJRpfp%2B3HgFX0ffHtGBNS0%3D"},"isCommentLike":-5,"dislike_count":0},{"id":168745,"parent_id":44202,"type":1,"commentor":10406,"gmtCreate":null,"gmtModified":null,"like_count":0,"content":"有 昨天刚被咬","anonymity":1,"any_name":"三鲜水饺","commentCount":null,"user":{"id":10406,"name":"till","avatar_url":"http://test01-20200725.oss-cn-shenzhen.aliyuncs.com/image/1665641820882.jpg?Expires=1981001815&OSSAccessKeyId=LTAI4G5RL7pjavqASCwc42kR&Signature=GM3vDIEecXCgqUts5o7qFE9F8Ro%3D"},"isCommentLike":-5,"dislike_count":0},{"id":168964,"parent_id":44202,"type":1,"commentor":950,"gmtCreate":null,"gmtModified":null,"like_count":0,"content":"搁着裤子被咬了两包\uD83D\uDE2D\uD83D\uDE2D","anonymity":1,"any_name":"人生的智慧","commentCount":null,"user":{"id":950,"name":"嘉心糖今天吃什么","avatar_url":"http://test01-20200725.oss-cn-shenzhen.aliyuncs.com/image/1653601697278.gif?Expires=1968961688&OSSAccessKeyId=LTAI4G5RL7pjavqASCwc42kR&Signature=MJ1wFoThzUSd5vemDHpVKNWnCcA%3D"},"isCommentLike":-5,"dislike_count":0}],"any_name":"Anton","relation":-2,"liked":-4,"anonymity":1,"dislike_count":0}