{"id":44214,"author":null,"author_avatar_url":null,"author_id":9926,"author_status":1,"gmt_create":1665918469849,"gmt_modified":1665918469849,"content":"会计人毕业以后简历上是写 会计/工商管理（会计）/会计（工商管理）/工商管理   呢？","title":"会计人毕业以后简历上是写 会计/工商管理（会计）/会计（工商管理）/工商管理   呢？","description":"no description yet","like_count":0,"comment_count":1,"view_count":220,"type":"post","tag":"not tag yet","imageList":"","content_source":null,"comments":[{"id":168752,"parent_id":44214,"type":1,"commentor":1944,"gmtCreate":null,"gmtModified":null,"like_count":0,"content":"第二个","anonymity":1,"any_name":"微积分","commentCount":null,"user":{"id":1944,"name":"发","avatar_url":"https://thirdwx.qlogo.cn/mmopen/vi_32/Q3auHgzwzM6CnfHMVicMH4TNXL2bzn1r4MopU407VGiab5Ow2SoqwIxIe3HTqgicy968GezO1meWqDk0xUydv9jRA/132"},"isCommentLike":-5,"dislike_count":0}],"any_name":"Kelly","relation":-2,"liked":-4,"anonymity":1,"dislike_count":0}