{"id":44243,"author":"路过的淑女","author_avatar_url":null,"author_id":10499,"author_status":1,"gmt_create":1665927442509,"gmt_modified":1665927442509,"content":"大家可以推荐点咸味小零食吗？","title":"大家可以推荐点咸味小零食吗？","description":"no description yet","like_count":0,"comment_count":7,"view_count":129,"type":"post","tag":"not tag yet","imageList":"","content_source":null,"comments":[{"id":168876,"parent_id":44243,"type":1,"commentor":254,"gmtCreate":null,"gmtModified":null,"like_count":1,"content":"大鼻嘎（不是","anonymity":1,"any_name":"阿拉斯加猪","commentCount":null,"user":{"id":254,"name":"超人不会飞","avatar_url":"https://thirdwx.qlogo.cn/mmopen/vi_32/Q0j4TwGTfTJJIqnV1t5iaOItfKYvJJW68JsWPJrtb0DCf6MmmKNlNse2O8wPDxkMoguygwwsX9PXictI2DALHSzg/132"},"isCommentLike":-5,"dislike_count":0},{"id":168864,"parent_id":44243,"type":1,"commentor":884,"gmtCreate":null,"gmtModified":null,"like_count":0,"content":"脆升升蜂蜜黄油薯条\uD83C\uDF5F！","anonymity":0,"any_name":null,"commentCount":null,"user":{"id":884,"name":"野生雪人","avatar_url":"https://thirdwx.qlogo.cn/mmopen/vi_32/8a8mPjIM59wiaotosF3sgkOkPoEjdW3WKXrrnicYgZxicRUKfFl3XZ1WhvKsia3tibKSxvQjONYmhibSSVOeOo5WFKibg/132"},"isCommentLike":-5,"dislike_count":0},{"id":168884,"parent_id":44243,"type":1,"commentor":366,"gmtCreate":null,"gmtModified":null,"like_count":0,"content":"亿家馨鸭爪！高中一直吃\uD83D\uDE2D","anonymity":1,"any_name":"拱北快递员","commentCount":null,"user":{"id":366,"name":"和美女貼貼","avatar_url":"http://test01-20200725.oss-cn-shenzhen.aliyuncs.com/image/1663142907319.jpg?Expires=1978502904&OSSAccessKeyId=LTAI4G5RL7pjavqASCwc42kR&Signature=1JLyARGxgfYdi61y0XPh%2BQZidcE%3D"},"isCommentLike":-5,"dislike_count":0},{"id":169188,"parent_id":168876,"type":2,"commentor":10499,"gmtCreate":null,"gmtModified":null,"like_count":0,"content":"这是什么！","anonymity":0,"any_name":null,"commentCount":null,"user":{"id":10499,"name":"路过的淑女","avatar_url":null},"isCommentLike":-5,"dislike_count":0},{"id":169189,"parent_id":168864,"type":2,"commentor":10499,"gmtCreate":null,"gmtModified":null,"like_count":0,"content":"好的！谢谢你！","anonymity":0,"any_name":null,"commentCount":null,"user":{"id":10499,"name":"路过的淑女","avatar_url":null},"isCommentLike":-5,"dislike_count":0},{"id":169190,"parent_id":168884,"type":2,"commentor":10499,"gmtCreate":null,"gmtModified":null,"like_count":0,"content":"好的！谢谢你！","anonymity":0,"any_name":null,"commentCount":null,"user":{"id":10499,"name":"路过的淑女","avatar_url":null},"isCommentLike":-5,"dislike_count":0},{"id":169228,"parent_id":168864,"type":2,"commentor":10309,"gmtCreate":null,"gmtModified":null,"like_count":0,"content":"加一真的很好吃","anonymity":0,"any_name":null,"commentCount":null,"user":{"id":10309,"name":"U_172661665026","avatar_url":"http://test01-20200725.oss-cn-shenzhen.aliyuncs.com/image/1666707059945.jpg?Expires=1982067057&OSSAccessKeyId=LTAI4G5RL7pjavqASCwc42kR&Signature=lN0b6txntmVSQjzibRbTqZIC5NE%3D"},"isCommentLike":-5,"dislike_count":0}],"any_name":null,"relation":-2,"liked":-4,"anonymity":0,"dislike_count":0}