{"id":44351,"author":null,"author_avatar_url":null,"author_id":928,"author_status":1,"gmt_create":1665980125429,"gmt_modified":1665980125429,"content":"有偿求个代拿快递，在麦当劳那里帮忙拿就行，我下午三点半到学校去找你拿。你开价，十二点半拿，方便的话麻烦直接留个微信号","title":"有偿求个代拿快递，在麦当劳那里帮忙拿就行，我下午三点半到学校去找你拿。你开价，十二点半拿，方便的话麻烦直接留个微信号","description":"no description yet","like_count":0,"comment_count":1,"view_count":109,"type":"post","tag":"not tag yet","imageList":"","content_source":null,"comments":[{"id":169210,"parent_id":44351,"type":1,"commentor":928,"gmtCreate":null,"gmtModified":null,"like_count":0,"content":"p座麦当劳那里，他送过来你帮我拿一下就行\uD83D\uDE2D\uD83D\uDE2D请你吃饭也行，拜托了很急","anonymity":1,"any_name":"offer收割机","commentCount":null,"user":{"id":928,"name":"\uD83C\uDF4E","avatar_url":"https://thirdwx.qlogo.cn/mmopen/vi_32/dw6CkiaLXwTvwxQydO77iaxKp31fpkOpTUCxiayxjPMMPFQCyj0PKDx9JBb87ibkLBGv4S78CJpJrNIic8iaibwcmmq5w/132"},"isCommentLike":-5,"dislike_count":0}],"any_name":"offer收割机","relation":-2,"liked":-4,"anonymity":1,"dislike_count":0}