{"id":44428,"author":null,"author_avatar_url":null,"author_id":9207,"author_status":1,"gmt_create":1666002242149,"gmt_modified":1666002242149,"content":"大家可以祝福我和kyw吗\uD83E\uDD7A，3⃣️儿上位不容易\uD83E\uDD7A","title":"大家可以祝福我和kyw吗\uD83E\uDD7A，3⃣️儿上位不容易\uD83E\uDD7A","description":"no description yet","like_count":7,"comment_count":3,"view_count":393,"type":"post","tag":"not tag yet","imageList":"","content_source":null,"comments":[{"id":169555,"parent_id":44428,"type":1,"commentor":9208,"gmtCreate":null,"gmtModified":null,"like_count":1,"content":"谋划了那么久才上位啊","anonymity":1,"any_name":"拱北吴彦祖","commentCount":null,"user":{"id":9208,"name":"旺旺\uD83D\uDC36","avatar_url":"http://test01-20200725.oss-cn-shenzhen.aliyuncs.com/image/1666803495735.jpg?Expires=1982163487&OSSAccessKeyId=LTAI4G5RL7pjavqASCwc42kR&Signature=JuKcNzn8f8dMx4NUNNiOHN8sN6A%3D"},"isCommentLike":-5,"dislike_count":0},{"id":169564,"parent_id":44428,"type":1,"commentor":10517,"gmtCreate":null,"gmtModified":null,"like_count":0,"content":"之前骂kyw的也是你，一下子上位了\uD83E\uDD72","anonymity":1,"any_name":"拉面小路","commentCount":null,"user":{"id":10517,"name":"U_126941665845","avatar_url":null},"isCommentLike":-5,"dislike_count":0},{"id":169813,"parent_id":44428,"type":1,"commentor":10559,"gmtCreate":null,"gmtModified":null,"like_count":0,"content":"剑不剑啊？！做3⃣️还跑出来告诉全世界！","anonymity":0,"any_name":null,"commentCount":null,"user":{"id":10559,"name":"我丢拟娄牟嗨","avatar_url":"http://test01-20200725.oss-cn-shenzhen.aliyuncs.com/image/1666013096195.jpg?Expires=1981373087&OSSAccessKeyId=LTAI4G5RL7pjavqASCwc42kR&Signature=feoAxOzWh0cIQTpQXCIlFGBSi2Q%3D"},"isCommentLike":-5,"dislike_count":0}],"any_name":"摆烂到底","relation":-2,"liked":-4,"anonymity":1,"dislike_count":0}