{"id":44490,"author":"U_318301666013","author_avatar_url":null,"author_id":10560,"author_status":1,"gmt_create":1666013219006,"gmt_modified":1666013219006,"content":"求问这两天有没有可以接代寄的友友\uD83D\uDE4F\uD83D\uDE4F\uD83D\uDE4F","title":"求问这两天有没有可以接代寄的友友\uD83D\uDE4F\uD83D\uDE4F\uD83D\uDE4F","description":"no description yet","like_count":1,"comment_count":4,"view_count":48,"type":"post","tag":"not tag yet","imageList":"","content_source":null,"comments":[{"id":169814,"parent_id":44490,"type":1,"commentor":10494,"gmtCreate":null,"gmtModified":null,"like_count":0,"content":"要寄什么","anonymity":1,"any_name":"出前一丁","commentCount":null,"user":{"id":10494,"name":"室内杀我","avatar_url":"http://test01-20200725.oss-cn-shenzhen.aliyuncs.com/image/1665763908363.jpg?Expires=1981123903&OSSAccessKeyId=LTAI4G5RL7pjavqASCwc42kR&Signature=1UJikY9krFrUFhqOE1HZ2cB65SM%3D"},"isCommentLike":-5,"dislike_count":0},{"id":169815,"parent_id":44490,"type":1,"commentor":10494,"gmtCreate":null,"gmtModified":null,"like_count":0,"content":"大概多少钱","anonymity":1,"any_name":"出前一丁","commentCount":null,"user":{"id":10494,"name":"室内杀我","avatar_url":"http://test01-20200725.oss-cn-shenzhen.aliyuncs.com/image/1665763908363.jpg?Expires=1981123903&OSSAccessKeyId=LTAI4G5RL7pjavqASCwc42kR&Signature=1UJikY9krFrUFhqOE1HZ2cB65SM%3D"},"isCommentLike":-5,"dislike_count":0},{"id":169819,"parent_id":44490,"type":1,"commentor":1938,"gmtCreate":null,"gmtModified":null,"like_count":0,"content":"寄什么 周三可以寄","anonymity":1,"any_name":"鸡蛋仔","commentCount":null,"user":{"id":1938,"name":"路环保卫队","avatar_url":"http://test01-20200725.oss-cn-shenzhen.aliyuncs.com/image/1638284305997.jpg?Expires=1953644296&OSSAccessKeyId=LTAI4G5RL7pjavqASCwc42kR&Signature=fEh0QaTBUq%2B%2BSzjISns77jSy81Q%3D"},"isCommentLike":-5,"dislike_count":0},{"id":169824,"parent_id":44490,"type":1,"commentor":9613,"gmtCreate":null,"gmtModified":null,"like_count":0,"content":"我可以！","anonymity":0,"any_name":null,"commentCount":null,"user":{"id":9613,"name":"背包。","avatar_url":"http://test01-20200725.oss-cn-shenzhen.aliyuncs.com/image/1665414579737.jpg?Expires=1980774572&OSSAccessKeyId=LTAI4G5RL7pjavqASCwc42kR&Signature=WFm22S6iHaosKJFKZwK%2FhIVT%2BFU%3D"},"isCommentLike":-5,"dislike_count":0}],"any_name":null,"relation":-2,"liked":-4,"anonymity":0,"dislike_count":0}