{"id":44756,"author":null,"author_avatar_url":null,"author_id":1220,"author_status":1,"gmt_create":1666090259817,"gmt_modified":1666090259817,"content":"有大四还能住校内宿舍的同学吗","title":"有大四还能住校内宿舍的同学吗","description":"no description yet","like_count":0,"comment_count":4,"view_count":325,"type":"post","tag":"not tag yet","imageList":"","content_source":null,"comments":[{"id":170587,"parent_id":44756,"type":1,"commentor":937,"gmtCreate":null,"gmtModified":null,"like_count":1,"content":"可以做到，但至少住过qth单人间就不会想跟别人挤一间了","anonymity":1,"any_name":"offer收割机","commentCount":null,"user":{"id":937,"name":"Paprika","avatar_url":"https://thirdwx.qlogo.cn/mmopen/vi_32/DYAIOgq83erXO0Hibm3qJlZAq1DEuggbNcFD7NCFFzJrk2VLe4pHwHvbA8JuV9oOibd44ibYWvprax9F18Ank1eibw/132"},"isCommentLike":-5,"dislike_count":0},{"id":170583,"parent_id":44756,"type":1,"commentor":1535,"gmtCreate":null,"gmtModified":null,"like_count":0,"content":"有","anonymity":1,"any_name":"GRE精选","commentCount":null,"user":{"id":1535,"name":"L1","avatar_url":"http://test01-20200725.oss-cn-shenzhen.aliyuncs.com/image/1665746996924.jpg?Expires=1981106992&OSSAccessKeyId=LTAI4G5RL7pjavqASCwc42kR&Signature=GlDWf%2FYFomZfpVzvTV3kkTcbiIo%3D"},"isCommentLike":-5,"dislike_count":0},{"id":170882,"parent_id":44756,"type":1,"commentor":8446,"gmtCreate":null,"gmtModified":null,"like_count":0,"content":"有","anonymity":1,"any_name":"网瘾少年","commentCount":null,"user":{"id":8446,"name":"ƪ(˘⌣˘)ʃ","avatar_url":null},"isCommentLike":-5,"dislike_count":0},{"id":171127,"parent_id":44756,"type":1,"commentor":6244,"gmtCreate":null,"gmtModified":null,"like_count":0,"content":"什么样的人可以一直住学校里？","anonymity":1,"any_name":"深海鳕鱼堡","commentCount":null,"user":{"id":6244,"name":"呀哈","avatar_url":null},"isCommentLike":-5,"dislike_count":0}],"any_name":"咖哩鱼蛋","relation":-2,"liked":-4,"anonymity":1,"dislike_count":0}