{"id":44869,"author":null,"author_avatar_url":null,"author_id":10588,"author_status":1,"gmt_create":1666111385408,"gmt_modified":1666111385408,"content":"话说，科大有玩r6的吗","title":"话说，科大有玩r6的吗","description":"no description yet","like_count":0,"comment_count":5,"view_count":161,"type":"post","tag":"not tag yet","imageList":"","content_source":null,"comments":[{"id":171096,"parent_id":44869,"type":1,"commentor":9128,"gmtCreate":null,"gmtModified":null,"like_count":0,"content":"有 但玩的太菜不好意思见人lol","anonymity":1,"any_name":"沊仔刘亦菲","commentCount":null,"user":{"id":9128,"name":"U_149711653779","avatar_url":null},"isCommentLike":-5,"dislike_count":0},{"id":171107,"parent_id":44869,"type":1,"commentor":682,"gmtCreate":null,"gmtModified":null,"like_count":0,"content":"19年我们还有个r6群，但是现在都死群了，discord频道也不怎么说话了","anonymity":0,"any_name":null,"commentCount":null,"user":{"id":682,"name":"~Xenon~","avatar_url":"http://test01-20200725.oss-cn-shenzhen.aliyuncs.com/image/1662451495431.gif?Expires=1977811496&OSSAccessKeyId=LTAI4G5RL7pjavqASCwc42kR&Signature=tLEL737zMefpEHXZzQlS%2Bxz88Ts%3D"},"isCommentLike":-5,"dislike_count":0},{"id":171109,"parent_id":44869,"type":1,"commentor":1535,"gmtCreate":null,"gmtModified":null,"like_count":0,"content":"19年刚来科大的时候猛玩 现在就和守望一样 是我的回忆了","anonymity":1,"any_name":"哈士奇","commentCount":null,"user":{"id":1535,"name":"L1","avatar_url":"http://test01-20200725.oss-cn-shenzhen.aliyuncs.com/image/1665746996924.jpg?Expires=1981106992&OSSAccessKeyId=LTAI4G5RL7pjavqASCwc42kR&Signature=GlDWf%2FYFomZfpVzvTV3kkTcbiIo%3D"},"isCommentLike":-5,"dislike_count":0},{"id":171177,"parent_id":44869,"type":1,"commentor":10510,"gmtCreate":null,"gmtModified":null,"like_count":0,"content":"白金哥在此","anonymity":1,"any_name":"Anton","commentCount":null,"user":{"id":10510,"name":"U_512751665834","avatar_url":null},"isCommentLike":-5,"dislike_count":0},{"id":171316,"parent_id":171177,"type":2,"commentor":10588,"gmtCreate":null,"gmtModified":null,"like_count":0,"content":"\uD83D\uDC2E哇，我万年黄金白银hhh","anonymity":0,"any_name":null,"commentCount":null,"user":{"id":10588,"name":"JQ","avatar_url":"http://test01-20200725.oss-cn-shenzhen.aliyuncs.com/image/1666110936826.jpg?Expires=1981470933&OSSAccessKeyId=LTAI4G5RL7pjavqASCwc42kR&Signature=2XjNMVu%2FB%2Fr4XOPnx%2FOCPZS%2BeWA%3D"},"isCommentLike":-5,"dislike_count":0}],"any_name":"哈士奇","relation":-2,"liked":-4,"anonymity":1,"dislike_count":0}