{"id":44886,"author":null,"author_avatar_url":null,"author_id":550,"author_status":1,"gmt_create":1666119395605,"gmt_modified":1666119395605,"content":"喵的，睡不着","title":"喵的，睡不着","description":"no description yet","like_count":2,"comment_count":5,"view_count":80,"type":"post","tag":"not tag yet","imageList":"","content_source":null,"comments":[{"id":171140,"parent_id":44886,"type":1,"commentor":1720,"gmtCreate":null,"gmtModified":null,"like_count":0,"content":"喵的 我也睡不着","anonymity":1,"any_name":"拱北吴彦祖","commentCount":null,"user":{"id":1720,"name":"炸雷","avatar_url":"http://test01-20200725.oss-cn-shenzhen.aliyuncs.com/image/1658245440373.jpg?Expires=1973605437&OSSAccessKeyId=LTAI4G5RL7pjavqASCwc42kR&Signature=NWzfgkQOGwDxn0D84UffTpsafqI%3D"},"isCommentLike":-5,"dislike_count":0},{"id":171142,"parent_id":44886,"type":1,"commentor":10382,"gmtCreate":null,"gmtModified":null,"like_count":0,"content":"我也是","anonymity":0,"any_name":null,"commentCount":null,"user":{"id":10382,"name":"U_51801665506","avatar_url":null},"isCommentLike":-5,"dislike_count":0},{"id":171145,"parent_id":44886,"type":1,"commentor":10320,"gmtCreate":null,"gmtModified":null,"like_count":0,"content":"想睡 还没睡","anonymity":1,"any_name":"奥利奥","commentCount":null,"user":{"id":10320,"name":"U_67541665068","avatar_url":null},"isCommentLike":-5,"dislike_count":0},{"id":171155,"parent_id":44886,"type":1,"commentor":1631,"gmtCreate":null,"gmtModified":null,"like_count":0,"content":"吃太辣了，胃疼得睡不着\uD83D\uDE2D","anonymity":1,"any_name":"offer收割机","commentCount":null,"user":{"id":1631,"name":"G7猫很担心你","avatar_url":"https://thirdwx.qlogo.cn/mmopen/vi_32/Q0j4TwGTfTJPMOZiaX7hTw8Ofq8PpCk1fxxJCJd6bnHUKatW0PtpBbLTB9AMRfaibPMM3bTzFibqUUuRgUpkByMPg/132"},"isCommentLike":-5,"dislike_count":0},{"id":171164,"parent_id":44886,"type":1,"commentor":550,"gmtCreate":null,"gmtModified":null,"like_count":0,"content":"喵的，起床上早九","anonymity":1,"any_name":"三鲜水饺","commentCount":null,"user":{"id":550,"name":"W","avatar_url":"https://thirdwx.qlogo.cn/mmopen/vi_32/DYAIOgq83er3Oo2kKcJclA3hk1Sicv8zckVcQ4HdfaOd9IEGYoOrY8jDkZHtHCCRwqNaXGicN1tFia91gU8eAc9BQ/132"},"isCommentLike":-5,"dislike_count":0}],"any_name":"三鲜水饺","relation":-2,"liked":-4,"anonymity":1,"dislike_count":0}