{"id":44994,"author":null,"author_avatar_url":null,"author_id":9695,"author_status":1,"gmt_create":1666164023984,"gmt_modified":1666164023984,"content":"想问一下转专业的朋友们，转专业的申请单是只能明确转一个还是像高考一样可以填好几个啊","title":"想问一下转专业的朋友们，转专业的申请单是只能明确转一个还是像高考一样可以填好几个啊","description":"no description yet","like_count":0,"comment_count":1,"view_count":152,"type":"post","tag":"not tag yet","imageList":"","content_source":null,"comments":[{"id":171449,"parent_id":44994,"type":1,"commentor":596,"gmtCreate":null,"gmtModified":null,"like_count":0,"content":"1","anonymity":1,"any_name":"四川麻辣烫","commentCount":null,"user":{"id":596,"name":"momo","avatar_url":"https://thirdwx.qlogo.cn/mmopen/vi_32/Q3auHgzwzM7ibGoKPZ1KWk4qfaC3dkBgpUVHibnyAs7OsyCLWhvBzbbIERHS8FRX1VcjfOnictGzib09zfXABCG2Yw/132"},"isCommentLike":-5,"dislike_count":0}],"any_name":"拉面小路","relation":-2,"liked":-4,"anonymity":1,"dislike_count":0}