{"id":45002,"author":null,"author_avatar_url":null,"author_id":450,"author_status":1,"gmt_create":1666165425965,"gmt_modified":1666165425965,"content":"好","title":"好","description":"no description yet","like_count":21,"comment_count":10,"view_count":704,"type":"post","tag":"not tag yet","imageList":"http://test01-20200725.oss-cn-shenzhen.aliyuncs.com/image/1666165421468.jpg?Expires=1981525420&OSSAccessKeyId=LTAI4G5RL7pjavqASCwc42kR&Signature=kzAHcuSk%2FGt%2FZXe6Dte1otV7z4c%3D","content_source":null,"comments":[{"id":171487,"parent_id":45002,"type":1,"commentor":676,"gmtCreate":null,"gmtModified":null,"like_count":2,"content":"那男的竟然有34？看不出来呀","anonymity":0,"any_name":null,"commentCount":null,"user":{"id":676,"name":"和","avatar_url":"http://test01-20200725.oss-cn-shenzhen.aliyuncs.com/image/1631153037917.jpg?Expires=1946513033&OSSAccessKeyId=LTAI4G5RL7pjavqASCwc42kR&Signature=ySd5Qh4cyvb%2FyrBI8w3nFuAmR6Y%3D"},"isCommentLike":-5,"dislike_count":0},{"id":171503,"parent_id":45002,"type":1,"commentor":71,"gmtCreate":null,"gmtModified":null,"like_count":1,"content":"好死","anonymity":1,"any_name":"拱北快递员","commentCount":null,"user":{"id":71,"name":"一支\uD83C\uDF4B茶","avatar_url":"http://test01-20200725.oss-cn-shenzhen.aliyuncs.com/image/1665761422653.jpg?Expires=1981121423&OSSAccessKeyId=LTAI4G5RL7pjavqASCwc42kR&Signature=HKm6K%2Fep6pjNO1GYdhmExFTk7rM%3D"},"isCommentLike":-5,"dislike_count":0},{"id":171480,"parent_id":45002,"type":1,"commentor":10010,"gmtCreate":null,"gmtModified":null,"like_count":0,"content":"！在哪里看","anonymity":1,"any_name":"皮卡丘","commentCount":null,"user":{"id":10010,"name":"火炙三文鱼","avatar_url":null},"isCommentLike":-5,"dislike_count":0},{"id":171481,"parent_id":45002,"type":1,"commentor":10025,"gmtCreate":null,"gmtModified":null,"like_count":0,"content":"好","anonymity":1,"any_name":"老板","commentCount":null,"user":{"id":10025,"name":"蟹酿橙","avatar_url":"http://test01-20200725.oss-cn-shenzhen.aliyuncs.com/image/1664182982046.jpg?Expires=1979542975&OSSAccessKeyId=LTAI4G5RL7pjavqASCwc42kR&Signature=8Thypvf0YGGS2KxPPQTRQMRsMxs%3D"},"isCommentLike":-5,"dislike_count":0},{"id":171495,"parent_id":45002,"type":1,"commentor":1727,"gmtCreate":null,"gmtModified":null,"like_count":0,"content":"漂亮！","anonymity":1,"any_name":"offer收割机","commentCount":null,"user":{"id":1727,"name":"葉泓荃","avatar_url":"https://thirdwx.qlogo.cn/mmopen/vi_32/n7yGP9Xwbic9FO8n1mFdR6F4RsVGYxWYpggnNGFibLEAeDUBsoT4e04jZpp2pmBKkfBDQ943PkjNpLibxYXmQLeKA/132"},"isCommentLike":-5,"dislike_count":0},{"id":171517,"parent_id":45002,"type":1,"commentor":1938,"gmtCreate":null,"gmtModified":null,"like_count":0,"content":"哎不是说是本校it学生吗","anonymity":1,"any_name":"多喝热水","commentCount":null,"user":{"id":1938,"name":"路环保卫队","avatar_url":"http://test01-20200725.oss-cn-shenzhen.aliyuncs.com/image/1638284305997.jpg?Expires=1953644296&OSSAccessKeyId=LTAI4G5RL7pjavqASCwc42kR&Signature=fEh0QaTBUq%2B%2BSzjISns77jSy81Q%3D"},"isCommentLike":-5,"dislike_count":0},{"id":171537,"parent_id":45002,"type":1,"commentor":10022,"gmtCreate":null,"gmtModified":null,"like_count":0,"content":"好似","anonymity":1,"any_name":"摆烂到底","commentCount":null,"user":{"id":10022,"name":"马家坡战士","avatar_url":"http://test01-20200725.oss-cn-shenzhen.aliyuncs.com/image/1663674907468.png?Expires=1979034902&OSSAccessKeyId=LTAI4G5RL7pjavqASCwc42kR&Signature=JIQP7ggToteyiJZlQpNLuRE0Dxg%3D"},"isCommentLike":-5,"dislike_count":0},{"id":171671,"parent_id":45002,"type":1,"commentor":760,"gmtCreate":null,"gmtModified":null,"like_count":0,"content":"否認作案，哈哈\uD83D\uDE04","anonymity":0,"any_name":null,"commentCount":null,"user":{"id":760,"name":"锦鲤","avatar_url":"http://test01-20200725.oss-cn-shenzhen.aliyuncs.com/image/1664985027975.jpg?Expires=1980345024&OSSAccessKeyId=LTAI4G5RL7pjavqASCwc42kR&Signature=TxlT7li9egNAOjfUNlPdQxV6l0s%3D"},"isCommentLike":-5,"dislike_count":0},{"id":171488,"parent_id":171480,"type":2,"commentor":676,"gmtCreate":null,"gmtModified":null,"like_count":0,"content":"澳门日报","anonymity":0,"any_name":null,"commentCount":null,"user":{"id":676,"name":"和","avatar_url":"http://test01-20200725.oss-cn-shenzhen.aliyuncs.com/image/1631153037917.jpg?Expires=1946513033&OSSAccessKeyId=LTAI4G5RL7pjavqASCwc42kR&Signature=ySd5Qh4cyvb%2FyrBI8w3nFuAmR6Y%3D"},"isCommentLike":-5,"dislike_count":0},{"id":171519,"parent_id":171517,"type":2,"commentor":10010,"gmtCreate":null,"gmtModified":null,"like_count":0,"content":"那个是这件事发后口嗨辱女的","anonymity":1,"any_name":"皮卡丘","commentCount":null,"user":{"id":10010,"name":"火炙三文鱼","avatar_url":null},"isCommentLike":-5,"dislike_count":0}],"any_name":"允指原味鸡","relation":-2,"liked":-4,"anonymity":1,"dislike_count":0}