{"id":45055,"author":"夏莱的老师","author_avatar_url":"http://test01-20200725.oss-cn-shenzhen.aliyuncs.com/image/1666177599762.jpg?Expires=1981537592&OSSAccessKeyId=LTAI4G5RL7pjavqASCwc42kR&Signature=Gg5IDwKWfLLFJ8hYrlcBUbZodSc%3D","author_id":10604,"author_status":1,"gmt_create":1666178847462,"gmt_modified":1666178847462,"content":"科大快乐群2.0，上个版本炸了，群号：470391596","title":"科大快乐群2.0，上个版本炸了，群号：470391596","description":"no description yet","like_count":1,"comment_count":18,"view_count":331,"type":"post","tag":"not tag yet","imageList":"","content_source":null,"comments":[{"id":171697,"parent_id":45055,"type":1,"commentor":10378,"gmtCreate":null,"gmtModified":null,"like_count":1,"content":"快乐群是啥","anonymity":1,"any_name":"内卷狂魔","commentCount":null,"user":{"id":10378,"name":"西關Yang少","avatar_url":null},"isCommentLike":-5,"dislike_count":0},{"id":171701,"parent_id":45055,"type":1,"commentor":384,"gmtCreate":null,"gmtModified":null,"like_count":1,"content":"答应我，不爱国请划走","anonymity":0,"any_name":null,"commentCount":null,"user":{"id":384,"name":"横琴吴京","avatar_url":"http://test01-20200725.oss-cn-shenzhen.aliyuncs.com/image/1661919202329.jpg?Expires=1977279192&OSSAccessKeyId=LTAI4G5RL7pjavqASCwc42kR&Signature=GsJb5eqT0vgdcFhorLPoGaDTkZQ%3D"},"isCommentLike":-5,"dislike_count":0},{"id":171714,"parent_id":45055,"type":1,"commentor":10466,"gmtCreate":null,"gmtModified":null,"like_count":0,"content":"搜不到！","anonymity":0,"any_name":null,"commentCount":null,"user":{"id":10466,"name":"水草","avatar_url":"http://test01-20200725.oss-cn-shenzhen.aliyuncs.com/image/1665753157724.jpg?Expires=1981113148&OSSAccessKeyId=LTAI4G5RL7pjavqASCwc42kR&Signature=c5CoUqZNfGZo47ts6UKHQ6arGqo%3D"},"isCommentLike":-5,"dislike_count":0},{"id":171715,"parent_id":45055,"type":1,"commentor":1498,"gmtCreate":null,"gmtModified":null,"like_count":0,"content":"二次元下头\uD83D\uDE13","anonymity":0,"any_name":null,"commentCount":null,"user":{"id":1498,"name":"IOS boy","avatar_url":"https://thirdwx.qlogo.cn/mmopen/vi_32/zpgNDX8G56KGz1yrlebS1wyJsUk3ThEaGkldNSJZ9SY5dNeIR3LjdMh37yBuHTdy9RKt78RULOeaBO39Hic8yaQ/132"},"isCommentLike":-5,"dislike_count":0},{"id":171716,"parent_id":45055,"type":1,"commentor":10582,"gmtCreate":null,"gmtModified":null,"like_count":0,"content":"qq群？","anonymity":1,"any_name":"英国短毛猫","commentCount":null,"user":{"id":10582,"name":"U_68191666097","avatar_url":null},"isCommentLike":-5,"dislike_count":0},{"id":171717,"parent_id":45055,"type":1,"commentor":6937,"gmtCreate":null,"gmtModified":null,"like_count":0,"content":"求二维码","anonymity":1,"any_name":"芋圆奶茶","commentCount":null,"user":{"id":6937,"name":"-----","avatar_url":null},"isCommentLike":-5,"dislike_count":0},{"id":171723,"parent_id":45055,"type":1,"commentor":10362,"gmtCreate":null,"gmtModified":null,"like_count":0,"content":"搜不到","anonymity":0,"any_name":null,"commentCount":null,"user":{"id":10362,"name":"小羊驼","avatar_url":"http://test01-20200725.oss-cn-shenzhen.aliyuncs.com/image/1665383675211.jpg?Expires=1980743669&OSSAccessKeyId=LTAI4G5RL7pjavqASCwc42kR&Signature=jGCZFPGMmAUKu3Tnz9vW%2FFC0nWE%3D"},"isCommentLike":-5,"dislike_count":0},{"id":171732,"parent_id":45055,"type":1,"commentor":1772,"gmtCreate":null,"gmtModified":null,"like_count":0,"content":"搜不到","anonymity":1,"any_name":"阿拉斯加猪","commentCount":null,"user":{"id":1772,"name":"Belove.","avatar_url":"https://thirdwx.qlogo.cn/mmopen/vi_32/PiajxSqBRaEIqgQRjZ1OPTiaQqkSjIm9vgnC9hde839dCa7palDd29eIPUv7z0shjqyAO5X0ZXsrj1xkLZu9UPuw/132"},"isCommentLike":-5,"dislike_count":0},{"id":171733,"parent_id":45055,"type":1,"commentor":9369,"gmtCreate":null,"gmtModified":null,"like_count":0,"content":"有没有op啊","anonymity":1,"any_name":"GRE精选","commentCount":null,"user":{"id":9369,"name":"仿生丁真梦见电子珍珠","avatar_url":"http://test01-20200725.oss-cn-shenzhen.aliyuncs.com/image/1658976760258.gif?Expires=1974336781&OSSAccessKeyId=LTAI4G5RL7pjavqASCwc42kR&Signature=IkHJykN03nLTtw0bj3v3hUCfzPA%3D"},"isCommentLike":-5,"dislike_count":0},{"id":171704,"parent_id":171701,"type":2,"commentor":9864,"gmtCreate":null,"gmtModified":null,"like_count":0,"content":"群u来力","anonymity":1,"any_name":"大潭山车队","commentCount":null,"user":{"id":9864,"name":"617:729128","avatar_url":null},"isCommentLike":-5,"dislike_count":0},{"id":171705,"parent_id":171697,"type":2,"commentor":10604,"gmtCreate":null,"gmtModified":null,"like_count":0,"content":"加群有提问，看了就知道","anonymity":0,"any_name":null,"commentCount":null,"user":{"id":10604,"name":"夏莱的老师","avatar_url":"http://test01-20200725.oss-cn-shenzhen.aliyuncs.com/image/1666177599762.jpg?Expires=1981537592&OSSAccessKeyId=LTAI4G5RL7pjavqASCwc42kR&Signature=Gg5IDwKWfLLFJ8hYrlcBUbZodSc%3D"},"isCommentLike":-5,"dislike_count":0},{"id":174680,"parent_id":171733,"type":2,"commentor":10604,"gmtCreate":null,"gmtModified":null,"like_count":0,"content":"很多捏","anonymity":0,"any_name":null,"commentCount":null,"user":{"id":10604,"name":"夏莱的老师","avatar_url":"http://test01-20200725.oss-cn-shenzhen.aliyuncs.com/image/1666177599762.jpg?Expires=1981537592&OSSAccessKeyId=LTAI4G5RL7pjavqASCwc42kR&Signature=Gg5IDwKWfLLFJ8hYrlcBUbZodSc%3D"},"isCommentLike":-5,"dislike_count":0},{"id":174681,"parent_id":171732,"type":2,"commentor":10604,"gmtCreate":null,"gmtModified":null,"like_count":0,"content":"输错了吧","anonymity":0,"any_name":null,"commentCount":null,"user":{"id":10604,"name":"夏莱的老师","avatar_url":"http://test01-20200725.oss-cn-shenzhen.aliyuncs.com/image/1666177599762.jpg?Expires=1981537592&OSSAccessKeyId=LTAI4G5RL7pjavqASCwc42kR&Signature=Gg5IDwKWfLLFJ8hYrlcBUbZodSc%3D"},"isCommentLike":-5,"dislike_count":0},{"id":174682,"parent_id":171723,"type":2,"commentor":10604,"gmtCreate":null,"gmtModified":null,"like_count":0,"content":"输错了吧","anonymity":0,"any_name":null,"commentCount":null,"user":{"id":10604,"name":"夏莱的老师","avatar_url":"http://test01-20200725.oss-cn-shenzhen.aliyuncs.com/image/1666177599762.jpg?Expires=1981537592&OSSAccessKeyId=LTAI4G5RL7pjavqASCwc42kR&Signature=Gg5IDwKWfLLFJ8hYrlcBUbZodSc%3D"},"isCommentLike":-5,"dislike_count":0},{"id":174683,"parent_id":171717,"type":2,"commentor":10604,"gmtCreate":null,"gmtModified":null,"like_count":0,"content":"要回答问题才行","anonymity":0,"any_name":null,"commentCount":null,"user":{"id":10604,"name":"夏莱的老师","avatar_url":"http://test01-20200725.oss-cn-shenzhen.aliyuncs.com/image/1666177599762.jpg?Expires=1981537592&OSSAccessKeyId=LTAI4G5RL7pjavqASCwc42kR&Signature=Gg5IDwKWfLLFJ8hYrlcBUbZodSc%3D"},"isCommentLike":-5,"dislike_count":0},{"id":174684,"parent_id":171716,"type":2,"commentor":10604,"gmtCreate":null,"gmtModified":null,"like_count":0,"content":"是","anonymity":0,"any_name":null,"commentCount":null,"user":{"id":10604,"name":"夏莱的老师","avatar_url":"http://test01-20200725.oss-cn-shenzhen.aliyuncs.com/image/1666177599762.jpg?Expires=1981537592&OSSAccessKeyId=LTAI4G5RL7pjavqASCwc42kR&Signature=Gg5IDwKWfLLFJ8hYrlcBUbZodSc%3D"},"isCommentLike":-5,"dislike_count":0},{"id":174685,"parent_id":171714,"type":2,"commentor":10604,"gmtCreate":null,"gmtModified":null,"like_count":0,"content":"重搜！","anonymity":0,"any_name":null,"commentCount":null,"user":{"id":10604,"name":"夏莱的老师","avatar_url":"http://test01-20200725.oss-cn-shenzhen.aliyuncs.com/image/1666177599762.jpg?Expires=1981537592&OSSAccessKeyId=LTAI4G5RL7pjavqASCwc42kR&Signature=Gg5IDwKWfLLFJ8hYrlcBUbZodSc%3D"},"isCommentLike":-5,"dislike_count":0},{"id":174686,"parent_id":171715,"type":2,"commentor":10604,"gmtCreate":null,"gmtModified":null,"like_count":0,"content":"\uD83D\uDE0B","anonymity":0,"any_name":null,"commentCount":null,"user":{"id":10604,"name":"夏莱的老师","avatar_url":"http://test01-20200725.oss-cn-shenzhen.aliyuncs.com/image/1666177599762.jpg?Expires=1981537592&OSSAccessKeyId=LTAI4G5RL7pjavqASCwc42kR&Signature=Gg5IDwKWfLLFJ8hYrlcBUbZodSc%3D"},"isCommentLike":-5,"dislike_count":0}],"any_name":null,"relation":-2,"liked":-4,"anonymity":0,"dislike_count":0}