{"id":45110,"author":null,"author_avatar_url":null,"author_id":10608,"author_status":1,"gmt_create":1666189019011,"gmt_modified":1666189019011,"content":"学长学姐，想问问我们学校优秀生有奖学金拿吗","title":"学长学姐，想问问我们学校优秀生有奖学金拿吗","description":"no description yet","like_count":0,"comment_count":1,"view_count":251,"type":"post","tag":"not tag yet","imageList":"","content_source":null,"comments":[{"id":171915,"parent_id":45110,"type":1,"commentor":71,"gmtCreate":null,"gmtModified":null,"like_count":0,"content":"前三有","anonymity":1,"any_name":"哥斯拉","commentCount":null,"user":{"id":71,"name":"一支\uD83C\uDF4B茶","avatar_url":"http://test01-20200725.oss-cn-shenzhen.aliyuncs.com/image/1665761422653.jpg?Expires=1981121423&OSSAccessKeyId=LTAI4G5RL7pjavqASCwc42kR&Signature=HKm6K%2Fep6pjNO1GYdhmExFTk7rM%3D"},"isCommentLike":-5,"dislike_count":0}],"any_name":"微积分","relation":-2,"liked":-4,"anonymity":1,"dislike_count":0}