{"id":45239,"author":null,"author_avatar_url":null,"author_id":6018,"author_status":1,"gmt_create":1666247491070,"gmt_modified":1666247491070,"content":"萌新想问一下宿舍签到甲乙丙等级会影响什么啊","title":"萌新想问一下宿舍签到甲乙丙等级会影响什么啊","description":"no description yet","like_count":0,"comment_count":7,"view_count":305,"type":"post","tag":"not tag yet","imageList":"","content_source":null,"comments":[{"id":172319,"parent_id":45239,"type":1,"commentor":6780,"gmtCreate":null,"gmtModified":null,"like_count":0,"content":"会影响你大二能不能住校内","anonymity":1,"any_name":"四川麻辣烫","commentCount":null,"user":{"id":6780,"name":"纯情少女猪刚鬣","avatar_url":"http://test01-20200725.oss-cn-shenzhen.aliyuncs.com/image/1666160993580.jpg?Expires=1981520992&OSSAccessKeyId=LTAI4G5RL7pjavqASCwc42kR&Signature=ZQDG60jau1n1J0lyBkWyn7qOPrY%3D"},"isCommentLike":-5,"dislike_count":0},{"id":172325,"parent_id":45239,"type":1,"commentor":1133,"gmtCreate":null,"gmtModified":null,"like_count":0,"content":"楼上说的不完全对吧上学期我天天签到但等级是乙 室友基本不签到是甲 但最后只有我继续留在了校内宿舍","anonymity":1,"any_name":"亚古兽","commentCount":null,"user":{"id":1133,"name":"无事小神仙","avatar_url":"http://test01-20200725.oss-cn-shenzhen.aliyuncs.com/image/1666848003348.jpg?Expires=1982207995&OSSAccessKeyId=LTAI4G5RL7pjavqASCwc42kR&Signature=x51mAxQH5IM9JjWF9zcJntifllU%3D"},"isCommentLike":-5,"dislike_count":0},{"id":172327,"parent_id":45239,"type":1,"commentor":1133,"gmtCreate":null,"gmtModified":null,"like_count":0,"content":"反正你自己心里有点数就行 每天都签了到的 很大概率是大二能继续住校内的","anonymity":1,"any_name":"亚古兽","commentCount":null,"user":{"id":1133,"name":"无事小神仙","avatar_url":"http://test01-20200725.oss-cn-shenzhen.aliyuncs.com/image/1666848003348.jpg?Expires=1982207995&OSSAccessKeyId=LTAI4G5RL7pjavqASCwc42kR&Signature=x51mAxQH5IM9JjWF9zcJntifllU%3D"},"isCommentLike":-5,"dislike_count":0},{"id":172341,"parent_id":172325,"type":2,"commentor":1492,"gmtCreate":null,"gmtModified":null,"like_count":0,"content":"是有晚归吗","anonymity":0,"any_name":null,"commentCount":null,"user":{"id":1492,"name":"why not","avatar_url":"http://test01-20200725.oss-cn-shenzhen.aliyuncs.com/image/1666629690154.gif?Expires=1981989682&OSSAccessKeyId=LTAI4G5RL7pjavqASCwc42kR&Signature=ofKJ82zVz6EUVDXdEkPaXUfLuns%3D"},"isCommentLike":-5,"dislike_count":0},{"id":172360,"parent_id":172319,"type":2,"commentor":6018,"gmtCreate":null,"gmtModified":null,"like_count":0,"content":"好的好的，谢谢","anonymity":0,"any_name":null,"commentCount":null,"user":{"id":6018,"name":"Akai","avatar_url":"http://test01-20200725.oss-cn-shenzhen.aliyuncs.com/image/1649005309036.jpeg?Expires=1964365308&OSSAccessKeyId=LTAI4G5RL7pjavqASCwc42kR&Signature=Z0QBTaUipWFmXiBPLasbW7TA1Hg%3D"},"isCommentLike":-5,"dislike_count":0},{"id":172366,"parent_id":172325,"type":2,"commentor":1300,"gmtCreate":null,"gmtModified":null,"like_count":0,"content":"一次不签就会是乙级。甲级评判只有签到全勤。两三次乙级都不会影响不能住校内的。所以你室友最后没有能分到校内也是因为他不签到。","anonymity":1,"any_name":"哈士奇","commentCount":null,"user":{"id":1300,"name":"momo","avatar_url":"https://thirdwx.qlogo.cn/mmopen/vi_32/Q3auHgzwzM7CGtMib0fLpiacnFCIV4p4fOQq7YJFnq1qz3Rib80wFzy3bQgCZJ8zbY0YpiciakLNOuK69UMKfibj3lwg/132"},"isCommentLike":-5,"dislike_count":0},{"id":172405,"parent_id":172327,"type":2,"commentor":950,"gmtCreate":null,"gmtModified":null,"like_count":0,"content":"男生除外","anonymity":1,"any_name":"六级词汇","commentCount":null,"user":{"id":950,"name":"嘉心糖今天吃什么","avatar_url":"http://test01-20200725.oss-cn-shenzhen.aliyuncs.com/image/1653601697278.gif?Expires=1968961688&OSSAccessKeyId=LTAI4G5RL7pjavqASCwc42kR&Signature=MJ1wFoThzUSd5vemDHpVKNWnCcA%3D"},"isCommentLike":-5,"dislike_count":0}],"any_name":"微积分","relation":-2,"liked":-4,"anonymity":1,"dislike_count":0}