{"id":45281,"author":"背包。","author_avatar_url":"http://test01-20200725.oss-cn-shenzhen.aliyuncs.com/image/1665414579737.jpg?Expires=1980774572&OSSAccessKeyId=LTAI4G5RL7pjavqASCwc42kR&Signature=WFm22S6iHaosKJFKZwK%2FhIVT%2BFU%3D","author_id":9613,"author_status":1,"gmt_create":1666260514145,"gmt_modified":1666260514145,"content":"学酒店管理能不能纹身啊，想在胸部纹个身会不会影响就业。","title":"学酒店管理能不能纹身啊，想在胸部纹个身会不会影响就业。","description":"no description yet","like_count":0,"comment_count":5,"view_count":439,"type":"post","tag":"not tag yet","imageList":"","content_source":null,"comments":[{"id":172456,"parent_id":45281,"type":1,"commentor":509,"gmtCreate":null,"gmtModified":null,"like_count":1,"content":"最好不要纹身，可以先买个纹身贴过过瘾","anonymity":1,"any_name":"offer收割机","commentCount":null,"user":{"id":509,"name":"✨✨","avatar_url":"http://test01-20200725.oss-cn-shenzhen.aliyuncs.com/image/1658930465723.jpg?Expires=1974290457&OSSAccessKeyId=LTAI4G5RL7pjavqASCwc42kR&Signature=%2FmDPZ711YrIA9n5nSR%2BvS3u1jA8%3D"},"isCommentLike":-5,"dislike_count":0},{"id":172457,"parent_id":45281,"type":1,"commentor":937,"gmtCreate":null,"gmtModified":null,"like_count":1,"content":"不会影响 我其实看到一些酒店员工有的 但穿工作服还是别露出来","anonymity":0,"any_name":null,"commentCount":null,"user":{"id":937,"name":"Paprika","avatar_url":"https://thirdwx.qlogo.cn/mmopen/vi_32/DYAIOgq83erXO0Hibm3qJlZAq1DEuggbNcFD7NCFFzJrk2VLe4pHwHvbA8JuV9oOibd44ibYWvprax9F18Ank1eibw/132"},"isCommentLike":-5,"dislike_count":0},{"id":172476,"parent_id":45281,"type":1,"commentor":10582,"gmtCreate":null,"gmtModified":null,"like_count":0,"content":"纹都可以纹","anonymity":1,"any_name":"微积分","commentCount":null,"user":{"id":10582,"name":"U_68191666097","avatar_url":null},"isCommentLike":-5,"dislike_count":0},{"id":172480,"parent_id":45281,"type":1,"commentor":9950,"gmtCreate":null,"gmtModified":null,"like_count":0,"content":"建议你不要。","anonymity":1,"any_name":"人生的智慧","commentCount":null,"user":{"id":9950,"name":"U_616821663348","avatar_url":null},"isCommentLike":-5,"dislike_count":0},{"id":172487,"parent_id":45281,"type":1,"commentor":9613,"gmtCreate":null,"gmtModified":null,"like_count":0,"content":"好的各位 谢谢","anonymity":0,"any_name":null,"commentCount":null,"user":{"id":9613,"name":"背包。","avatar_url":"http://test01-20200725.oss-cn-shenzhen.aliyuncs.com/image/1665414579737.jpg?Expires=1980774572&OSSAccessKeyId=LTAI4G5RL7pjavqASCwc42kR&Signature=WFm22S6iHaosKJFKZwK%2FhIVT%2BFU%3D"},"isCommentLike":-5,"dislike_count":0}],"any_name":null,"relation":-2,"liked":-4,"anonymity":0,"dislike_count":0}