{"id":45393,"author":null,"author_avatar_url":null,"author_id":9864,"author_status":1,"gmt_create":1666281406542,"gmt_modified":1666281406542,"content":"“都出去！疯子有什么好看！” 这时候，我又懂得一件他们的巧妙了。他们岂但不肯改，而且早已布置；预备下一个疯子的名目罩上我。将来吃了，不但太平无事，怕还会有人见情。 ——鲁迅《狂人日记》","title":"“都出去！疯子有什么好看！” 这时候，我又懂得一件他们的巧妙了。他们岂但不肯改，而且早已布置；预备下一个疯子的名目罩上我。将来吃了，不但太平无事，怕还会有人见情。 ——鲁","description":"no description yet","like_count":6,"comment_count":0,"view_count":36,"type":"post","tag":"not tag yet","imageList":"","content_source":null,"comments":null,"any_name":"拱北快递员","relation":-2,"liked":-4,"anonymity":1,"dislike_count":0}