{"id":45405,"author":null,"author_avatar_url":null,"author_id":9640,"author_status":1,"gmt_create":1666282720340,"gmt_modified":1666282720340,"content":"看了一圈，怎么蝻的骂人只会复读啊，感觉好没文化...","title":"看了一圈，怎么蝻的骂人只会复读啊，感觉好没文化...","description":"no description yet","like_count":12,"comment_count":4,"view_count":244,"type":"post","tag":"not tag yet","imageList":"","content_source":null,"comments":[{"id":172973,"parent_id":45405,"type":1,"commentor":270,"gmtCreate":null,"gmtModified":null,"like_count":5,"content":"没办法，又笨又坏，只能这样。而且牛子和脑子没一个好使。","anonymity":1,"any_name":"Tom","commentCount":null,"user":{"id":270,"name":"蛆奇味蝻瓜饼","avatar_url":"http://test01-20200725.oss-cn-shenzhen.aliyuncs.com/image/1660746251527.jpg?Expires=1976106242&OSSAccessKeyId=LTAI4G5RL7pjavqASCwc42kR&Signature=wxKGSngs19HSbuL3DpNT%2BQ%2BIzxU%3D"},"isCommentLike":-5,"dislike_count":0},{"id":172970,"parent_id":45405,"type":1,"commentor":469,"gmtCreate":null,"gmtModified":null,"like_count":3,"content":"毕竟说别的慕√听不懂，就说点慕√爱听的","anonymity":1,"any_name":"亚古兽","commentCount":null,"user":{"id":469,"name":"拟罪豪士","avatar_url":"http://test01-20200725.oss-cn-shenzhen.aliyuncs.com/image/1666343885041.jpg?Expires=1981703877&OSSAccessKeyId=LTAI4G5RL7pjavqASCwc42kR&Signature=u7mV2VMqb2J9rVWR58suCrdi5S0%3D"},"isCommentLike":-5,"dislike_count":0},{"id":173026,"parent_id":45405,"type":1,"commentor":71,"gmtCreate":null,"gmtModified":null,"like_count":1,"content":"蝻人不就是靠着一遍遍复读一些毫无道理的言论来规训女性的吗","anonymity":1,"any_name":"Redis设计与实现","commentCount":null,"user":{"id":71,"name":"一支\uD83C\uDF4B茶","avatar_url":"http://test01-20200725.oss-cn-shenzhen.aliyuncs.com/image/1665761422653.jpg?Expires=1981121423&OSSAccessKeyId=LTAI4G5RL7pjavqASCwc42kR&Signature=HKm6K%2Fep6pjNO1GYdhmExFTk7rM%3D"},"isCommentLike":-5,"dislike_count":0},{"id":172971,"parent_id":172970,"type":2,"commentor":9640,"gmtCreate":null,"gmtModified":null,"like_count":0,"content":"谢谢你现身说法","anonymity":1,"any_name":"珠海小天使","commentCount":null,"user":{"id":9640,"name":"U_26191660837","avatar_url":null},"isCommentLike":-5,"dislike_count":0}],"any_name":"珠海小天使","relation":-2,"liked":-4,"anonymity":1,"dislike_count":0}