{"id":45413,"author":null,"author_avatar_url":null,"author_id":1632,"author_status":1,"gmt_create":1666283548929,"gmt_modified":1666283548929,"content":"意满离\uD83D\uDE0B今天的树洞格外的精彩，dog help dogs接着骂，明天早上起来又有笑话看了\uD83D\uDE0B","title":"意满离\uD83D\uDE0B今天的树洞格外的精彩，dog help dogs接着骂，明天早上起来又有笑话看了\uD83D\uDE0B","description":"no description yet","like_count":2,"comment_count":0,"view_count":16,"type":"post","tag":"not tag yet","imageList":"","content_source":null,"comments":null,"any_name":"皮卡丘","relation":-2,"liked":-4,"anonymity":1,"dislike_count":0}