{"id":4549,"author":null,"author_avatar_url":null,"author_id":1681,"author_status":1,"gmt_create":1637071602778,"gmt_modified":1637071602778,"content":"我就想问，不太喜欢女友有男闺蜜这很奇怪吗？而且她就是时不时单独和这个男闺蜜出去玩，然后我说几句还说我什么占有欲太强，问问大家的看法。","title":"我就想问，不太喜欢女友有男闺蜜这很奇怪吗？而且她就是时不时单独和这个男闺蜜出去玩，然后我说几句还说我什么占有欲太强，问问大家的看法。","description":"no description yet","like_count":2,"comment_count":18,"view_count":408,"type":"post","tag":"not tag yet","imageList":"","content_source":null,"comments":[{"id":16022,"parent_id":4549,"type":1,"commentor":615,"gmtCreate":null,"gmtModified":null,"like_count":5,"content":"跟她好好谈谈，比如你问她我要是有个女闺蜜没事跟她出去玩，连麦打王者，饭堂去吃饭有什么感受，别想多了我们纯友谊，问就是占有欲，你有什么想法？","anonymity":1,"any_name":"珠海小天使","commentCount":null,"user":{"id":615,"name":"村上吃\uD83C\uDF32","avatar_url":"https://thirdwx.qlogo.cn/mmopen/vi_32/4S4YILSbFdBq3siau1bUMqZfiaZmC5diaeBHqYnxUDKSib3znsHR4OP0IaoTIkOaurprOec8gicDVy4XbFvjdFpm4YQ/132"},"isCommentLike":-5,"dislike_count":0},{"id":16079,"parent_id":4549,"type":1,"commentor":670,"gmtCreate":null,"gmtModified":null,"like_count":3,"content":"你也找个女闺蜜，各玩各的，我就这么解决的，然后她说我有病，分了，去找他男闺蜜哭了。当时我还在和我女闺蜜买化妆品呢。你对我不忠，我又何必对你痴情。","anonymity":0,"any_name":null,"commentCount":null,"user":{"id":670,"name":"沈腾","avatar_url":"http://test01-20200725.oss-cn-shenzhen.aliyuncs.com/image/1661432787646.jpg?Expires=1976792782&OSSAccessKeyId=LTAI4G5RL7pjavqASCwc42kR&Signature=g6ySCqYrYiFafy1e7j%2BB4OKJDYA%3D"},"isCommentLike":-5,"dislike_count":0},{"id":16042,"parent_id":4549,"type":1,"commentor":288,"gmtCreate":null,"gmtModified":null,"like_count":2,"content":"像我这样的男闺蜜就没有问题","anonymity":0,"any_name":null,"commentCount":null,"user":{"id":288,"name":"香吻虫","avatar_url":"http://test01-20200725.oss-cn-shenzhen.aliyuncs.com/image/1664182006510.jpg?Expires=1979542006&OSSAccessKeyId=LTAI4G5RL7pjavqASCwc42kR&Signature=n6zcETD5UzYMO9S6e6N%2FNjrrwE0%3D"},"isCommentLike":-5,"dislike_count":0},{"id":16020,"parent_id":4549,"type":1,"commentor":1048,"gmtCreate":null,"gmtModified":null,"like_count":1,"content":"要是男闺蜜是gay的话其实也不用太介意啦 就当成闺蜜就可以了","anonymity":1,"any_name":"大潭山车队","commentCount":null,"user":{"id":1048,"name":"Mxmtoon","avatar_url":"https://thirdwx.qlogo.cn/mmopen/vi_32/BgX1Kn6uGTJEd2EPsoR4dR9DUD9bOlSwHiae2D9R6ic78Hgqny8guZR5ibia8ua2xiajYjQkV54KJpnianxtd33deIkg/132"},"isCommentLike":-5,"dislike_count":0},{"id":16028,"parent_id":4549,"type":1,"commentor":374,"gmtCreate":null,"gmtModified":null,"like_count":1,"content":"感觉不能忍。。","anonymity":1,"any_name":"喷火龙","commentCount":null,"user":{"id":374,"name":"咸因","avatar_url":"http://test01-20200725.oss-cn-shenzhen.aliyuncs.com/image/1640416150822.jpg?Expires=1955776146&OSSAccessKeyId=LTAI4G5RL7pjavqASCwc42kR&Signature=9dZeQ2dXpbcNjNWc8%2F1jcoE%2FufA%3D"},"isCommentLike":-5,"dislike_count":0},{"id":16058,"parent_id":4549,"type":1,"commentor":1683,"gmtCreate":null,"gmtModified":null,"like_count":1,"content":"无法容忍，不清不楚的","anonymity":1,"any_name":"出前一丁","commentCount":null,"user":{"id":1683,"name":"Rarity","avatar_url":"http://test01-20200725.oss-cn-shenzhen.aliyuncs.com/image/1661566204106.jpg?Expires=1976926200&OSSAccessKeyId=LTAI4G5RL7pjavqASCwc42kR&Signature=bkV9B%2FZEWNKBsMo%2BJxR0xngtBvI%3D"},"isCommentLike":-5,"dislike_count":0},{"id":16031,"parent_id":4549,"type":1,"commentor":725,"gmtCreate":null,"gmtModified":null,"like_count":0,"content":"不奇怪 我觉得谈恋爱后异性朋友要保持距离（同性恋除外）","anonymity":1,"any_name":"Anton","commentCount":null,"user":{"id":725,"name":"修正带还是修正液","avatar_url":"https://thirdwx.qlogo.cn/mmopen/vi_32/SCBpWZw1RbabyOtzf1kQ5BkgnaLibFIYHZYLkONIzWVBCqhicEyZmRxsjLnRvIHt8DiacWy8FxoJib3a5qFocwPicbg/132"},"isCommentLike":-5,"dislike_count":0},{"id":16035,"parent_id":4549,"type":1,"commentor":657,"gmtCreate":null,"gmtModified":null,"like_count":0,"content":"不奇怪啊，有对象就应该和异性保持距离吧，当然绝对gay蜜当我放屁","anonymity":1,"any_name":"网瘾少年","commentCount":null,"user":{"id":657,"name":"\uD83C\uDF4B","avatar_url":"https://thirdwx.qlogo.cn/mmopen/vi_32/NjmReVxBMgO9crVBhSnib28yf1YSf3ex4eriba7SkiaXmEYegYczicwAOp7OibeCdqKsicQPN2u5sh8qiacNbZ35uGjGw/132"},"isCommentLike":-5,"dislike_count":0},{"id":16040,"parent_id":4549,"type":1,"commentor":544,"gmtCreate":null,"gmtModified":null,"like_count":0,"content":"我觉得介意是正常的","anonymity":1,"any_name":"鸡蛋仔","commentCount":null,"user":{"id":544,"name":"\uD83E\uDD14","avatar_url":"https://thirdwx.qlogo.cn/mmopen/vi_32/F8sUCHlAIbLicneib2KL50NWw5y2sqia7LGSvtA9xk0VA3G8BA62AGVEbJlyL6OpxueXazgRERUWIJjKGrFonjMtQ/132"},"isCommentLike":-5,"dislike_count":0},{"id":16109,"parent_id":4549,"type":1,"commentor":596,"gmtCreate":null,"gmtModified":null,"like_count":0,"content":"有些事情還是多談談好 沒必要特地去找個女閨蜜去故意氣她   畢竟可能她是真的覺得男閨蜜沒什麼 像我就是這麼覺得 可能就是比較沒這麼敏感","anonymity":1,"any_name":"人生的智慧","commentCount":null,"user":{"id":596,"name":"momo","avatar_url":"https://thirdwx.qlogo.cn/mmopen/vi_32/Q3auHgzwzM7ibGoKPZ1KWk4qfaC3dkBgpUVHibnyAs7OsyCLWhvBzbbIERHS8FRX1VcjfOnictGzib09zfXABCG2Yw/132"},"isCommentLike":-5,"dislike_count":0},{"id":16023,"parent_id":16022,"type":2,"commentor":1681,"gmtCreate":null,"gmtModified":null,"like_count":0,"content":"好！","anonymity":1,"any_name":"Redis设计与实现","commentCount":null,"user":{"id":1681,"name":"U_516721636793","avatar_url":null},"isCommentLike":-5,"dislike_count":0},{"id":16024,"parent_id":16020,"type":2,"commentor":1681,"gmtCreate":null,"gmtModified":null,"like_count":0,"content":"不太像","anonymity":1,"any_name":"Redis设计与实现","commentCount":null,"user":{"id":1681,"name":"U_516721636793","avatar_url":null},"isCommentLike":-5,"dislike_count":0},{"id":16039,"parent_id":16020,"type":2,"commentor":1640,"gmtCreate":null,"gmtModified":null,"like_count":0,"content":"假gay老剧情了","anonymity":0,"any_name":null,"commentCount":null,"user":{"id":1640,"name":"U_402881636374","avatar_url":null},"isCommentLike":-5,"dislike_count":0},{"id":16053,"parent_id":16042,"type":2,"commentor":544,"gmtCreate":null,"gmtModified":null,"like_count":0,"content":"那确实","anonymity":0,"any_name":null,"commentCount":null,"user":{"id":544,"name":"\uD83E\uDD14","avatar_url":"https://thirdwx.qlogo.cn/mmopen/vi_32/F8sUCHlAIbLicneib2KL50NWw5y2sqia7LGSvtA9xk0VA3G8BA62AGVEbJlyL6OpxueXazgRERUWIJjKGrFonjMtQ/132"},"isCommentLike":-5,"dislike_count":0},{"id":16054,"parent_id":16042,"type":2,"commentor":647,"gmtCreate":null,"gmtModified":null,"like_count":0,"content":"苏公公还不伺候皇上就寝嘛","anonymity":1,"any_name":"奥利奥","commentCount":null,"user":{"id":647,"name":"凍檸茶少奶","avatar_url":"http://test01-20200725.oss-cn-shenzhen.aliyuncs.com/image/1656908230605.jpg?Expires=1972268225&OSSAccessKeyId=LTAI4G5RL7pjavqASCwc42kR&Signature=yOhRWNWlRDNQY%2BdkKCNMZ%2BnB2g4%3D"},"isCommentLike":-5,"dislike_count":0},{"id":16059,"parent_id":16042,"type":2,"commentor":15,"gmtCreate":null,"gmtModified":null,"like_count":0,"content":"皇上今晚在找你","anonymity":1,"any_name":"老板","commentCount":null,"user":{"id":15,"name":"科大鸭","avatar_url":"http://test01-20200725.oss-cn-shenzhen.aliyuncs.com/image/1624370407433.jpeg?Expires=1939730402&OSSAccessKeyId=LTAI4G5RL7pjavqASCwc42kR&Signature=UEIvjfVREj9DPr4FHeyAIel3Guo%3D"},"isCommentLike":-5,"dislike_count":0},{"id":16060,"parent_id":16042,"type":2,"commentor":328,"gmtCreate":null,"gmtModified":null,"like_count":0,"content":"可以，那我就不介意了","anonymity":1,"any_name":"皮卡丘","commentCount":null,"user":{"id":328,"name":"每天都很困","avatar_url":"http://test01-20200725.oss-cn-shenzhen.aliyuncs.com/image/1661699304888.png?Expires=1977059303&OSSAccessKeyId=LTAI4G5RL7pjavqASCwc42kR&Signature=WojBj5YDhY2Lt231vnf%2FX2VPRGc%3D"},"isCommentLike":-5,"dislike_count":0},{"id":16081,"parent_id":16079,"type":2,"commentor":670,"gmtCreate":null,"gmtModified":null,"like_count":0,"content":"以上方案建立在沟通无效的情况下，有分手风险，请谨慎选择","anonymity":0,"any_name":null,"commentCount":null,"user":{"id":670,"name":"沈腾","avatar_url":"http://test01-20200725.oss-cn-shenzhen.aliyuncs.com/image/1661432787646.jpg?Expires=1976792782&OSSAccessKeyId=LTAI4G5RL7pjavqASCwc42kR&Signature=g6ySCqYrYiFafy1e7j%2BB4OKJDYA%3D"},"isCommentLike":-5,"dislike_count":0}],"any_name":"Redis设计与实现","relation":-2,"liked":-4,"anonymity":1,"dislike_count":0}