{"id":45669,"author":null,"author_avatar_url":null,"author_id":937,"author_status":1,"gmt_create":1666372410857,"gmt_modified":1666372410857,"content":"突然感觉BITM只有会展一个好方向了，文旅is dead. 至于酒店和智慧旅游，从来就没期待过。现在除了会展，能教其他三个方向的老师各不超过三个。哎，本来文旅还是好好的，突然没什么老师没几节可选的，真的好烦啊\uD83D\uDE2D","title":"突然感觉BITM只有会展一个好方向了，文旅is dead. 至于酒店和智慧旅游，从来就没期待过。现在除了会展，能教其他三个方向的老师各不超过三个。哎，本来文旅还是好好的，","description":"no description yet","like_count":0,"comment_count":4,"view_count":221,"type":"post","tag":"not tag yet","imageList":"","content_source":null,"comments":[{"id":174004,"parent_id":45669,"type":1,"commentor":937,"gmtCreate":null,"gmtModified":null,"like_count":0,"content":"去年还建议别人选文旅 今年这学期开始变数好大 真的有点失望","anonymity":1,"any_name":"皮卡丘","commentCount":null,"user":{"id":937,"name":"Paprika","avatar_url":"https://thirdwx.qlogo.cn/mmopen/vi_32/DYAIOgq83erXO0Hibm3qJlZAq1DEuggbNcFD7NCFFzJrk2VLe4pHwHvbA8JuV9oOibd44ibYWvprax9F18Ank1eibw/132"},"isCommentLike":-5,"dislike_count":0},{"id":174011,"parent_id":45669,"type":1,"commentor":9950,"gmtCreate":null,"gmtModified":null,"like_count":0,"content":"为什么这么说啊？可以说一下原因吗","anonymity":1,"any_name":"Redis设计与实现","commentCount":null,"user":{"id":9950,"name":"U_616821663348","avatar_url":null},"isCommentLike":-5,"dislike_count":0},{"id":174022,"parent_id":45669,"type":1,"commentor":2003,"gmtCreate":null,"gmtModified":null,"like_count":0,"content":"为啥啊","anonymity":0,"any_name":null,"commentCount":null,"user":{"id":2003,"name":"JA","avatar_url":"http://test01-20200725.oss-cn-shenzhen.aliyuncs.com/image/1666376574558.jpg?Expires=1981736572&OSSAccessKeyId=LTAI4G5RL7pjavqASCwc42kR&Signature=4PpK2PT61dJtsR9%2F%2F3q5zhoC5Nw%3D"},"isCommentLike":-5,"dislike_count":0},{"id":174434,"parent_id":45669,"type":1,"commentor":1673,"gmtCreate":null,"gmtModified":null,"like_count":0,"content":"为什么我选了会展感觉啥都没学到 学的东西也很老 都想转别的学了….","anonymity":1,"any_name":"芋圆奶茶","commentCount":null,"user":{"id":1673,"name":"科大少年班","avatar_url":"http://test01-20200725.oss-cn-shenzhen.aliyuncs.com/image/1664382006225.jpg?Expires=1979742006&OSSAccessKeyId=LTAI4G5RL7pjavqASCwc42kR&Signature=UEzbJ3X%2FRsVa5r01jxH5ZWTv9Pw%3D"},"isCommentLike":-5,"dislike_count":0}],"any_name":"皮卡丘","relation":-2,"liked":-4,"anonymity":1,"dislike_count":0}