{"id":457,"author":null,"author_avatar_url":null,"author_id":628,"author_status":1,"gmt_create":1631120623127,"gmt_modified":1631120623127,"content":"有无不拒同担的国乙玩家！（包括但不限于恋与、未定、时绘、光夜）拒同担的就算了我怕我爬墙速度太快不小心搞到你推…另外我gb浓度有点高雷gb的也不要来！！！婉拒乙女腐！！！","title":"有无不拒同担的国乙玩家！（包括但不限于恋与、未定、时绘、光夜）拒同担的就算了我怕我爬墙速度太快不小心搞到你推…另外我gb浓度有点高雷gb的也不要来！！！婉拒乙女腐！！！","description":"no description yet","like_count":0,"comment_count":4,"view_count":65,"type":"post","tag":"not tag yet","imageList":"","content_source":null,"comments":[{"id":1254,"parent_id":457,"type":1,"commentor":628,"gmtCreate":null,"gmtModified":null,"like_count":1,"content":"另外婉拒xz，mxtx，原神相关","anonymity":1,"any_name":"珠海小天使","commentCount":null,"user":{"id":628,"name":"古希腊掌管选课的神","avatar_url":"http://test01-20200725.oss-cn-shenzhen.aliyuncs.com/image/1650879725627.jpg?Expires=1966239722&OSSAccessKeyId=LTAI4G5RL7pjavqASCwc42kR&Signature=3waEl%2B4zLKW%2F8ST3bwPkH4EkQa4%3D"},"isCommentLike":-5,"dislike_count":0},{"id":1255,"parent_id":457,"type":1,"commentor":628,"gmtCreate":null,"gmtModified":null,"like_count":0,"content":"有意留qq我加，尾号5499","anonymity":1,"any_name":"珠海小天使","commentCount":null,"user":{"id":628,"name":"古希腊掌管选课的神","avatar_url":"http://test01-20200725.oss-cn-shenzhen.aliyuncs.com/image/1650879725627.jpg?Expires=1966239722&OSSAccessKeyId=LTAI4G5RL7pjavqASCwc42kR&Signature=3waEl%2B4zLKW%2F8ST3bwPkH4EkQa4%3D"},"isCommentLike":-5,"dislike_count":0},{"id":1256,"parent_id":457,"type":1,"commentor":316,"gmtCreate":null,"gmtModified":null,"like_count":0,"content":"退坑人乱爬，空间乱点赞一把手，不嫌弃我不说话可k我","anonymity":0,"any_name":null,"commentCount":null,"user":{"id":316,"name":"就你不让我拉屎？","avatar_url":"http://test01-20200725.oss-cn-shenzhen.aliyuncs.com/image/1640420402241.gif?Expires=1955780396&OSSAccessKeyId=LTAI4G5RL7pjavqASCwc42kR&Signature=Me0BuPK0XiM0Ag876xSN7RTm8Cg%3D"},"isCommentLike":-5,"dislike_count":0},{"id":1257,"parent_id":457,"type":1,"commentor":316,"gmtCreate":null,"gmtModified":null,"like_count":0,"content":"有空间那味儿了","anonymity":0,"any_name":null,"commentCount":null,"user":{"id":316,"name":"就你不让我拉屎？","avatar_url":"http://test01-20200725.oss-cn-shenzhen.aliyuncs.com/image/1640420402241.gif?Expires=1955780396&OSSAccessKeyId=LTAI4G5RL7pjavqASCwc42kR&Signature=Me0BuPK0XiM0Ag876xSN7RTm8Cg%3D"},"isCommentLike":-5,"dislike_count":0}],"any_name":"珠海小天使","relation":-2,"liked":-4,"anonymity":1,"dislike_count":0}