{"id":45813,"author":null,"author_avatar_url":null,"author_id":10002,"author_status":1,"gmt_create":1666432681412,"gmt_modified":1666432681412,"content":"我也是今天资讯科技的那节课，给大家挂一下资讯科技那几个女生的所作所为，今天本来因为来的人少，老师叫大家把同学叫一下，说要不点下名吧，后来来了一批人，人数差不多够了，老师就说不点名了，这时候就有那几个女生在那里喊“点不点名？”，然后一边喊还在那里一边笑，到了最后点名的时候还说“好不容易来一次，能不能点下名啊”就真的给人感觉是bitches啊","title":"我也是今天资讯科技的那节课，给大家挂一下资讯科技那几个女生的所作所为，今天本来因为来的人少，老师叫大家把同学叫一下，说要不点下名吧，后来来了一批人，人数差不多够了，老师就","description":"no description yet","like_count":7,"comment_count":6,"view_count":717,"type":"post","tag":"not tag yet","imageList":"","content_source":null,"comments":[{"id":174594,"parent_id":45813,"type":1,"commentor":10466,"gmtCreate":null,"gmtModified":null,"like_count":0,"content":"…..nb","anonymity":1,"any_name":"Jerry","commentCount":null,"user":{"id":10466,"name":"水草","avatar_url":"http://test01-20200725.oss-cn-shenzhen.aliyuncs.com/image/1665753157724.jpg?Expires=1981113148&OSSAccessKeyId=LTAI4G5RL7pjavqASCwc42kR&Signature=c5CoUqZNfGZo47ts6UKHQ6arGqo%3D"},"isCommentLike":-5,"dislike_count":0},{"id":174599,"parent_id":45813,"type":1,"commentor":1133,"gmtCreate":null,"gmtModified":null,"like_count":0,"content":"1:30那节嘛","anonymity":1,"any_name":"珠海小天使","commentCount":null,"user":{"id":1133,"name":"无事小神仙","avatar_url":"http://test01-20200725.oss-cn-shenzhen.aliyuncs.com/image/1666848003348.jpg?Expires=1982207995&OSSAccessKeyId=LTAI4G5RL7pjavqASCwc42kR&Signature=x51mAxQH5IM9JjWF9zcJntifllU%3D"},"isCommentLike":-5,"dislike_count":0},{"id":174621,"parent_id":45813,"type":1,"commentor":129,"gmtCreate":null,"gmtModified":null,"like_count":0,"content":"见死噜\uD83E\uDD7A\uD83E\uDD7A","anonymity":1,"any_name":"Kelly","commentCount":null,"user":{"id":129,"name":"熊仔要偷狐狸！","avatar_url":"http://test01-20200725.oss-cn-shenzhen.aliyuncs.com/image/1655526232854.jpg?Expires=1970886224&OSSAccessKeyId=LTAI4G5RL7pjavqASCwc42kR&Signature=dvfo3a63%2FXSYFUefMd5x5YbfgKg%3D"},"isCommentLike":-5,"dislike_count":0},{"id":174650,"parent_id":45813,"type":1,"commentor":9513,"gmtCreate":null,"gmtModified":null,"like_count":0,"content":"哪个专业的资讯科技呀","anonymity":1,"any_name":"咖哩鱼蛋","commentCount":null,"user":{"id":9513,"name":"U_357401659518","avatar_url":null},"isCommentLike":-5,"dislike_count":0},{"id":175195,"parent_id":45813,"type":1,"commentor":2034,"gmtCreate":null,"gmtModified":null,"like_count":0,"content":"1:30那节就点了名了…lt那节吧 没想到3:30的反而没点…","anonymity":1,"any_name":"网瘾少年","commentCount":null,"user":{"id":2034,"name":"明天吃幼儿园午餐","avatar_url":"https://thirdwx.qlogo.cn/mmopen/vi_32/k8H4Z9WXU9btic7gEMibiaXQeu5d2sx8tsZ7PS63aebNgCzTiajDudPUIxfolhPzCsx482OeaaM01yPzKcGibJVZ6gw/132"},"isCommentLike":-5,"dislike_count":0},{"id":174606,"parent_id":174599,"type":2,"commentor":10002,"gmtCreate":null,"gmtModified":null,"like_count":0,"content":"15:30那节哦","anonymity":1,"any_name":"四川麻辣烫","commentCount":null,"user":{"id":10002,"name":"U_491591663653","avatar_url":null},"isCommentLike":-5,"dislike_count":0}],"any_name":"四川麻辣烫","relation":-2,"liked":-4,"anonymity":1,"dislike_count":0}