{"id":45940,"author":null,"author_avatar_url":null,"author_id":9182,"author_status":1,"gmt_create":1666481794988,"gmt_modified":1666481794988,"content":"看完live好想谈恋爱\uD83D\uDE22\uD83D\uDE22\uD83D\uDE22\uD83D\uDE22\uD83D\uDE22好想找到一个可以一起探店看电影听歌的人嘞","title":"看完live好想谈恋爱\uD83D\uDE22\uD83D\uDE22\uD83D\uDE22\uD83D\uDE22\uD83D\uDE22好想找到一个可以一起探店看电影听歌的人嘞","description":"no description yet","like_count":1,"comment_count":11,"view_count":178,"type":"post","tag":"not tag yet","imageList":"","content_source":null,"comments":[{"id":175321,"parent_id":45940,"type":1,"commentor":981,"gmtCreate":null,"gmtModified":null,"like_count":1,"content":"dd 我也女生 live\uD83C\uDE51️！","anonymity":1,"any_name":"芋圆奶茶","commentCount":null,"user":{"id":981,"name":"长句","avatar_url":"https://thirdwx.qlogo.cn/mmopen/vi_32/h2eVI2ysJw3XgGIGCHXjtxYDC3ia24GHAjjIIicQ4pa2bMT5GQq8Po3Hdzhadp8gyVXBiaGsOYFKTcJVBm958rwibQ/132"},"isCommentLike":-5,"dislike_count":0},{"id":175160,"parent_id":45940,"type":1,"commentor":9182,"gmtCreate":null,"gmtModified":null,"like_count":0,"content":"（苯人不打游戏，喜欢摇滚，热爱探店，感兴趣就踢踢我\uD83D\uDE22）","anonymity":1,"any_name":"GRE精选","commentCount":null,"user":{"id":9182,"name":"blahblah","avatar_url":"http://test01-20200725.oss-cn-shenzhen.aliyuncs.com/image/1654769107423.png?Expires=1970129106&OSSAccessKeyId=LTAI4G5RL7pjavqASCwc42kR&Signature=h%2FbUd%2F5shrnIOcX7Yrk%2BDrVhBQM%3D"},"isCommentLike":-5,"dislike_count":0},{"id":175183,"parent_id":45940,"type":1,"commentor":10622,"gmtCreate":null,"gmtModified":null,"like_count":0,"content":"请问你是男是女","anonymity":1,"any_name":"拱北吴彦祖","commentCount":null,"user":{"id":10622,"name":"U_421291666291","avatar_url":null},"isCommentLike":-5,"dislike_count":0},{"id":175186,"parent_id":45940,"type":1,"commentor":10582,"gmtCreate":null,"gmtModified":null,"like_count":0,"content":"是男是女","anonymity":1,"any_name":"Kelly","commentCount":null,"user":{"id":10582,"name":"U_68191666097","avatar_url":null},"isCommentLike":-5,"dislike_count":0},{"id":175338,"parent_id":45940,"type":1,"commentor":1622,"gmtCreate":null,"gmtModified":null,"like_count":0,"content":"看的是麻园么","anonymity":0,"any_name":null,"commentCount":null,"user":{"id":1622,"name":"飞翔荷兰人","avatar_url":null},"isCommentLike":-5,"dislike_count":0},{"id":175345,"parent_id":45940,"type":1,"commentor":9182,"gmtCreate":null,"gmtModified":null,"like_count":0,"content":"cestlavieflo","anonymity":1,"any_name":"GRE精选","commentCount":null,"user":{"id":9182,"name":"blahblah","avatar_url":"http://test01-20200725.oss-cn-shenzhen.aliyuncs.com/image/1654769107423.png?Expires=1970129106&OSSAccessKeyId=LTAI4G5RL7pjavqASCwc42kR&Signature=h%2FbUd%2F5shrnIOcX7Yrk%2BDrVhBQM%3D"},"isCommentLike":-5,"dislike_count":0},{"id":175248,"parent_id":175183,"type":2,"commentor":9182,"gmtCreate":null,"gmtModified":null,"like_count":0,"content":"女生","anonymity":1,"any_name":"GRE精选","commentCount":null,"user":{"id":9182,"name":"blahblah","avatar_url":"http://test01-20200725.oss-cn-shenzhen.aliyuncs.com/image/1654769107423.png?Expires=1970129106&OSSAccessKeyId=LTAI4G5RL7pjavqASCwc42kR&Signature=h%2FbUd%2F5shrnIOcX7Yrk%2BDrVhBQM%3D"},"isCommentLike":-5,"dislike_count":0},{"id":175251,"parent_id":175186,"type":2,"commentor":9182,"gmtCreate":null,"gmtModified":null,"like_count":0,"content":"女生","anonymity":1,"any_name":"GRE精选","commentCount":null,"user":{"id":9182,"name":"blahblah","avatar_url":"http://test01-20200725.oss-cn-shenzhen.aliyuncs.com/image/1654769107423.png?Expires=1970129106&OSSAccessKeyId=LTAI4G5RL7pjavqASCwc42kR&Signature=h%2FbUd%2F5shrnIOcX7Yrk%2BDrVhBQM%3D"},"isCommentLike":-5,"dislike_count":0},{"id":175275,"parent_id":175183,"type":2,"commentor":10622,"gmtCreate":null,"gmtModified":null,"like_count":0,"content":"留下的你的微信 我加你","anonymity":1,"any_name":"拱北吴彦祖","commentCount":null,"user":{"id":10622,"name":"U_421291666291","avatar_url":null},"isCommentLike":-5,"dislike_count":0},{"id":175340,"parent_id":175338,"type":2,"commentor":9182,"gmtCreate":null,"gmtModified":null,"like_count":0,"content":"空中巴士嘿嘿","anonymity":1,"any_name":"GRE精选","commentCount":null,"user":{"id":9182,"name":"blahblah","avatar_url":"http://test01-20200725.oss-cn-shenzhen.aliyuncs.com/image/1654769107423.png?Expires=1970129106&OSSAccessKeyId=LTAI4G5RL7pjavqASCwc42kR&Signature=h%2FbUd%2F5shrnIOcX7Yrk%2BDrVhBQM%3D"},"isCommentLike":-5,"dislike_count":0},{"id":175341,"parent_id":175340,"type":2,"commentor":1622,"gmtCreate":null,"gmtModified":null,"like_count":0,"content":"谈恋爱就去live house","anonymity":0,"any_name":null,"commentCount":null,"user":{"id":1622,"name":"飞翔荷兰人","avatar_url":null},"isCommentLike":-5,"dislike_count":0}],"any_name":"GRE精选","relation":-2,"liked":-4,"anonymity":1,"dislike_count":0}