{"id":46012,"author":null,"author_avatar_url":null,"author_id":9745,"author_status":1,"gmt_create":1666512624916,"gmt_modified":1666512624916,"content":"wtt现在有人去排队了吗","title":"wtt现在有人去排队了吗","description":"no description yet","like_count":0,"comment_count":1,"view_count":68,"type":"post","tag":"not tag yet","imageList":"","content_source":null,"comments":[{"id":175429,"parent_id":46012,"type":1,"commentor":10137,"gmtCreate":null,"gmtModified":null,"like_count":0,"content":"在现场 人很多","anonymity":1,"any_name":"阿拉斯加猪","commentCount":null,"user":{"id":10137,"name":"U_495931664076","avatar_url":null},"isCommentLike":-5,"dislike_count":0}],"any_name":"Kelly","relation":-2,"liked":-4,"anonymity":1,"dislike_count":0}