{"id":46100,"author":null,"author_avatar_url":null,"author_id":9208,"author_status":1,"gmt_create":1666535938839,"gmt_modified":1666535938839,"content":"kyw\uD83E\uDEF5\uD83C\uDFFF树洞不是\uD83C\uDFA3的地方","title":"kyw\uD83E\uDEF5\uD83C\uDFFF树洞不是\uD83C\uDFA3的地方","description":"no description yet","like_count":3,"comment_count":1,"view_count":84,"type":"post","tag":"not tag yet","imageList":"","content_source":null,"comments":[{"id":175766,"parent_id":46100,"type":1,"commentor":10517,"gmtCreate":null,"gmtModified":null,"like_count":0,"content":"这男的是不是经常钓鱼","anonymity":1,"any_name":"内卷狂魔","commentCount":null,"user":{"id":10517,"name":"U_126941665845","avatar_url":null},"isCommentLike":-5,"dislike_count":0}],"any_name":"布偶猫","relation":-2,"liked":-4,"anonymity":1,"dislike_count":0}