{"id":46229,"author":null,"author_avatar_url":null,"author_id":9692,"author_status":1,"gmt_create":1666586560882,"gmt_modified":1666586560882,"content":"吗的谁这个年纪还搞校园暗恋\n…原来是我\uD83D\uDE24","title":"吗的谁这个年纪还搞校园暗恋\n…原来是我\uD83D\uDE24","description":"no description yet","like_count":6,"comment_count":0,"view_count":14,"type":"post","tag":"not tag yet","imageList":"","content_source":null,"comments":null,"any_name":"Anton","relation":-2,"liked":-4,"anonymity":1,"dislike_count":0}