{"id":46415,"author":null,"author_avatar_url":null,"author_id":10010,"author_status":1,"gmt_create":1666629710547,"gmt_modified":1666629710547,"content":"我想喝茶颜","title":"我想喝茶颜","description":"no description yet","like_count":0,"comment_count":3,"view_count":100,"type":"post","tag":"not tag yet","imageList":"","content_source":null,"comments":[{"id":177100,"parent_id":46415,"type":1,"commentor":9152,"gmtCreate":null,"gmtModified":null,"like_count":0,"content":"我也想","anonymity":1,"any_name":"阿拉斯加猪","commentCount":null,"user":{"id":9152,"name":"U_753161653901","avatar_url":null},"isCommentLike":-5,"dislike_count":0},{"id":177102,"parent_id":46415,"type":1,"commentor":1492,"gmtCreate":null,"gmtModified":null,"like_count":0,"content":"我也想","anonymity":0,"any_name":null,"commentCount":null,"user":{"id":1492,"name":"why not","avatar_url":"http://test01-20200725.oss-cn-shenzhen.aliyuncs.com/image/1666629690154.gif?Expires=1981989682&OSSAccessKeyId=LTAI4G5RL7pjavqASCwc42kR&Signature=ofKJ82zVz6EUVDXdEkPaXUfLuns%3D"},"isCommentLike":-5,"dislike_count":0},{"id":177180,"parent_id":46415,"type":1,"commentor":5441,"gmtCreate":null,"gmtModified":null,"like_count":0,"content":"我也想","anonymity":1,"any_name":"水箭龟","commentCount":null,"user":{"id":5441,"name":"Clarence","avatar_url":"http://test01-20200725.oss-cn-shenzhen.aliyuncs.com/image/1648703366211.jpg?Expires=1964063360&OSSAccessKeyId=LTAI4G5RL7pjavqASCwc42kR&Signature=XHF9nWfI%2F47f9u7oIFZeJHxfHdk%3D"},"isCommentLike":-5,"dislike_count":0}],"any_name":"六级词汇","relation":-2,"liked":-4,"anonymity":1,"dislike_count":0}