{"id":46442,"author":null,"author_avatar_url":null,"author_id":4871,"author_status":1,"gmt_create":1666659675027,"gmt_modified":1666659675027,"content":"想问问大家都买的电饭煲还是电压力锅","title":"想问问大家都买的电饭煲还是电压力锅","description":"no description yet","like_count":0,"comment_count":0,"view_count":3,"type":"post","tag":"not tag yet","imageList":"","content_source":null,"comments":null,"any_name":"拱北吴彦祖","relation":-2,"liked":-4,"anonymity":1,"dislike_count":0}