{"id":46679,"author":null,"author_avatar_url":null,"author_id":10568,"author_status":1,"gmt_create":1666709728732,"gmt_modified":1666709728732,"content":"好难过…复习了很久但是英语一考得感觉还是不好…","title":"好难过…复习了很久但是英语一考得感觉还是不好…","description":"no description yet","like_count":0,"comment_count":3,"view_count":131,"type":"post","tag":"not tag yet","imageList":"","content_source":null,"comments":[{"id":178111,"parent_id":46679,"type":1,"commentor":10275,"gmtCreate":null,"gmtModified":null,"like_count":0,"content":"别难过啦 该吃吃该玩玩 如果认真复习的话成绩肯定不错滴 相信自己辣","anonymity":0,"any_name":null,"commentCount":null,"user":{"id":10275,"name":"摆烂能手","avatar_url":"http://test01-20200725.oss-cn-shenzhen.aliyuncs.com/image/1666710649803.jpg?Expires=1982070659&OSSAccessKeyId=LTAI4G5RL7pjavqASCwc42kR&Signature=Pgfvb4GretwQqM8uA6%2FUEF%2FalZ4%3D"},"isCommentLike":-5,"dislike_count":0},{"id":178130,"parent_id":178111,"type":2,"commentor":10568,"gmtCreate":null,"gmtModified":null,"like_count":0,"content":"呜呜呜谢谢，主要在后面的阅读看不懂","anonymity":1,"any_name":"布偶猫","commentCount":null,"user":{"id":10568,"name":"U_355061666060","avatar_url":null},"isCommentLike":-5,"dislike_count":0},{"id":178138,"parent_id":178130,"type":2,"commentor":10275,"gmtCreate":null,"gmtModified":null,"like_count":0,"content":"如果前面的有把握的话也不要太纠结喽","anonymity":0,"any_name":null,"commentCount":null,"user":{"id":10275,"name":"摆烂能手","avatar_url":"http://test01-20200725.oss-cn-shenzhen.aliyuncs.com/image/1666710649803.jpg?Expires=1982070659&OSSAccessKeyId=LTAI4G5RL7pjavqASCwc42kR&Signature=Pgfvb4GretwQqM8uA6%2FUEF%2FalZ4%3D"},"isCommentLike":-5,"dislike_count":0}],"any_name":"布偶猫","relation":-2,"liked":-4,"anonymity":1,"dislike_count":0}