{"id":46680,"author":null,"author_avatar_url":null,"author_id":9745,"author_status":1,"gmt_create":1666709758606,"gmt_modified":1666709758606,"content":"集装箱的万圣节具体啥活动啊","title":"集装箱的万圣节具体啥活动啊","description":"no description yet","like_count":0,"comment_count":1,"view_count":27,"type":"post","tag":"not tag yet","imageList":"","content_source":null,"comments":[{"id":178360,"parent_id":46680,"type":1,"commentor":1043,"gmtCreate":null,"gmtModified":null,"like_count":0,"content":"有跳舞的，Cos装扮，一起看恐怖片，剧本杀等等","anonymity":1,"any_name":"四川麻辣烫","commentCount":null,"user":{"id":1043,"name":"Randy \uD83D\uDC31","avatar_url":"https://thirdwx.qlogo.cn/mmopen/vi_32/54HMe0FElvUs8d51A7cbt9tqo8Yia0rgNs5OCUIdSuhT6EUq6iaicZGzewMzUWOGcJeZEvNgTia7U2wuKGuq0JcAicg/132"},"isCommentLike":-5,"dislike_count":0}],"any_name":"摆烂到底","relation":-2,"liked":-4,"anonymity":1,"dislike_count":0}