{"id":46784,"author":"U_184021662289","author_avatar_url":null,"author_id":9800,"author_status":1,"gmt_create":1666758777355,"gmt_modified":1666758777355,"content":"谁的快递 录到我这里了 认领一下 未拆","title":"谁的快递 录到我这里了 认领一下 未拆","description":"no description yet","like_count":2,"comment_count":0,"view_count":27,"type":"post","tag":"not tag yet","imageList":"http://test01-20200725.oss-cn-shenzhen.aliyuncs.com/image/1666758747923.jpg?Expires=1982118749&OSSAccessKeyId=LTAI4G5RL7pjavqASCwc42kR&Signature=4AO9f0V0rW0MWn5a%2BZ3QXNbMX9c%3D","content_source":null,"comments":null,"any_name":null,"relation":-2,"liked":-4,"anonymity":0,"dislike_count":0}