{"id":46803,"author":null,"author_avatar_url":null,"author_id":10592,"author_status":1,"gmt_create":1666763396295,"gmt_modified":1666763396295,"content":"法学院某人想当皇帝回家当，别在科大扰乱学校氛围。不要骗我们普通学生的血汗钱。50块钱的会费你坑谁？","title":"法学院某人想当皇帝回家当，别在科大扰乱学校氛围。不要骗我们普通学生的血汗钱。50块钱的会费你坑谁？","description":"no description yet","like_count":6,"comment_count":12,"view_count":569,"type":"post","tag":"not tag yet","imageList":"","content_source":null,"comments":[{"id":178541,"parent_id":46803,"type":1,"commentor":10409,"gmtCreate":null,"gmtModified":null,"like_count":1,"content":"勇士 支持你！","anonymity":1,"any_name":"Redis设计与实现","commentCount":null,"user":{"id":10409,"name":"U_380611665649","avatar_url":null},"isCommentLike":-5,"dislike_count":0},{"id":178543,"parent_id":46803,"type":1,"commentor":1236,"gmtCreate":null,"gmtModified":null,"like_count":0,"content":"zxr穷疯了吗在这想尽办法敛财","anonymity":0,"any_name":null,"commentCount":null,"user":{"id":1236,"name":"U_694091633192","avatar_url":null},"isCommentLike":-5,"dislike_count":0},{"id":178548,"parent_id":46803,"type":1,"commentor":1236,"gmtCreate":null,"gmtModified":null,"like_count":0,"content":"怒赞","anonymity":1,"any_name":"人生的智慧","commentCount":null,"user":{"id":1236,"name":"U_694091633192","avatar_url":null},"isCommentLike":-5,"dislike_count":0},{"id":178556,"parent_id":46803,"type":1,"commentor":1429,"gmtCreate":null,"gmtModified":null,"like_count":0,"content":"\uD83D\uDC4D\uD83D\uDC4D","anonymity":1,"any_name":"允指原味鸡","commentCount":null,"user":{"id":1429,"name":"神经蛙","avatar_url":"https://thirdwx.qlogo.cn/mmopen/vi_32/Q3auHgzwzM5J2LL0umXhEV8hukphIEP6yIDUiayClt52wwVguJvuLW7I7zUpX4NMhXyuKq1dX4FehX7NcB7XyRQ/132"},"isCommentLike":-5,"dislike_count":0},{"id":178558,"parent_id":46803,"type":1,"commentor":1429,"gmtCreate":null,"gmtModified":null,"like_count":0,"content":"z：钱钱来喽","anonymity":1,"any_name":"允指原味鸡","commentCount":null,"user":{"id":1429,"name":"神经蛙","avatar_url":"https://thirdwx.qlogo.cn/mmopen/vi_32/Q3auHgzwzM5J2LL0umXhEV8hukphIEP6yIDUiayClt52wwVguJvuLW7I7zUpX4NMhXyuKq1dX4FehX7NcB7XyRQ/132"},"isCommentLike":-5,"dislike_count":0},{"id":178563,"parent_id":46803,"type":1,"commentor":1236,"gmtCreate":null,"gmtModified":null,"like_count":0,"content":"z：又有钱喝酒咯","anonymity":1,"any_name":"人生的智慧","commentCount":null,"user":{"id":1236,"name":"U_694091633192","avatar_url":null},"isCommentLike":-5,"dislike_count":0},{"id":178591,"parent_id":46803,"type":1,"commentor":10303,"gmtCreate":null,"gmtModified":null,"like_count":0,"content":"觉得贪污，去澳门政府举报，别在这匿名发表观点了，来科大上学，真的会在乎这一万来块钱会费吗。","anonymity":1,"any_name":"拱北吴彦祖","commentCount":null,"user":{"id":10303,"name":"U_467951664970","avatar_url":null},"isCommentLike":-5,"dislike_count":0},{"id":178561,"parent_id":178543,"type":2,"commentor":10409,"gmtCreate":null,"gmtModified":null,"like_count":0,"content":"听说动机还不纯呢","anonymity":1,"any_name":"Redis设计与实现","commentCount":null,"user":{"id":10409,"name":"U_380611665649","avatar_url":null},"isCommentLike":-5,"dislike_count":0},{"id":178633,"parent_id":178591,"type":2,"commentor":10592,"gmtCreate":null,"gmtModified":null,"like_count":0,"content":"之前alsa都没收过会费啊？而且本来就是有政府拨款的，其他学生会没有拨款的都没他这么多。你自己想想？","anonymity":1,"any_name":"皮卡丘","commentCount":null,"user":{"id":10592,"name":"咖啡不是妃","avatar_url":null},"isCommentLike":-5,"dislike_count":0},{"id":178647,"parent_id":178591,"type":2,"commentor":361,"gmtCreate":null,"gmtModified":null,"like_count":0,"content":"啊？一万多块钱还不多啊？不够让人在乎吗？富哥v我500看看实力？","anonymity":1,"any_name":"水箭龟","commentCount":null,"user":{"id":361,"name":"123www","avatar_url":"http://test01-20200725.oss-cn-shenzhen.aliyuncs.com/image/1664970782601.jpg?Expires=1980330782&OSSAccessKeyId=LTAI4G5RL7pjavqASCwc42kR&Signature=3SCOmJMq18FxxU71DZmduhmklig%3D"},"isCommentLike":-5,"dislike_count":0},{"id":178676,"parent_id":178591,"type":2,"commentor":8922,"gmtCreate":null,"gmtModified":null,"like_count":0,"content":"要不您帮这些人交会费？","anonymity":1,"any_name":"皮卡丘","commentCount":null,"user":{"id":8922,"name":"U_45141653291","avatar_url":null},"isCommentLike":-5,"dislike_count":0},{"id":178766,"parent_id":178591,"type":2,"commentor":393,"gmtCreate":null,"gmtModified":null,"like_count":0,"content":"带孝子又搁这妄想捂嘴啊？快去哄哄你爹吧","anonymity":1,"any_name":"奥利奥","commentCount":null,"user":{"id":393,"name":"nbbcslm","avatar_url":"http://test01-20200725.oss-cn-shenzhen.aliyuncs.com/image/1666616582987.jpg?Expires=1981976576&OSSAccessKeyId=LTAI4G5RL7pjavqASCwc42kR&Signature=HXLjg9zoo9RipDnZDEZYHaxqqsU%3D"},"isCommentLike":-5,"dislike_count":0}],"any_name":"皮卡丘","relation":-2,"liked":-4,"anonymity":1,"dislike_count":0}