{"id":46854,"author":"U_168181664455","author_avatar_url":"http://test01-20200725.oss-cn-shenzhen.aliyuncs.com/image/1666795449076.jpg?Expires=1982155447&OSSAccessKeyId=LTAI4G5RL7pjavqASCwc42kR&Signature=DuDxZlSxNErBDn4j%2FrK8ErUrjW0%3D","author_id":10249,"author_status":1,"gmt_create":1666771145951,"gmt_modified":1666771145951,"content":"求求线性代数题库 \uD83C\uDE51️有偿","title":"求求线性代数题库 \uD83C\uDE51️有偿","description":"no description yet","like_count":0,"comment_count":7,"view_count":78,"type":"post","tag":"not tag yet","imageList":"","content_source":null,"comments":[{"id":178728,"parent_id":46854,"type":1,"commentor":2141,"gmtCreate":null,"gmtModified":null,"like_count":0,"content":"线性代数还有题库？","anonymity":0,"any_name":null,"commentCount":null,"user":{"id":2141,"name":"bug","avatar_url":"http://test01-20200725.oss-cn-shenzhen.aliyuncs.com/image/1650615494333.jpg?Expires=1965975487&OSSAccessKeyId=LTAI4G5RL7pjavqASCwc42kR&Signature=uUNxFaXSqIq4Mu9vaMs8wHoI1%2FI%3D"},"isCommentLike":-5,"dislike_count":0},{"id":178735,"parent_id":46854,"type":1,"commentor":71,"gmtCreate":null,"gmtModified":null,"like_count":0,"content":"我有，但是没什么用","anonymity":1,"any_name":"亚古兽","commentCount":null,"user":{"id":71,"name":"一支\uD83C\uDF4B茶","avatar_url":"http://test01-20200725.oss-cn-shenzhen.aliyuncs.com/image/1665761422653.jpg?Expires=1981121423&OSSAccessKeyId=LTAI4G5RL7pjavqASCwc42kR&Signature=HKm6K%2Fep6pjNO1GYdhmExFTk7rM%3D"},"isCommentLike":-5,"dislike_count":0},{"id":179108,"parent_id":46854,"type":1,"commentor":286,"gmtCreate":null,"gmtModified":null,"like_count":0,"content":"有课后答案","anonymity":1,"any_name":"葡挞","commentCount":null,"user":{"id":286,"name":"青","avatar_url":"https://thirdwx.qlogo.cn/mmopen/vi_32/Q0j4TwGTfTLubj8UrSTSTC707IzZuZE4F4Ym6HiaLjxh3J2N1uLibc02gfcWKxgMSdy08KVD81gZsZk1VgAiawiaog/132"},"isCommentLike":-5,"dislike_count":0},{"id":180868,"parent_id":46854,"type":1,"commentor":2263,"gmtCreate":null,"gmtModified":null,"like_count":0,"content":"我有qq2709828793","anonymity":1,"any_name":"大潭山车队","commentCount":null,"user":{"id":2263,"name":"昵称是啥","avatar_url":null},"isCommentLike":-5,"dislike_count":0},{"id":178754,"parent_id":178728,"type":2,"commentor":1031,"gmtCreate":null,"gmtModified":null,"like_count":0,"content":"这东西还需要做题库？","anonymity":0,"any_name":null,"commentCount":null,"user":{"id":1031,"name":"讨厌下雨的天空","avatar_url":"http://test01-20200725.oss-cn-shenzhen.aliyuncs.com/image/1635409003949.gif?Expires=1950769019&OSSAccessKeyId=LTAI4G5RL7pjavqASCwc42kR&Signature=LyILll813cXsdmMpzvMywtvpbQQ%3D"},"isCommentLike":-5,"dislike_count":0},{"id":178761,"parent_id":178754,"type":2,"commentor":2141,"gmtCreate":null,"gmtModified":null,"like_count":0,"content":"线性代数bei是离散数学 我还行\uD83D\uDE01","anonymity":0,"any_name":null,"commentCount":null,"user":{"id":2141,"name":"bug","avatar_url":"http://test01-20200725.oss-cn-shenzhen.aliyuncs.com/image/1650615494333.jpg?Expires=1965975487&OSSAccessKeyId=LTAI4G5RL7pjavqASCwc42kR&Signature=uUNxFaXSqIq4Mu9vaMs8wHoI1%2FI%3D"},"isCommentLike":-5,"dislike_count":0},{"id":178788,"parent_id":178761,"type":2,"commentor":1031,"gmtCreate":null,"gmtModified":null,"like_count":0,"content":"一个老师是真的","anonymity":0,"any_name":null,"commentCount":null,"user":{"id":1031,"name":"讨厌下雨的天空","avatar_url":"http://test01-20200725.oss-cn-shenzhen.aliyuncs.com/image/1635409003949.gif?Expires=1950769019&OSSAccessKeyId=LTAI4G5RL7pjavqASCwc42kR&Signature=LyILll813cXsdmMpzvMywtvpbQQ%3D"},"isCommentLike":-5,"dislike_count":0}],"any_name":null,"relation":-2,"liked":-4,"anonymity":0,"dislike_count":0}