{"id":46911,"author":null,"author_avatar_url":null,"author_id":10409,"author_status":1,"gmt_create":1666781818093,"gmt_modified":1666781818093,"content":"皇帝x骚扰瓜求求\uD83D\uDC42","title":"皇帝x骚扰瓜求求\uD83D\uDC42","description":"no description yet","like_count":2,"comment_count":1,"view_count":258,"type":"post","tag":"not tag yet","imageList":"","content_source":null,"comments":[{"id":178918,"parent_id":46911,"type":1,"commentor":1460,"gmtCreate":null,"gmtModified":null,"like_count":0,"content":"\uD83D\uDC42","anonymity":0,"any_name":null,"commentCount":null,"user":{"id":1460,"name":"雪豹","avatar_url":"http://test01-20200725.oss-cn-shenzhen.aliyuncs.com/image/1666762755099.jpg?Expires=1982122749&OSSAccessKeyId=LTAI4G5RL7pjavqASCwc42kR&Signature=f9c4CtrdfZuEOErFI3w%2FrcVRhIc%3D"},"isCommentLike":-5,"dislike_count":0}],"any_name":"微积分","relation":-2,"liked":-4,"anonymity":1,"dislike_count":0}