{"id":47068,"author":null,"author_avatar_url":null,"author_id":10740,"author_status":1,"gmt_create":1666839788965,"gmt_modified":1666839788965,"content":"捞今天上午10点北安逗留签 绿色polo衫带黑框眼镜高个子帅哥 想问有没有女朋友","title":"捞今天上午10点北安逗留签 绿色polo衫带黑框眼镜高个子帅哥 想问有没有女朋友","description":"no description yet","like_count":1,"comment_count":1,"view_count":194,"type":"post","tag":"not tag yet","imageList":"","content_source":null,"comments":[{"id":179567,"parent_id":47068,"type":1,"commentor":10742,"gmtCreate":null,"gmtModified":null,"like_count":0,"content":"\uD83E\uDD79","anonymity":1,"any_name":"Redis设计与实现","commentCount":null,"user":{"id":10742,"name":"U_525911666839","avatar_url":null},"isCommentLike":-5,"dislike_count":0}],"any_name":"奥利奥","relation":-2,"liked":-4,"anonymity":1,"dislike_count":0}