{"id":47195,"author":null,"author_avatar_url":null,"author_id":10362,"author_status":1,"gmt_create":1666868268898,"gmt_modified":1666868268898,"content":"记错时间错过火警演讲了问题大不大。。。","title":"记错时间错过火警演讲了问题大不大。。。","description":"no description yet","like_count":0,"comment_count":2,"view_count":87,"type":"post","tag":"not tag yet","imageList":"","content_source":null,"comments":[{"id":180084,"parent_id":47195,"type":1,"commentor":10351,"gmtCreate":null,"gmtModified":null,"like_count":1,"content":"不用担心 这个活动因为疫情延迟啦！宿管刚发的通知","anonymity":1,"any_name":"网瘾少年","commentCount":null,"user":{"id":10351,"name":"3663916342","avatar_url":null},"isCommentLike":-5,"dislike_count":0},{"id":180051,"parent_id":47195,"type":1,"commentor":10234,"gmtCreate":null,"gmtModified":null,"like_count":0,"content":"没关系 你们宿舍有人去了就行","anonymity":1,"any_name":"哥斯拉","commentCount":null,"user":{"id":10234,"name":"该用户已注销","avatar_url":"http://test01-20200725.oss-cn-shenzhen.aliyuncs.com/image/1666284413629.jpg?Expires=1981644408&OSSAccessKeyId=LTAI4G5RL7pjavqASCwc42kR&Signature=dIbmFNj%2FP%2BBJaEIpDtwjSpgplO4%3D"},"isCommentLike":-5,"dislike_count":0}],"any_name":"允指原味鸡","relation":-2,"liked":-4,"anonymity":1,"dislike_count":0}