{"id":47253,"author":null,"author_avatar_url":null,"author_id":9929,"author_status":1,"gmt_create":1666877759337,"gmt_modified":1666877759337,"content":"感觉我的大学生活好失败，学习也没有学什么，恋爱也没谈过，下课就往家里跑，没课的时候就睡觉，好废物啊…","title":"感觉我的大学生活好失败，学习也没有学什么，恋爱也没谈过，下课就往家里跑，没课的时候就睡觉，好废物啊…","description":"no description yet","like_count":1,"comment_count":2,"view_count":133,"type":"post","tag":"not tag yet","imageList":"","content_source":null,"comments":[{"id":180195,"parent_id":47253,"type":1,"commentor":1828,"gmtCreate":null,"gmtModified":null,"like_count":0,"content":"我也是，都快毕业了也是这样，或许我的性格就是这样吧","anonymity":1,"any_name":"沊仔刘亦菲","commentCount":null,"user":{"id":1828,"name":"Kirby","avatar_url":"http://test01-20200725.oss-cn-shenzhen.aliyuncs.com/image/1637497282478.jpg?Expires=1952857280&OSSAccessKeyId=LTAI4G5RL7pjavqASCwc42kR&Signature=xiaeEZn0Mk%2BDJvW6Y3w4lngoIwg%3D"},"isCommentLike":-5,"dislike_count":0},{"id":180800,"parent_id":47253,"type":1,"commentor":10579,"gmtCreate":null,"gmtModified":null,"like_count":0,"content":"我也是","anonymity":1,"any_name":"大潭山车队","commentCount":null,"user":{"id":10579,"name":"U_611771666093","avatar_url":null},"isCommentLike":-5,"dislike_count":0}],"any_name":"英国短毛猫","relation":-2,"liked":-4,"anonymity":1,"dislike_count":0}