{"id":47316,"author":null,"author_avatar_url":null,"author_id":8649,"author_status":1,"gmt_create":1666898279068,"gmt_modified":1666898279068,"content":"想请教一下科大csgo各大A哥S哥 我刚玩200h 因为有一定fps基础所以打的还将就 现在在C分段 手感很不稳定 有时候枪枪都是头 有时候前四五个回合场伤只有20 有什么解决办法吗","title":"想请教一下科大csgo各大A哥S哥 我刚玩200h 因为有一定fps基础所以打的还将就 现在在C分段 手感很不稳定 有时候枪枪都是头 有时候前四五个回合场伤只有20 有什","description":"no description yet","like_count":1,"comment_count":5,"view_count":110,"type":"post","tag":"not tag yet","imageList":"","content_source":null,"comments":[{"id":180504,"parent_id":47316,"type":1,"commentor":2015,"gmtCreate":null,"gmtModified":null,"like_count":0,"content":"打死斗，练压枪，预喵，爆头线","anonymity":0,"any_name":null,"commentCount":null,"user":{"id":2015,"name":"腿毛多","avatar_url":"http://test01-20200725.oss-cn-shenzhen.aliyuncs.com/image/1662058836104.jpg?Expires=1977418836&OSSAccessKeyId=LTAI4G5RL7pjavqASCwc42kR&Signature=w0t3AHdQMmbyjVZausc%2FrO9nY6E%3D"},"isCommentLike":-5,"dislike_count":0},{"id":180785,"parent_id":47316,"type":1,"commentor":10476,"gmtCreate":null,"gmtModified":null,"like_count":0,"content":"a+以下就多打bot练定位和预瞄","anonymity":0,"any_name":null,"commentCount":null,"user":{"id":10476,"name":"U_908211665752","avatar_url":null},"isCommentLike":-5,"dislike_count":0},{"id":180638,"parent_id":180504,"type":2,"commentor":8649,"gmtCreate":null,"gmtModified":null,"like_count":0,"content":"谢谢 但是爆头线不是架好了就可以吗 还需要怎么练吗","anonymity":1,"any_name":"深海鳕鱼堡","commentCount":null,"user":{"id":8649,"name":"程序真帅","avatar_url":null},"isCommentLike":-5,"dislike_count":0},{"id":180837,"parent_id":180785,"type":2,"commentor":8649,"gmtCreate":null,"gmtModified":null,"like_count":0,"content":"感觉自己定位是有点差\uD83D\uDE2Dbot是不是挺练定位的","anonymity":1,"any_name":"深海鳕鱼堡","commentCount":null,"user":{"id":8649,"name":"程序真帅","avatar_url":null},"isCommentLike":-5,"dislike_count":0},{"id":180855,"parent_id":180785,"type":2,"commentor":10476,"gmtCreate":null,"gmtModified":null,"like_count":0,"content":"是这样的","anonymity":0,"any_name":null,"commentCount":null,"user":{"id":10476,"name":"U_908211665752","avatar_url":null},"isCommentLike":-5,"dislike_count":0}],"any_name":"深海鳕鱼堡","relation":-2,"liked":-4,"anonymity":1,"dislike_count":0}