{"id":47341,"author":null,"author_avatar_url":null,"author_id":9991,"author_status":1,"gmt_create":1666925145001,"gmt_modified":1666925145001,"content":"现在去珠海危险吗？怕疫情","title":"现在去珠海危险吗？怕疫情","description":"no description yet","like_count":0,"comment_count":1,"view_count":35,"type":"post","tag":"not tag yet","imageList":"","content_source":null,"comments":[{"id":180622,"parent_id":47341,"type":1,"commentor":1864,"gmtCreate":null,"gmtModified":null,"like_count":0,"content":"不知道耶 我早上刚刚从拱北过来","anonymity":1,"any_name":"葡挞","commentCount":null,"user":{"id":1864,"name":"鼠鼠","avatar_url":"http://test01-20200725.oss-cn-shenzhen.aliyuncs.com/image/1661703319698.jpg?Expires=1977063321&OSSAccessKeyId=LTAI4G5RL7pjavqASCwc42kR&Signature=QOmLE7ryxq7LMZ5yDvkLYNv%2F7ow%3D"},"isCommentLike":-5,"dislike_count":0}],"any_name":"GRE精选","relation":-2,"liked":-4,"anonymity":1,"dislike_count":0}