{"id":47438,"author":null,"author_avatar_url":null,"author_id":5776,"author_status":1,"gmt_create":1666950359634,"gmt_modified":1666950359634,"content":"ygf有你是我的福气\uD83D\uDE4F","title":"ygf有你是我的福气\uD83D\uDE4F","description":"no description yet","like_count":1,"comment_count":2,"view_count":259,"type":"post","tag":"not tag yet","imageList":"","content_source":null,"comments":[{"id":180967,"parent_id":47438,"type":1,"commentor":10742,"gmtCreate":null,"gmtModified":null,"like_count":0,"content":"笑的","anonymity":1,"any_name":"布偶猫","commentCount":null,"user":{"id":10742,"name":"U_525911666839","avatar_url":null},"isCommentLike":-5,"dislike_count":0},{"id":180975,"parent_id":47438,"type":1,"commentor":5776,"gmtCreate":null,"gmtModified":null,"like_count":0,"content":"为什么她连PPT都不给全\uD83D\uDE05","anonymity":1,"any_name":"沊仔刘亦菲","commentCount":null,"user":{"id":5776,"name":"U_492071648806","avatar_url":null},"isCommentLike":-5,"dislike_count":0}],"any_name":"沊仔刘亦菲","relation":-2,"liked":-4,"anonymity":1,"dislike_count":0}