{"id":47584,"author":null,"author_avatar_url":null,"author_id":9582,"author_status":1,"gmt_create":1667005503886,"gmt_modified":1667005503886,"content":"请问九点的演讲辩论杨老师那堂课除了wemust签到 还需要别的线下签到嘛","title":"请问九点的演讲辩论杨老师那堂课除了wemust签到 还需要别的线下签到嘛","description":"no description yet","like_count":0,"comment_count":2,"view_count":82,"type":"post","tag":"not tag yet","imageList":"","content_source":null,"comments":[{"id":181532,"parent_id":47584,"type":1,"commentor":10701,"gmtCreate":null,"gmtModified":null,"like_count":0,"content":"6","anonymity":0,"any_name":null,"commentCount":null,"user":{"id":10701,"name":"U_256271666666","avatar_url":null},"isCommentLike":-5,"dislike_count":0},{"id":181533,"parent_id":47584,"type":1,"commentor":10701,"gmtCreate":null,"gmtModified":null,"like_count":0,"content":"应该不用","anonymity":0,"any_name":null,"commentCount":null,"user":{"id":10701,"name":"U_256271666666","avatar_url":null},"isCommentLike":-5,"dislike_count":0}],"any_name":"大潭山车队","relation":-2,"liked":-4,"anonymity":1,"dislike_count":0}