{"id":47603,"author":null,"author_avatar_url":null,"author_id":8028,"author_status":1,"gmt_create":1667011888135,"gmt_modified":1667011888135,"content":"请问新八佰伴附近有啥好吃的美食推荐一下","title":"请问新八佰伴附近有啥好吃的美食推荐一下","description":"no description yet","like_count":0,"comment_count":0,"view_count":2,"type":"post","tag":"not tag yet","imageList":"","content_source":null,"comments":null,"any_name":"微积分","relation":-2,"liked":-4,"anonymity":1,"dislike_count":0}