{"id":47711,"author":"逐渐峫化","author_avatar_url":null,"author_id":10039,"author_status":1,"gmt_create":1667041859613,"gmt_modified":1667041859613,"content":"把别人湿衣服从烘干机拿出来的同学\n不会以为我会说谢谢吧","title":"把别人湿衣服从烘干机拿出来的同学\n不会以为我会说谢谢吧","description":"no description yet","like_count":5,"comment_count":4,"view_count":85,"type":"post","tag":"not tag yet","imageList":"http://test01-20200725.oss-cn-shenzhen.aliyuncs.com/image/1667041856725.jpg?Expires=1982401852&OSSAccessKeyId=LTAI4G5RL7pjavqASCwc42kR&Signature=yNJZOxoMRi6VGcY3G9W398sy3UU%3D","content_source":null,"comments":[{"id":181961,"parent_id":47711,"type":1,"commentor":1948,"gmtCreate":null,"gmtModified":null,"like_count":0,"content":"学校烘干机有问题 不容易干","anonymity":1,"any_name":"Jerry","commentCount":null,"user":{"id":1948,"name":"丢三落四大王","avatar_url":"http://test01-20200725.oss-cn-shenzhen.aliyuncs.com/image/1664636319047.jpg?Expires=1979996318&OSSAccessKeyId=LTAI4G5RL7pjavqASCwc42kR&Signature=a3eH0YXIPBTjtJoabzLa3R0QwO8%3D"},"isCommentLike":-5,"dislike_count":0},{"id":182032,"parent_id":181961,"type":2,"commentor":10039,"gmtCreate":null,"gmtModified":null,"like_count":0,"content":"是的，但我三十分钟下去的时候我衣服湿的在外边，里面的基本干了，很难不联想一些不好的行为","anonymity":0,"any_name":null,"commentCount":null,"user":{"id":10039,"name":"逐渐峫化","avatar_url":null},"isCommentLike":-5,"dislike_count":0},{"id":182072,"parent_id":182032,"type":2,"commentor":1948,"gmtCreate":null,"gmtModified":null,"like_count":0,"content":"那我支持你 你下次坐在旁边守护自己的衣服叭","anonymity":1,"any_name":"Jerry","commentCount":null,"user":{"id":1948,"name":"丢三落四大王","avatar_url":"http://test01-20200725.oss-cn-shenzhen.aliyuncs.com/image/1664636319047.jpg?Expires=1979996318&OSSAccessKeyId=LTAI4G5RL7pjavqASCwc42kR&Signature=a3eH0YXIPBTjtJoabzLa3R0QwO8%3D"},"isCommentLike":-5,"dislike_count":0},{"id":182143,"parent_id":182072,"type":2,"commentor":10039,"gmtCreate":null,"gmtModified":null,"like_count":0,"content":"是我大意了呜呜","anonymity":0,"any_name":null,"commentCount":null,"user":{"id":10039,"name":"逐渐峫化","avatar_url":null},"isCommentLike":-5,"dislike_count":0}],"any_name":null,"relation":-2,"liked":-4,"anonymity":0,"dislike_count":0}