{"id":47746,"author":null,"author_avatar_url":null,"author_id":10380,"author_status":1,"gmt_create":1667050079997,"gmt_modified":1667050079997,"content":"有没有学长学姐上过黄zz的操作系统，该怎么学啊…听他讲英文好绝望\uD83D\uDE2D\uD83D\uDE2D\uD83D\uDE2D","title":"有没有学长学姐上过黄zz的操作系统，该怎么学啊…听他讲英文好绝望\uD83D\uDE2D\uD83D\uDE2D\uD83D\uDE2D","description":"no description yet","like_count":0,"comment_count":0,"view_count":8,"type":"post","tag":"not tag yet","imageList":"","content_source":null,"comments":null,"any_name":"内卷狂魔","relation":-2,"liked":-4,"anonymity":1,"dislike_count":0}