{"id":47879,"author":null,"author_avatar_url":null,"author_id":1828,"author_status":1,"gmt_create":1667110165862,"gmt_modified":1667110165862,"content":"24小时核酸了，住横琴的那个抗原不知道还要不要做","title":"24小时核酸了，住横琴的那个抗原不知道还要不要做","description":"no description yet","like_count":0,"comment_count":0,"view_count":1,"type":"post","tag":"not tag yet","imageList":"","content_source":null,"comments":null,"any_name":"内卷狂魔","relation":-2,"liked":-4,"anonymity":1,"dislike_count":0}