{"id":47896,"author":null,"author_avatar_url":null,"author_id":1295,"author_status":1,"gmt_create":1667111980843,"gmt_modified":1667111980843,"content":"为什么去年九月底澳门出现一例就上网课，今年澳门都好几例了，也没有上网课\uD83E\uDD72","title":"为什么去年九月底澳门出现一例就上网课，今年澳门都好几例了，也没有上网课\uD83E\uDD72","description":"no description yet","like_count":1,"comment_count":1,"view_count":54,"type":"post","tag":"not tag yet","imageList":"","content_source":null,"comments":[{"id":182579,"parent_id":47896,"type":1,"commentor":1025,"gmtCreate":null,"gmtModified":null,"like_count":0,"content":"去年那个确诊好像离学校很近，今年应该没那么近，而且感觉疫情常态化了","anonymity":1,"any_name":"深海鳕鱼堡","commentCount":null,"user":{"id":1025,"name":"R_t","avatar_url":"https://thirdwx.qlogo.cn/mmopen/vi_32/sBJGEvylut78j3YCXXia4dULI3LrOicTuoHjR5f5pYxL94EWknlw1Z8ia0NGtDibhGpSmdfUtZQFfpZgbia8VYe1iaxQ/132"},"isCommentLike":-5,"dislike_count":0}],"any_name":"深海鳕鱼堡","relation":-2,"liked":-4,"anonymity":1,"dislike_count":0}