{"id":5134,"author":null,"author_avatar_url":null,"author_id":1241,"author_status":1,"gmt_create":1637582868946,"gmt_modified":1637582868946,"content":"新闻邓耀荣老师给分怎么样啊 有没有上过他课的uus","title":"新闻邓耀荣老师给分怎么样啊 有没有上过他课的uus","description":"no description yet","like_count":1,"comment_count":2,"view_count":62,"type":"post","tag":"not tag yet","imageList":"","content_source":null,"comments":[{"id":19096,"parent_id":5134,"type":1,"commentor":1255,"gmtCreate":null,"gmtModified":null,"like_count":0,"content":"一般般，还有点喜欢yygq煽动人，说什么学校后面那片空地怎么没人抗议一下“拿回我们应有的权利”blablabla的","anonymity":1,"any_name":"六级词汇","commentCount":null,"user":{"id":1255,"name":"AmorAida","avatar_url":"http://test01-20200725.oss-cn-shenzhen.aliyuncs.com/image/1657639521897.jpg?Expires=1972999522&OSSAccessKeyId=LTAI4G5RL7pjavqASCwc42kR&Signature=IwuMELBueJfYSWvEE%2F1051fYOXI%3D"},"isCommentLike":-5,"dislike_count":0},{"id":19563,"parent_id":19096,"type":2,"commentor":1241,"gmtCreate":null,"gmtModified":null,"like_count":0,"content":"好的 谢谢","anonymity":0,"any_name":null,"commentCount":null,"user":{"id":1241,"name":"lilies","avatar_url":"http://test01-20200725.oss-cn-shenzhen.aliyuncs.com/image/1638097225372.jpg?Expires=1953457215&OSSAccessKeyId=LTAI4G5RL7pjavqASCwc42kR&Signature=ZpjZjuO%2F13e8TqPdcS8PmwI1kjE%3D"},"isCommentLike":-5,"dislike_count":0}],"any_name":"Kelly","relation":-2,"liked":-4,"anonymity":1,"dislike_count":0}