{"id":5163,"author":null,"author_avatar_url":null,"author_id":648,"author_status":1,"gmt_create":1637600882208,"gmt_modified":1637600882208,"content":"HONG SNOW好乖好乖好乖的小狗","title":"HONG SNOW好乖好乖好乖的小狗","description":"no description yet","like_count":2,"comment_count":4,"view_count":65,"type":"post","tag":"not tag yet","imageList":"","content_source":null,"comments":[{"id":18911,"parent_id":5163,"type":1,"commentor":884,"gmtCreate":null,"gmtModified":null,"like_count":1,"content":"是的！！！！真的好可爱\uD83E\uDD24\uD83E\uDD24\uD83E\uDD24\uD83E\uDD24\uD83E\uDD24\uD83E\uDD24","anonymity":1,"any_name":"四川麻辣烫","commentCount":null,"user":{"id":884,"name":"野生雪人","avatar_url":"https://thirdwx.qlogo.cn/mmopen/vi_32/8a8mPjIM59wiaotosF3sgkOkPoEjdW3WKXrrnicYgZxicRUKfFl3XZ1WhvKsia3tibKSxvQjONYmhibSSVOeOo5WFKibg/132"},"isCommentLike":-5,"dislike_count":0},{"id":18917,"parent_id":5163,"type":1,"commentor":725,"gmtCreate":null,"gmtModified":null,"like_count":0,"content":"好想吃姐姐做的饭TT","anonymity":1,"any_name":"六级词汇","commentCount":null,"user":{"id":725,"name":"修正带还是修正液","avatar_url":"https://thirdwx.qlogo.cn/mmopen/vi_32/SCBpWZw1RbabyOtzf1kQ5BkgnaLibFIYHZYLkONIzWVBCqhicEyZmRxsjLnRvIHt8DiacWy8FxoJib3a5qFocwPicbg/132"},"isCommentLike":-5,"dislike_count":0},{"id":18916,"parent_id":18911,"type":2,"commentor":648,"gmtCreate":null,"gmtModified":null,"like_count":0,"content":"好喜欢呀……小宝宝……","anonymity":1,"any_name":"哥斯拉","commentCount":null,"user":{"id":648,"name":"就用危险的常识","avatar_url":"https://thirdwx.qlogo.cn/mmopen/vi_32/YgorBg15gMiceTsqjo1332TIIDTHTdR1ianW0xn2icB6kiagDPYjsN4ruZDkFKN81t9wDHc0gtibfXF2GmpcDp80PfQ/132"},"isCommentLike":-5,"dislike_count":0},{"id":18918,"parent_id":18917,"type":2,"commentor":648,"gmtCreate":null,"gmtModified":null,"like_count":0,"content":"也想做漂亮小狗狗\uD83D\uDE22","anonymity":1,"any_name":"哥斯拉","commentCount":null,"user":{"id":648,"name":"就用危险的常识","avatar_url":"https://thirdwx.qlogo.cn/mmopen/vi_32/YgorBg15gMiceTsqjo1332TIIDTHTdR1ianW0xn2icB6kiagDPYjsN4ruZDkFKN81t9wDHc0gtibfXF2GmpcDp80PfQ/132"},"isCommentLike":-5,"dislike_count":0}],"any_name":"哥斯拉","relation":-2,"liked":-4,"anonymity":1,"dislike_count":0}