{"id":545,"author":null,"author_avatar_url":null,"author_id":614,"author_status":1,"gmt_create":1631173979989,"gmt_modified":1631173979989,"content":"英语不好 \n容易挂科吗？…有些听不懂","title":"英语不好 \n容易挂科吗？…有些听不懂","description":"no description yet","like_count":1,"comment_count":4,"view_count":179,"type":"post","tag":"not tag yet","imageList":"","content_source":null,"comments":[{"id":1520,"parent_id":545,"type":1,"commentor":8,"gmtCreate":null,"gmtModified":null,"like_count":1,"content":"挂科不至于不至于，认认真真复习和完成布置的任务。一般即使分数低也不会挂科。加油呀","anonymity":0,"any_name":null,"commentCount":null,"user":{"id":8,"name":"Wayne","avatar_url":"https://thirdwx.qlogo.cn/mmopen/vi_32/Q0j4TwGTfTK4QvRe9wjL3uz3URdU8LFTjada54reKaw0ptqFFbFyh7XiaA4hEWfc7xbPbU0yibdibqIY8UL38ribSQ/132"},"isCommentLike":-5,"dislike_count":0},{"id":1508,"parent_id":545,"type":1,"commentor":344,"gmtCreate":null,"gmtModified":null,"like_count":0,"content":"这要看你不好到什么程度了","anonymity":1,"any_name":"Redis设计与实现","commentCount":null,"user":{"id":344,"name":"Lamm","avatar_url":"https://thirdwx.qlogo.cn/mmopen/vi_32/gvxk7L4IuN7TpmyNm1eEMLXRfHh4micOk3GSvIFZtWmyoM9u4e4homCJfO15U9kZdRoqKzoDEdobRJcEG5uYrug/132"},"isCommentLike":-5,"dislike_count":0},{"id":1517,"parent_id":545,"type":1,"commentor":203,"gmtCreate":null,"gmtModified":null,"like_count":0,"content":"有些时候看你们班平均水平","anonymity":0,"any_name":null,"commentCount":null,"user":{"id":203,"name":"樸開開","avatar_url":"https://thirdwx.qlogo.cn/mmopen/vi_32/ax8hKssnRFGu5BiaRXibKNymRiaIMeUTpia3hesSXYgTznRZMrJQYicplTsk3E8asLEbTPIbAmADXQMlOsdfYhpUXdQ/132"},"isCommentLike":-5,"dislike_count":0},{"id":1539,"parent_id":545,"type":1,"commentor":742,"gmtCreate":null,"gmtModified":null,"like_count":0,"content":"一般不会挂的，只是分数高低不同","anonymity":0,"any_name":null,"commentCount":null,"user":{"id":742,"name":"今天也早睡","avatar_url":"http://test01-20200725.oss-cn-shenzhen.aliyuncs.com/image/1658452721717.jpg?Expires=1973812720&OSSAccessKeyId=LTAI4G5RL7pjavqASCwc42kR&Signature=cP3BPMRCLNTPdnqiNT4sIYwi%2FAY%3D"},"isCommentLike":-5,"dislike_count":0}],"any_name":"皮卡丘","relation":-2,"liked":-4,"anonymity":1,"dislike_count":0}