{"id":5533,"author":null,"author_avatar_url":null,"author_id":212,"author_status":1,"gmt_create":1637922437440,"gmt_modified":1637922437440,"content":"刷QQ空间的时候看见的图\n有被吓到","title":"刷QQ空间的时候看见的图\n有被吓到","description":"no description yet","like_count":0,"comment_count":2,"view_count":99,"type":"post","tag":"not tag yet","imageList":"http://test01-20200725.oss-cn-shenzhen.aliyuncs.com/image/1637922402359.jpg?Expires=1953282397&OSSAccessKeyId=LTAI4G5RL7pjavqASCwc42kR&Signature=%2B%2B5kMc8KWD2W8bZAIE7xzxcLOt0%3D","content_source":null,"comments":[{"id":20515,"parent_id":5533,"type":1,"commentor":374,"gmtCreate":null,"gmtModified":null,"like_count":0,"content":"肯定是蜥蜴人！","anonymity":0,"any_name":null,"commentCount":null,"user":{"id":374,"name":"咸因","avatar_url":"http://test01-20200725.oss-cn-shenzhen.aliyuncs.com/image/1640416150822.jpg?Expires=1955776146&OSSAccessKeyId=LTAI4G5RL7pjavqASCwc42kR&Signature=9dZeQ2dXpbcNjNWc8%2F1jcoE%2FufA%3D"},"isCommentLike":-5,"dislike_count":0},{"id":20518,"parent_id":5533,"type":1,"commentor":1417,"gmtCreate":null,"gmtModified":null,"like_count":0,"content":"我丢","anonymity":0,"any_name":null,"commentCount":null,"user":{"id":1417,"name":"哈利波特大","avatar_url":"https://thirdwx.qlogo.cn/mmopen/vi_32/5dzRO2gcrx1hgfk8O2fMOhSPeMaaQ5uz6e9FwtIlibpgtfuQGMNF8N6szxZIs84PH1m9LD4UoW3Y0ZxgsiavMYEQ/132"},"isCommentLike":-5,"dislike_count":0}],"any_name":"Kelly","relation":-2,"liked":-4,"anonymity":1,"dislike_count":0}