{"id":5564,"author":null,"author_avatar_url":null,"author_id":647,"author_status":1,"gmt_create":1637940050009,"gmt_modified":1637940050009,"content":"救命 有没有uu一起玩王者 真的不想再孤独单排了\uD83D\uDC94","title":"救命 有没有uu一起玩王者 真的不想再孤独单排了\uD83D\uDC94","description":"no description yet","like_count":0,"comment_count":5,"view_count":82,"type":"post","tag":"not tag yet","imageList":"","content_source":null,"comments":[{"id":20587,"parent_id":5564,"type":1,"commentor":1017,"gmtCreate":null,"gmtModified":null,"like_count":0,"content":"嫌弃星耀一吗","anonymity":0,"any_name":null,"commentCount":null,"user":{"id":1017,"name":"不会普通话","avatar_url":"http://test01-20200725.oss-cn-shenzhen.aliyuncs.com/image/1641790120548.jpg?Expires=1957150112&OSSAccessKeyId=LTAI4G5RL7pjavqASCwc42kR&Signature=yl%2FaUwOtaxLu56uPbRS4ldspyOQ%3D"},"isCommentLike":-5,"dislike_count":0},{"id":20592,"parent_id":5564,"type":1,"commentor":670,"gmtCreate":null,"gmtModified":null,"like_count":0,"content":"珠海市第37凯爹请战","anonymity":0,"any_name":null,"commentCount":null,"user":{"id":670,"name":"沈腾","avatar_url":"http://test01-20200725.oss-cn-shenzhen.aliyuncs.com/image/1661432787646.jpg?Expires=1976792782&OSSAccessKeyId=LTAI4G5RL7pjavqASCwc42kR&Signature=g6ySCqYrYiFafy1e7j%2BB4OKJDYA%3D"},"isCommentLike":-5,"dislike_count":0},{"id":21132,"parent_id":5564,"type":1,"commentor":1739,"gmtCreate":null,"gmtModified":null,"like_count":0,"content":"有一个星耀一上不去王者的","anonymity":0,"any_name":null,"commentCount":null,"user":{"id":1739,"name":"狮子头呀","avatar_url":"http://test01-20200725.oss-cn-shenzhen.aliyuncs.com/image/1637207013147.jpg?Expires=1952567007&OSSAccessKeyId=LTAI4G5RL7pjavqASCwc42kR&Signature=JBn1%2BYXvsxenEiEM6g4ZvFnRSmo%3D"},"isCommentLike":-5,"dislike_count":0},{"id":20611,"parent_id":20587,"type":2,"commentor":647,"gmtCreate":null,"gmtModified":null,"like_count":0,"content":"不！！！我才星耀二","anonymity":1,"any_name":"Kelly","commentCount":null,"user":{"id":647,"name":"凍檸茶少奶","avatar_url":"http://test01-20200725.oss-cn-shenzhen.aliyuncs.com/image/1656908230605.jpg?Expires=1972268225&OSSAccessKeyId=LTAI4G5RL7pjavqASCwc42kR&Signature=yOhRWNWlRDNQY%2BdkKCNMZ%2BnB2g4%3D"},"isCommentLike":-5,"dislike_count":0},{"id":20612,"parent_id":20592,"type":2,"commentor":647,"gmtCreate":null,"gmtModified":null,"like_count":0,"content":"好厉害啊\uD83D\uDC94","anonymity":1,"any_name":"Kelly","commentCount":null,"user":{"id":647,"name":"凍檸茶少奶","avatar_url":"http://test01-20200725.oss-cn-shenzhen.aliyuncs.com/image/1656908230605.jpg?Expires=1972268225&OSSAccessKeyId=LTAI4G5RL7pjavqASCwc42kR&Signature=yOhRWNWlRDNQY%2BdkKCNMZ%2BnB2g4%3D"},"isCommentLike":-5,"dislike_count":0}],"any_name":"Kelly","relation":-2,"liked":-4,"anonymity":1,"dislike_count":0}