{"id":5837,"author":"U_145671631355","author_avatar_url":null,"author_id":859,"author_status":1,"gmt_create":1638260061984,"gmt_modified":1638260061984,"content":"有没有跑迷你马拉松，一起去的","title":"有没有跑迷你马拉松，一起去的","description":"no description yet","like_count":0,"comment_count":0,"view_count":0,"type":"post","tag":"not tag yet","imageList":"","content_source":null,"comments":null,"any_name":null,"relation":-2,"liked":-4,"anonymity":0,"dislike_count":0}