{"id":6036,"author":"Randy \uD83D\uDC31","author_avatar_url":"https://thirdwx.qlogo.cn/mmopen/vi_32/54HMe0FElvUs8d51A7cbt9tqo8Yia0rgNs5OCUIdSuhT6EUq6iaicZGzewMzUWOGcJeZEvNgTia7U2wuKGuq0JcAicg/132","author_id":1043,"author_status":1,"gmt_create":1638426199146,"gmt_modified":1638426199146,"content":"本週末和下週末 每日5點半到9點半 P座點綻旁藝術廣場點樂市集 歡迎大家來玩！！！！","title":"本週末和下週末 每日5點半到9點半 P座點綻旁藝術廣場點樂市集 歡迎大家來玩！！！！","description":"no description yet","like_count":1,"comment_count":1,"view_count":33,"type":"post","tag":"not tag yet","imageList":"http://test01-20200725.oss-cn-shenzhen.aliyuncs.com/image/1638426154920.png?Expires=1953786154&OSSAccessKeyId=LTAI4G5RL7pjavqASCwc42kR&Signature=yC%2BzL4bTPOW4APR1p8WhmTxhKQM%3D","content_source":null,"comments":[{"id":22549,"parent_id":6036,"type":1,"commentor":1043,"gmtCreate":null,"gmtModified":null,"like_count":0,"content":"有很多可愛的小玩意售賣喔！","anonymity":0,"any_name":null,"commentCount":null,"user":{"id":1043,"name":"Randy \uD83D\uDC31","avatar_url":"https://thirdwx.qlogo.cn/mmopen/vi_32/54HMe0FElvUs8d51A7cbt9tqo8Yia0rgNs5OCUIdSuhT6EUq6iaicZGzewMzUWOGcJeZEvNgTia7U2wuKGuq0JcAicg/132"},"isCommentLike":-5,"dislike_count":0}],"any_name":null,"relation":-2,"liked":-4,"anonymity":0,"dislike_count":0}