{"id":6098,"author":"U_147181638470","author_avatar_url":null,"author_id":1975,"author_status":1,"gmt_create":1638470533470,"gmt_modified":1638470533470,"content":"有人聊天吗有点emo","title":"有人聊天吗有点emo","description":"no description yet","like_count":0,"comment_count":1,"view_count":29,"type":"post","tag":"not tag yet","imageList":"","content_source":null,"comments":[{"id":22837,"parent_id":6098,"type":1,"commentor":1751,"gmtCreate":null,"gmtModified":null,"like_count":0,"content":"我也","anonymity":0,"any_name":null,"commentCount":null,"user":{"id":1751,"name":"\uD83D\uDC1D\uD83D\uDC96\uD83D\uDD12\uD83D\uDC93","avatar_url":"http://test01-20200725.oss-cn-shenzhen.aliyuncs.com/image/1654747810230.jpg?Expires=1970107803&OSSAccessKeyId=LTAI4G5RL7pjavqASCwc42kR&Signature=KahWaPknZKH%2BMug469QddEs%2FSvI%3D"},"isCommentLike":-5,"dislike_count":0}],"any_name":null,"relation":-2,"liked":-4,"anonymity":0,"dislike_count":0}