{"id":6124,"author":"Moooohi","author_avatar_url":"https://thirdwx.qlogo.cn/mmopen/vi_32/g2T2gr7SqneMpkZyicqgUxk0ElaP9Toibaic7qRcU9YBQ7ZFdV2ib9Nsz8DmWn3HGrF7z5dPKqUZhXuP0pVvjup4Lw/132","author_id":1934,"author_status":1,"gmt_create":1638501023327,"gmt_modified":1638501023327,"content":"收英三英四比较新的书（没怎么做过练习的）\n有的话请联系我！谢谢各位！！","title":"收英三英四比较新的书（没怎么做过练习的）\n有的话请联系我！谢谢各位！！","description":"no description yet","like_count":0,"comment_count":5,"view_count":120,"type":"post","tag":"not tag yet","imageList":"","content_source":null,"comments":[{"id":22928,"parent_id":6124,"type":1,"commentor":992,"gmtCreate":null,"gmtModified":null,"like_count":0,"content":"符合要求 几乎全新 礼貌问价","anonymity":1,"any_name":"喷火龙","commentCount":null,"user":{"id":992,"name":"啵鸭","avatar_url":"http://test01-20200725.oss-cn-shenzhen.aliyuncs.com/image/1665479739137.jpg?Expires=1980839735&OSSAccessKeyId=LTAI4G5RL7pjavqASCwc42kR&Signature=%2BQTbVVGtv6dwA%2B12CUcF%2FquWUtA%3D"},"isCommentLike":-5,"dislike_count":0},{"id":22931,"parent_id":22928,"type":2,"commentor":1934,"gmtCreate":null,"gmtModified":null,"like_count":0,"content":"请私信我！谢谢你","anonymity":1,"any_name":"允指原味鸡","commentCount":null,"user":{"id":1934,"name":"Moooohi","avatar_url":"https://thirdwx.qlogo.cn/mmopen/vi_32/g2T2gr7SqneMpkZyicqgUxk0ElaP9Toibaic7qRcU9YBQ7ZFdV2ib9Nsz8DmWn3HGrF7z5dPKqUZhXuP0pVvjup4Lw/132"},"isCommentLike":-5,"dislike_count":0},{"id":22974,"parent_id":22928,"type":2,"commentor":1934,"gmtCreate":null,"gmtModified":null,"like_count":0,"content":"75收英三\uD83C\uDE51️吗","anonymity":0,"any_name":null,"commentCount":null,"user":{"id":1934,"name":"Moooohi","avatar_url":"https://thirdwx.qlogo.cn/mmopen/vi_32/g2T2gr7SqneMpkZyicqgUxk0ElaP9Toibaic7qRcU9YBQ7ZFdV2ib9Nsz8DmWn3HGrF7z5dPKqUZhXuP0pVvjup4Lw/132"},"isCommentLike":-5,"dislike_count":0},{"id":22991,"parent_id":22974,"type":2,"commentor":992,"gmtCreate":null,"gmtModified":null,"like_count":0,"content":"不好意思同学我打算自留了 之前打扰您了 抱歉","anonymity":1,"any_name":"喷火龙","commentCount":null,"user":{"id":992,"name":"啵鸭","avatar_url":"http://test01-20200725.oss-cn-shenzhen.aliyuncs.com/image/1665479739137.jpg?Expires=1980839735&OSSAccessKeyId=LTAI4G5RL7pjavqASCwc42kR&Signature=%2BQTbVVGtv6dwA%2B12CUcF%2FquWUtA%3D"},"isCommentLike":-5,"dislike_count":0},{"id":22998,"parent_id":22991,"type":2,"commentor":1934,"gmtCreate":null,"gmtModified":null,"like_count":0,"content":"哦哦，没关系的，谢谢","anonymity":1,"any_name":"Anton","commentCount":null,"user":{"id":1934,"name":"Moooohi","avatar_url":"https://thirdwx.qlogo.cn/mmopen/vi_32/g2T2gr7SqneMpkZyicqgUxk0ElaP9Toibaic7qRcU9YBQ7ZFdV2ib9Nsz8DmWn3HGrF7z5dPKqUZhXuP0pVvjup4Lw/132"},"isCommentLike":-5,"dislike_count":0}],"any_name":null,"relation":-2,"liked":-4,"anonymity":0,"dislike_count":0}