{"id":6173,"author":null,"author_avatar_url":null,"author_id":1176,"author_status":1,"gmt_create":1638512706669,"gmt_modified":1638512706669,"content":"如果逗留签的审批结果还没出来 是不是就回不了家\uD83D\uDE22","title":"如果逗留签的审批结果还没出来 是不是就回不了家\uD83D\uDE22","description":"no description yet","like_count":0,"comment_count":7,"view_count":102,"type":"post","tag":"not tag yet","imageList":"","content_source":null,"comments":[{"id":23071,"parent_id":6173,"type":1,"commentor":592,"gmtCreate":null,"gmtModified":null,"like_count":0,"content":"没有吧，我刚去大陆回来，没啥问题","anonymity":1,"any_name":"芋圆奶茶","commentCount":null,"user":{"id":592,"name":"xxl","avatar_url":"http://test01-20200725.oss-cn-shenzhen.aliyuncs.com/image/1664352859085.jpg?Expires=1979712854&OSSAccessKeyId=LTAI4G5RL7pjavqASCwc42kR&Signature=jqrJUes41AT1wXmBa32L8fBdjCs%3D"},"isCommentLike":-5,"dislike_count":0},{"id":23142,"parent_id":6173,"type":1,"commentor":889,"gmtCreate":null,"gmtModified":null,"like_count":0,"content":"我的审核到现在还没有过","anonymity":1,"any_name":"三鲜水饺","commentCount":null,"user":{"id":889,"name":"是小咸鱼","avatar_url":"http://test01-20200725.oss-cn-shenzhen.aliyuncs.com/image/1662559494597.gif?Expires=1977919493&OSSAccessKeyId=LTAI4G5RL7pjavqASCwc42kR&Signature=ICVAyRpgxbmnhdI8EAvqLAqLflg%3D"},"isCommentLike":-5,"dislike_count":0},{"id":23096,"parent_id":23071,"type":2,"commentor":1176,"gmtCreate":null,"gmtModified":null,"like_count":0,"content":"他要求我在十七号之前去一趟治安警察局 但是我十四号的机票\uD83D\uDE05我好怕赶不上","anonymity":1,"any_name":"GRE精选","commentCount":null,"user":{"id":1176,"name":"抓马西瓜","avatar_url":"https://thirdwx.qlogo.cn/mmopen/vi_32/Q0j4TwGTfTIwMguHrHm955dicOojbvgSRibV8coPXTvqemtGiaUOB6R7Xc10HE2VqKtBcPvrL9dqvcxNDFPNdvr2w/132"},"isCommentLike":-5,"dislike_count":0},{"id":23138,"parent_id":23096,"type":2,"commentor":592,"gmtCreate":null,"gmtModified":null,"like_count":0,"content":"他应该都不会把时间卡这么紧，实在不行就打电话问一问吧","anonymity":1,"any_name":"芋圆奶茶","commentCount":null,"user":{"id":592,"name":"xxl","avatar_url":"http://test01-20200725.oss-cn-shenzhen.aliyuncs.com/image/1664352859085.jpg?Expires=1979712854&OSSAccessKeyId=LTAI4G5RL7pjavqASCwc42kR&Signature=jqrJUes41AT1wXmBa32L8fBdjCs%3D"},"isCommentLike":-5,"dislike_count":0},{"id":23410,"parent_id":23096,"type":2,"commentor":1672,"gmtCreate":null,"gmtModified":null,"like_count":0,"content":"我特意去北安问了，逾期没去取的也可以进澳门，需要出示学生证和那个领取的表","anonymity":0,"any_name":null,"commentCount":null,"user":{"id":1672,"name":"苹果批","avatar_url":"https://thirdwx.qlogo.cn/mmopen/vi_32/UhMfJpURmcQeOCUia4859NSia5segIWyEEibx9uGYh7BOmpkA2LYNo1JaKFUAAibyLw0OXct7NyfYmiayZ62kEldTmg/132"},"isCommentLike":-5,"dislike_count":0},{"id":23583,"parent_id":23410,"type":2,"commentor":1176,"gmtCreate":null,"gmtModified":null,"like_count":0,"content":"表是指当时去办事后发回来的那个吗","anonymity":1,"any_name":"GRE精选","commentCount":null,"user":{"id":1176,"name":"抓马西瓜","avatar_url":"https://thirdwx.qlogo.cn/mmopen/vi_32/Q0j4TwGTfTIwMguHrHm955dicOojbvgSRibV8coPXTvqemtGiaUOB6R7Xc10HE2VqKtBcPvrL9dqvcxNDFPNdvr2w/132"},"isCommentLike":-5,"dislike_count":0},{"id":23826,"parent_id":23583,"type":2,"commentor":1672,"gmtCreate":null,"gmtModified":null,"like_count":0,"content":"对","anonymity":0,"any_name":null,"commentCount":null,"user":{"id":1672,"name":"苹果批","avatar_url":"https://thirdwx.qlogo.cn/mmopen/vi_32/UhMfJpURmcQeOCUia4859NSia5segIWyEEibx9uGYh7BOmpkA2LYNo1JaKFUAAibyLw0OXct7NyfYmiayZ62kEldTmg/132"},"isCommentLike":-5,"dislike_count":0}],"any_name":"GRE精选","relation":-2,"liked":-4,"anonymity":1,"dislike_count":0}