{"id":6348,"author":null,"author_avatar_url":null,"author_id":1295,"author_status":1,"gmt_create":1638671647525,"gmt_modified":1638671647525,"content":"是真的是真的\uD83D\uDE2D\n都快2022了我还停留在2020 好像才高二，上网课 还没经历高考，突然大一第一学期就快结束了\uD83D\uDE2D","title":"是真的是真的\uD83D\uDE2D\n都快2022了我还停留在2020 好像才高二，上网课 还没经历高考，突然大一第一学期就快结束了\uD83D\uDE2D","description":"no description yet","like_count":5,"comment_count":0,"view_count":28,"type":"post","tag":"not tag yet","imageList":"http://test01-20200725.oss-cn-shenzhen.aliyuncs.com/image/1638671591837.jpg?Expires=1954031584&OSSAccessKeyId=LTAI4G5RL7pjavqASCwc42kR&Signature=A7RLurEAWn2ui91WZoM5bYhRjVQ%3D","content_source":null,"comments":null,"any_name":"大潭山车队","relation":-2,"liked":-4,"anonymity":1,"dislike_count":0}