{"id":6466,"author":null,"author_avatar_url":null,"author_id":1092,"author_status":1,"gmt_create":1638769788403,"gmt_modified":1638769788403,"content":"final小组作业能不能滚出Macao\n要被其他人拖死了","title":"final小组作业能不能滚出Macao\n要被其他人拖死了","description":"no description yet","like_count":11,"comment_count":18,"view_count":293,"type":"post","tag":"not tag yet","imageList":"","content_source":null,"comments":[{"id":24101,"parent_id":6466,"type":1,"commentor":268,"gmtCreate":null,"gmtModified":null,"like_count":1,"content":"口岸那边就写macao","anonymity":1,"any_name":"多喝热水","commentCount":null,"user":{"id":268,"name":"敖","avatar_url":"https://thirdwx.qlogo.cn/mmopen/vi_32/8nsklc0ARyFr5d1BWVKWoykl9R9vK16dXOEbWjcT1t8Qvufc9hTwnvwrVuTD4CtZc54DW1W9CU5cE7ic9a6A1Gw/132"},"isCommentLike":-5,"dislike_count":0},{"id":24089,"parent_id":6466,"type":1,"commentor":1639,"gmtCreate":null,"gmtModified":null,"like_count":0,"content":"Macau  ， thanks","anonymity":1,"any_name":"GRE精选","commentCount":null,"user":{"id":1639,"name":"吴涛学长","avatar_url":"http://test01-20200725.oss-cn-shenzhen.aliyuncs.com/image/1637168704079.unknown?Expires=1952528703&OSSAccessKeyId=LTAI4G5RL7pjavqASCwc42kR&Signature=3MPMtTQl1PHrWhGU8OrRlNS6evE%3D"},"isCommentLike":-5,"dislike_count":0},{"id":24094,"parent_id":24089,"type":2,"commentor":937,"gmtCreate":null,"gmtModified":null,"like_count":0,"content":"严格来说英Macao葡Macau","anonymity":1,"any_name":"网瘾少年","commentCount":null,"user":{"id":937,"name":"Paprika","avatar_url":"https://thirdwx.qlogo.cn/mmopen/vi_32/DYAIOgq83erXO0Hibm3qJlZAq1DEuggbNcFD7NCFFzJrk2VLe4pHwHvbA8JuV9oOibd44ibYWvprax9F18Ank1eibw/132"},"isCommentLike":-5,"dislike_count":0},{"id":24098,"parent_id":24089,"type":2,"commentor":1639,"gmtCreate":null,"gmtModified":null,"like_count":0,"content":"学废了.","anonymity":1,"any_name":"GRE精选","commentCount":null,"user":{"id":1639,"name":"吴涛学长","avatar_url":"http://test01-20200725.oss-cn-shenzhen.aliyuncs.com/image/1637168704079.unknown?Expires=1952528703&OSSAccessKeyId=LTAI4G5RL7pjavqASCwc42kR&Signature=3MPMtTQl1PHrWhGU8OrRlNS6evE%3D"},"isCommentLike":-5,"dislike_count":0},{"id":24123,"parent_id":24089,"type":2,"commentor":1751,"gmtCreate":null,"gmtModified":null,"like_count":0,"content":"哈哈哈哈","anonymity":0,"any_name":null,"commentCount":null,"user":{"id":1751,"name":"\uD83D\uDC1D\uD83D\uDC96\uD83D\uDD12\uD83D\uDC93","avatar_url":"http://test01-20200725.oss-cn-shenzhen.aliyuncs.com/image/1654747810230.jpg?Expires=1970107803&OSSAccessKeyId=LTAI4G5RL7pjavqASCwc42kR&Signature=KahWaPknZKH%2BMug469QddEs%2FSvI%3D"},"isCommentLike":-5,"dislike_count":0},{"id":24125,"parent_id":24089,"type":2,"commentor":1753,"gmtCreate":null,"gmtModified":null,"like_count":0,"content":"劝你别猪鼻子插大葱，macao是英文，macau是葡文，国际上的官方叫法就是macao","anonymity":1,"any_name":"芋圆奶茶","commentCount":null,"user":{"id":1753,"name":"礼堂测码中心","avatar_url":"http://test01-20200725.oss-cn-shenzhen.aliyuncs.com/image/1664193891349.jpg?Expires=1979553887&OSSAccessKeyId=LTAI4G5RL7pjavqASCwc42kR&Signature=JQWDS%2F90raIRZKKisocdzF63wes%3D"},"isCommentLike":-5,"dislike_count":0},{"id":24132,"parent_id":24089,"type":2,"commentor":1683,"gmtCreate":null,"gmtModified":null,"like_count":0,"content":"Macao,或者Mação，葡语写法，懂？","anonymity":1,"any_name":"Kelly","commentCount":null,"user":{"id":1683,"name":"Rarity","avatar_url":"http://test01-20200725.oss-cn-shenzhen.aliyuncs.com/image/1661566204106.jpg?Expires=1976926200&OSSAccessKeyId=LTAI4G5RL7pjavqASCwc42kR&Signature=bkV9B%2FZEWNKBsMo%2BJxR0xngtBvI%3D"},"isCommentLike":-5,"dislike_count":0},{"id":24137,"parent_id":24132,"type":2,"commentor":677,"gmtCreate":null,"gmtModified":null,"like_count":0,"content":"虽然但是葡语只有Macau,没有Mação","anonymity":1,"any_name":"六级词汇","commentCount":null,"user":{"id":677,"name":"哔哔叭叭","avatar_url":"http://test01-20200725.oss-cn-shenzhen.aliyuncs.com/image/1666753774319.jpg?Expires=1982113766&OSSAccessKeyId=LTAI4G5RL7pjavqASCwc42kR&Signature=LRKJh434z3oEOmmZ89WhI0Dr97o%3D"},"isCommentLike":-5,"dislike_count":0},{"id":24139,"parent_id":24132,"type":2,"commentor":677,"gmtCreate":null,"gmtModified":null,"like_count":0,"content":"mação打都打不出来","anonymity":1,"any_name":"六级词汇","commentCount":null,"user":{"id":677,"name":"哔哔叭叭","avatar_url":"http://test01-20200725.oss-cn-shenzhen.aliyuncs.com/image/1666753774319.jpg?Expires=1982113766&OSSAccessKeyId=LTAI4G5RL7pjavqASCwc42kR&Signature=LRKJh434z3oEOmmZ89WhI0Dr97o%3D"},"isCommentLike":-5,"dislike_count":0},{"id":24144,"parent_id":24139,"type":2,"commentor":1683,"gmtCreate":null,"gmtModified":null,"like_count":0,"content":"我用葡语输入法打出来的呢","anonymity":1,"any_name":"Kelly","commentCount":null,"user":{"id":1683,"name":"Rarity","avatar_url":"http://test01-20200725.oss-cn-shenzhen.aliyuncs.com/image/1661566204106.jpg?Expires=1976926200&OSSAccessKeyId=LTAI4G5RL7pjavqASCwc42kR&Signature=bkV9B%2FZEWNKBsMo%2BJxR0xngtBvI%3D"},"isCommentLike":-5,"dislike_count":0},{"id":24152,"parent_id":24144,"type":2,"commentor":677,"gmtCreate":null,"gmtModified":null,"like_count":0,"content":"救命，是不是盗版啊哈哈我看词典mação是木匠和大木槌的意思呢而且没有大写呢","anonymity":1,"any_name":"六级词汇","commentCount":null,"user":{"id":677,"name":"哔哔叭叭","avatar_url":"http://test01-20200725.oss-cn-shenzhen.aliyuncs.com/image/1666753774319.jpg?Expires=1982113766&OSSAccessKeyId=LTAI4G5RL7pjavqASCwc42kR&Signature=LRKJh434z3oEOmmZ89WhI0Dr97o%3D"},"isCommentLike":-5,"dislike_count":0},{"id":24154,"parent_id":24152,"type":2,"commentor":1683,"gmtCreate":null,"gmtModified":null,"like_count":0,"content":"救什么命，有人绑架你了吗？还有，很奇怪啊，我说的明明是写法，你怎么说到词义了？","anonymity":1,"any_name":"Kelly","commentCount":null,"user":{"id":1683,"name":"Rarity","avatar_url":"http://test01-20200725.oss-cn-shenzhen.aliyuncs.com/image/1661566204106.jpg?Expires=1976926200&OSSAccessKeyId=LTAI4G5RL7pjavqASCwc42kR&Signature=bkV9B%2FZEWNKBsMo%2BJxR0xngtBvI%3D"},"isCommentLike":-5,"dislike_count":0},{"id":24161,"parent_id":24154,"type":2,"commentor":677,"gmtCreate":null,"gmtModified":null,"like_count":0,"content":"就是说mação这个不是澳门的写法且没有澳门的意思，澳门的写法只有Macau。","anonymity":1,"any_name":"六级词汇","commentCount":null,"user":{"id":677,"name":"哔哔叭叭","avatar_url":"http://test01-20200725.oss-cn-shenzhen.aliyuncs.com/image/1666753774319.jpg?Expires=1982113766&OSSAccessKeyId=LTAI4G5RL7pjavqASCwc42kR&Signature=LRKJh434z3oEOmmZ89WhI0Dr97o%3D"},"isCommentLike":-5,"dislike_count":0},{"id":24162,"parent_id":24154,"type":2,"commentor":677,"gmtCreate":null,"gmtModified":null,"like_count":0,"content":"还有别学点东西就到处猪鼻子插蒜","anonymity":1,"any_name":"六级词汇","commentCount":null,"user":{"id":677,"name":"哔哔叭叭","avatar_url":"http://test01-20200725.oss-cn-shenzhen.aliyuncs.com/image/1666753774319.jpg?Expires=1982113766&OSSAccessKeyId=LTAI4G5RL7pjavqASCwc42kR&Signature=LRKJh434z3oEOmmZ89WhI0Dr97o%3D"},"isCommentLike":-5,"dislike_count":0},{"id":24163,"parent_id":24161,"type":2,"commentor":1683,"gmtCreate":null,"gmtModified":null,"like_count":0,"content":"？？？？？那口岸那边写的macao是错的？嗯？只有Macau?乐了","anonymity":1,"any_name":"Kelly","commentCount":null,"user":{"id":1683,"name":"Rarity","avatar_url":"http://test01-20200725.oss-cn-shenzhen.aliyuncs.com/image/1661566204106.jpg?Expires=1976926200&OSSAccessKeyId=LTAI4G5RL7pjavqASCwc42kR&Signature=bkV9B%2FZEWNKBsMo%2BJxR0xngtBvI%3D"},"isCommentLike":-5,"dislike_count":0},{"id":24165,"parent_id":24163,"type":2,"commentor":677,"gmtCreate":null,"gmtModified":null,"like_count":0,"content":"？？？？Macau是葡语Macao是英语，懂？乐了","anonymity":1,"any_name":"六级词汇","commentCount":null,"user":{"id":677,"name":"哔哔叭叭","avatar_url":"http://test01-20200725.oss-cn-shenzhen.aliyuncs.com/image/1666753774319.jpg?Expires=1982113766&OSSAccessKeyId=LTAI4G5RL7pjavqASCwc42kR&Signature=LRKJh434z3oEOmmZ89WhI0Dr97o%3D"},"isCommentLike":-5,"dislike_count":0},{"id":24166,"parent_id":24162,"type":2,"commentor":1683,"gmtCreate":null,"gmtModified":null,"like_count":0,"content":"我仔细想了想，我跟你一个眼疾患者说这么多干嘛？到处自说自话，老懂姐了，人别人都发出打脸铁证了还搁这儿犟呢，眼睛堵了不会拿批看看？批眼里面也被假吊堵上了？","anonymity":1,"any_name":"Kelly","commentCount":null,"user":{"id":1683,"name":"Rarity","avatar_url":"http://test01-20200725.oss-cn-shenzhen.aliyuncs.com/image/1661566204106.jpg?Expires=1976926200&OSSAccessKeyId=LTAI4G5RL7pjavqASCwc42kR&Signature=bkV9B%2FZEWNKBsMo%2BJxR0xngtBvI%3D"},"isCommentLike":-5,"dislike_count":0},{"id":24172,"parent_id":24166,"type":2,"commentor":677,"gmtCreate":null,"gmtModified":null,"like_count":0,"content":"嘿，急了，乐了","anonymity":1,"any_name":"六级词汇","commentCount":null,"user":{"id":677,"name":"哔哔叭叭","avatar_url":"http://test01-20200725.oss-cn-shenzhen.aliyuncs.com/image/1666753774319.jpg?Expires=1982113766&OSSAccessKeyId=LTAI4G5RL7pjavqASCwc42kR&Signature=LRKJh434z3oEOmmZ89WhI0Dr97o%3D"},"isCommentLike":-5,"dislike_count":0}],"any_name":"Jerry","relation":-2,"liked":-4,"anonymity":1,"dislike_count":0}