{"id":6562,"author":null,"author_avatar_url":null,"author_id":1295,"author_status":1,"gmt_create":1638852155196,"gmt_modified":1638852155196,"content":"想问一下真实的看法 我们学校和澳大的差距是不是其实没有那么大？因为澳大八成是本地人，感觉本地人随随便便就能去澳大 而去不少本地人中成绩稍微好一点的可能凭着比我们还低的高考分数去了内地985211，所以澳大生源大部分会不会其实不如科大？科大虽然门槛越来越低了 但是起码大部分是内地生？所以是不是澳大其实没那么好，科大也没那么差？","title":"想问一下真实的看法 我们学校和澳大的差距是不是其实没有那么大？因为澳大八成是本地人，感觉本地人随随便便就能去澳大 而去不少本地人中成绩稍微好一点的可能凭着比我们还低的高考","description":"no description yet","like_count":0,"comment_count":40,"view_count":641,"type":"post","tag":"not tag yet","imageList":"","content_source":null,"comments":[{"id":24507,"parent_id":6562,"type":1,"commentor":1753,"gmtCreate":null,"gmtModified":null,"like_count":7,"content":"别比了，比不过","anonymity":1,"any_name":"六级词汇","commentCount":null,"user":{"id":1753,"name":"礼堂测码中心","avatar_url":"http://test01-20200725.oss-cn-shenzhen.aliyuncs.com/image/1664193891349.jpg?Expires=1979553887&OSSAccessKeyId=LTAI4G5RL7pjavqASCwc42kR&Signature=JQWDS%2F90raIRZKKisocdzF63wes%3D"},"isCommentLike":-5,"dislike_count":0},{"id":24504,"parent_id":6562,"type":1,"commentor":577,"gmtCreate":null,"gmtModified":null,"like_count":5,"content":"澳大的科研很好，内地生的生源比我们好得多，能进澳大的澳门本地学生也是相对上进的了，所以整个学习氛围要更浓","anonymity":1,"any_name":"皮卡丘","commentCount":null,"user":{"id":577,"name":"ho","avatar_url":"http://test01-20200725.oss-cn-shenzhen.aliyuncs.com/image/1631116303777.jpg?Expires=1946476298&OSSAccessKeyId=LTAI4G5RL7pjavqASCwc42kR&Signature=pykVKFy7D30Xn36th%2FqfZ3Vroi4%3D"},"isCommentLike":-5,"dislike_count":0},{"id":24506,"parent_id":6562,"type":1,"commentor":577,"gmtCreate":null,"gmtModified":null,"like_count":2,"content":"而且澳大是公立学校，政府资源全部给澳大一所学校了","anonymity":1,"any_name":"皮卡丘","commentCount":null,"user":{"id":577,"name":"ho","avatar_url":"http://test01-20200725.oss-cn-shenzhen.aliyuncs.com/image/1631116303777.jpg?Expires=1946476298&OSSAccessKeyId=LTAI4G5RL7pjavqASCwc42kR&Signature=pykVKFy7D30Xn36th%2FqfZ3Vroi4%3D"},"isCommentLike":-5,"dislike_count":0},{"id":24516,"parent_id":6562,"type":1,"commentor":567,"gmtCreate":null,"gmtModified":null,"like_count":2,"content":"还是有的，人家目前为止确实是真正意义上的澳门之光\uD83D\uDE02科大目前也只是在追赶而已，澳大那边的学习气氛和学术环境都比科大要好上很多","anonymity":0,"any_name":null,"commentCount":null,"user":{"id":567,"name":"翔子","avatar_url":"https://thirdwx.qlogo.cn/mmopen/vi_32/kwDqUAzkKX9uHWcGQ1ib36waibz046SxgibQa5iaLA6f8ib1agt1axVEJ0JHO4H5OHcwDOh2S98znk73F4A0zWCEPkw/132"},"isCommentLike":-5,"dislike_count":0},{"id":24498,"parent_id":6562,"type":1,"commentor":1938,"gmtCreate":null,"gmtModified":null,"like_count":0,"content":"能去澳大的本地人都不来科大吧..","anonymity":1,"any_name":"芋圆奶茶","commentCount":null,"user":{"id":1938,"name":"路环保卫队","avatar_url":"http://test01-20200725.oss-cn-shenzhen.aliyuncs.com/image/1638284305997.jpg?Expires=1953644296&OSSAccessKeyId=LTAI4G5RL7pjavqASCwc42kR&Signature=fEh0QaTBUq%2B%2BSzjISns77jSy81Q%3D"},"isCommentLike":-5,"dislike_count":0},{"id":24509,"parent_id":6562,"type":1,"commentor":8,"gmtCreate":null,"gmtModified":null,"like_count":0,"content":"澳大本科毕业直博国外和硕士的水平真比不了。","anonymity":1,"any_name":"三鲜水饺","commentCount":null,"user":{"id":8,"name":"Wayne","avatar_url":"https://thirdwx.qlogo.cn/mmopen/vi_32/Q0j4TwGTfTK4QvRe9wjL3uz3URdU8LFTjada54reKaw0ptqFFbFyh7XiaA4hEWfc7xbPbU0yibdibqIY8UL38ribSQ/132"},"isCommentLike":-5,"dislike_count":0},{"id":24526,"parent_id":6562,"type":1,"commentor":1751,"gmtCreate":null,"gmtModified":null,"like_count":0,"content":"作为本地生 我我自己考进来不觉科大差哪里去 只是以前的人是觉得本地生考进来很容易 而且一小部分的本地生只是进来玩玩而已 你懂得 成绩也是一般的一般 你懂得 但考进去的也有真心想读书的 比如老师我~","anonymity":0,"any_name":null,"commentCount":null,"user":{"id":1751,"name":"\uD83D\uDC1D\uD83D\uDC96\uD83D\uDD12\uD83D\uDC93","avatar_url":"http://test01-20200725.oss-cn-shenzhen.aliyuncs.com/image/1654747810230.jpg?Expires=1970107803&OSSAccessKeyId=LTAI4G5RL7pjavqASCwc42kR&Signature=KahWaPknZKH%2BMug469QddEs%2FSvI%3D"},"isCommentLike":-5,"dislike_count":0},{"id":24633,"parent_id":6562,"type":1,"commentor":1214,"gmtCreate":null,"gmtModified":null,"like_count":0,"content":"科大不错的哈哈哈自信起来","anonymity":0,"any_name":null,"commentCount":null,"user":{"id":1214,"name":"鸭鸭爱吃五花肉","avatar_url":"http://test01-20200725.oss-cn-shenzhen.aliyuncs.com/image/1666056579145.jpeg?Expires=1981416572&OSSAccessKeyId=LTAI4G5RL7pjavqASCwc42kR&Signature=pU5TDr%2FohkdhgeNUbL8Por6%2FB9Q%3D"},"isCommentLike":-5,"dislike_count":0},{"id":24524,"parent_id":24498,"type":2,"commentor":1751,"gmtCreate":null,"gmtModified":null,"like_count":0,"content":"不要以偏概全哦 我也是这样考进来滴~","anonymity":0,"any_name":null,"commentCount":null,"user":{"id":1751,"name":"\uD83D\uDC1D\uD83D\uDC96\uD83D\uDD12\uD83D\uDC93","avatar_url":"http://test01-20200725.oss-cn-shenzhen.aliyuncs.com/image/1654747810230.jpg?Expires=1970107803&OSSAccessKeyId=LTAI4G5RL7pjavqASCwc42kR&Signature=KahWaPknZKH%2BMug469QddEs%2FSvI%3D"},"isCommentLike":-5,"dislike_count":0},{"id":24533,"parent_id":24526,"type":2,"commentor":1765,"gmtCreate":null,"gmtModified":null,"like_count":0,"content":"local…. 你懂的","anonymity":1,"any_name":"鸡蛋仔","commentCount":null,"user":{"id":1765,"name":"ゼル","avatar_url":"http://test01-20200725.oss-cn-shenzhen.aliyuncs.com/image/1645197792881.jpg?Expires=1960557785&OSSAccessKeyId=LTAI4G5RL7pjavqASCwc42kR&Signature=Y6gTO8lTn9WtYCGOqd68%2B9LqA7Q%3D"},"isCommentLike":-5,"dislike_count":0},{"id":24535,"parent_id":24533,"type":2,"commentor":1751,"gmtCreate":null,"gmtModified":null,"like_count":0,"content":"我懂 可是真心想读书滴人啊....","anonymity":0,"any_name":null,"commentCount":null,"user":{"id":1751,"name":"\uD83D\uDC1D\uD83D\uDC96\uD83D\uDD12\uD83D\uDC93","avatar_url":"http://test01-20200725.oss-cn-shenzhen.aliyuncs.com/image/1654747810230.jpg?Expires=1970107803&OSSAccessKeyId=LTAI4G5RL7pjavqASCwc42kR&Signature=KahWaPknZKH%2BMug469QddEs%2FSvI%3D"},"isCommentLike":-5,"dislike_count":0},{"id":24537,"parent_id":24526,"type":2,"commentor":1295,"gmtCreate":null,"gmtModified":null,"like_count":0,"content":"好的 本地人说了我就放心了\uD83D\uDE02主要是感觉澳门人对科大偏见挺多的","anonymity":1,"any_name":"珠海小天使","commentCount":null,"user":{"id":1295,"name":"U_637031633831","avatar_url":null},"isCommentLike":-5,"dislike_count":0},{"id":24538,"parent_id":24537,"type":2,"commentor":1751,"gmtCreate":null,"gmtModified":null,"like_count":0,"content":"大部分的确是有偏见 但我不这样认为....","anonymity":0,"any_name":null,"commentCount":null,"user":{"id":1751,"name":"\uD83D\uDC1D\uD83D\uDC96\uD83D\uDD12\uD83D\uDC93","avatar_url":"http://test01-20200725.oss-cn-shenzhen.aliyuncs.com/image/1654747810230.jpg?Expires=1970107803&OSSAccessKeyId=LTAI4G5RL7pjavqASCwc42kR&Signature=KahWaPknZKH%2BMug469QddEs%2FSvI%3D"},"isCommentLike":-5,"dislike_count":0},{"id":24539,"parent_id":24504,"type":2,"commentor":1765,"gmtCreate":null,"gmtModified":null,"like_count":0,"content":"澳大内地生都不和本地生组队","anonymity":1,"any_name":"鸡蛋仔","commentCount":null,"user":{"id":1765,"name":"ゼル","avatar_url":"http://test01-20200725.oss-cn-shenzhen.aliyuncs.com/image/1645197792881.jpg?Expires=1960557785&OSSAccessKeyId=LTAI4G5RL7pjavqASCwc42kR&Signature=Y6gTO8lTn9WtYCGOqd68%2B9LqA7Q%3D"},"isCommentLike":-5,"dislike_count":0},{"id":24541,"parent_id":24509,"type":2,"commentor":1765,"gmtCreate":null,"gmtModified":null,"like_count":0,"content":"澳大本科也几乎没有直博好学校的，包括本校。我们也一样，有太多内地生申请了，我们没优势。","anonymity":1,"any_name":"鸡蛋仔","commentCount":null,"user":{"id":1765,"name":"ゼル","avatar_url":"http://test01-20200725.oss-cn-shenzhen.aliyuncs.com/image/1645197792881.jpg?Expires=1960557785&OSSAccessKeyId=LTAI4G5RL7pjavqASCwc42kR&Signature=Y6gTO8lTn9WtYCGOqd68%2B9LqA7Q%3D"},"isCommentLike":-5,"dislike_count":0},{"id":24562,"parent_id":24541,"type":2,"commentor":867,"gmtCreate":null,"gmtModified":null,"like_count":0,"content":"澳大还真比科大多挺多","anonymity":1,"any_name":"多喝热水","commentCount":null,"user":{"id":867,"name":"Polaris.","avatar_url":"https://thirdwx.qlogo.cn/mmopen/vi_32/DYAIOgq83eo9vicDlk5fcbK9b2icw5oFYCzAne1R1fia4Oiaibya50sUVJruUmahdGo17UNrok1wiarZNRgKz2OJxdhg/132"},"isCommentLike":-5,"dislike_count":0},{"id":24563,"parent_id":24562,"type":2,"commentor":1765,"gmtCreate":null,"gmtModified":null,"like_count":0,"content":"科大就没有，澳大honor有的可以直博本校。","anonymity":1,"any_name":"鸡蛋仔","commentCount":null,"user":{"id":1765,"name":"ゼル","avatar_url":"http://test01-20200725.oss-cn-shenzhen.aliyuncs.com/image/1645197792881.jpg?Expires=1960557785&OSSAccessKeyId=LTAI4G5RL7pjavqASCwc42kR&Signature=Y6gTO8lTn9WtYCGOqd68%2B9LqA7Q%3D"},"isCommentLike":-5,"dislike_count":0},{"id":24564,"parent_id":24562,"type":2,"commentor":1765,"gmtCreate":null,"gmtModified":null,"like_count":0,"content":"澳门本来就是文化沙漠。俩双非比来比去没必要。","anonymity":1,"any_name":"鸡蛋仔","commentCount":null,"user":{"id":1765,"name":"ゼル","avatar_url":"http://test01-20200725.oss-cn-shenzhen.aliyuncs.com/image/1645197792881.jpg?Expires=1960557785&OSSAccessKeyId=LTAI4G5RL7pjavqASCwc42kR&Signature=Y6gTO8lTn9WtYCGOqd68%2B9LqA7Q%3D"},"isCommentLike":-5,"dislike_count":0},{"id":24566,"parent_id":24526,"type":2,"commentor":1683,"gmtCreate":null,"gmtModified":null,"like_count":0,"content":"博雅学院也要考的吗","anonymity":1,"any_name":"拱北快递员","commentCount":null,"user":{"id":1683,"name":"Rarity","avatar_url":"http://test01-20200725.oss-cn-shenzhen.aliyuncs.com/image/1661566204106.jpg?Expires=1976926200&OSSAccessKeyId=LTAI4G5RL7pjavqASCwc42kR&Signature=bkV9B%2FZEWNKBsMo%2BJxR0xngtBvI%3D"},"isCommentLike":-5,"dislike_count":0},{"id":24575,"parent_id":24564,"type":2,"commentor":867,"gmtCreate":null,"gmtModified":null,"like_count":0,"content":"澳大直外校的不少 科大直外校可能都没有","anonymity":1,"any_name":"多喝热水","commentCount":null,"user":{"id":867,"name":"Polaris.","avatar_url":"https://thirdwx.qlogo.cn/mmopen/vi_32/DYAIOgq83eo9vicDlk5fcbK9b2icw5oFYCzAne1R1fia4Oiaibya50sUVJruUmahdGo17UNrok1wiarZNRgKz2OJxdhg/132"},"isCommentLike":-5,"dislike_count":0},{"id":24579,"parent_id":24575,"type":2,"commentor":1765,"gmtCreate":null,"gmtModified":null,"like_count":0,"content":"这个就不清楚了，我知道的我这个专业um的很多都是走的跳板项目，也申请不到好的。和985竞争没有优势。","anonymity":1,"any_name":"鸡蛋仔","commentCount":null,"user":{"id":1765,"name":"ゼル","avatar_url":"http://test01-20200725.oss-cn-shenzhen.aliyuncs.com/image/1645197792881.jpg?Expires=1960557785&OSSAccessKeyId=LTAI4G5RL7pjavqASCwc42kR&Signature=Y6gTO8lTn9WtYCGOqd68%2B9LqA7Q%3D"},"isCommentLike":-5,"dislike_count":0},{"id":24582,"parent_id":24575,"type":2,"commentor":1765,"gmtCreate":null,"gmtModified":null,"like_count":0,"content":"而且um直博去好学校的也少，知道的学校都很一般。不过科大是没有听说有。","anonymity":1,"any_name":"鸡蛋仔","commentCount":null,"user":{"id":1765,"name":"ゼル","avatar_url":"http://test01-20200725.oss-cn-shenzhen.aliyuncs.com/image/1645197792881.jpg?Expires=1960557785&OSSAccessKeyId=LTAI4G5RL7pjavqASCwc42kR&Signature=Y6gTO8lTn9WtYCGOqd68%2B9LqA7Q%3D"},"isCommentLike":-5,"dislike_count":0},{"id":24584,"parent_id":24575,"type":2,"commentor":1765,"gmtCreate":null,"gmtModified":null,"like_count":0,"content":"好学校都被C9，985学校，港校，包完了。澳门竞争不起。","anonymity":1,"any_name":"鸡蛋仔","commentCount":null,"user":{"id":1765,"name":"ゼル","avatar_url":"http://test01-20200725.oss-cn-shenzhen.aliyuncs.com/image/1645197792881.jpg?Expires=1960557785&OSSAccessKeyId=LTAI4G5RL7pjavqASCwc42kR&Signature=Y6gTO8lTn9WtYCGOqd68%2B9LqA7Q%3D"},"isCommentLike":-5,"dislike_count":0},{"id":24585,"parent_id":24575,"type":2,"commentor":1765,"gmtCreate":null,"gmtModified":null,"like_count":0,"content":"本校我知道的那个还是直的ap的，不是大牛的博士。","anonymity":1,"any_name":"鸡蛋仔","commentCount":null,"user":{"id":1765,"name":"ゼル","avatar_url":"http://test01-20200725.oss-cn-shenzhen.aliyuncs.com/image/1645197792881.jpg?Expires=1960557785&OSSAccessKeyId=LTAI4G5RL7pjavqASCwc42kR&Signature=Y6gTO8lTn9WtYCGOqd68%2B9LqA7Q%3D"},"isCommentLike":-5,"dislike_count":0},{"id":24586,"parent_id":24575,"type":2,"commentor":1765,"gmtCreate":null,"gmtModified":null,"like_count":0,"content":"比来比去又啥意义，差不多都。平台不够，本校大牛都跟不到。","anonymity":1,"any_name":"鸡蛋仔","commentCount":null,"user":{"id":1765,"name":"ゼル","avatar_url":"http://test01-20200725.oss-cn-shenzhen.aliyuncs.com/image/1645197792881.jpg?Expires=1960557785&OSSAccessKeyId=LTAI4G5RL7pjavqASCwc42kR&Signature=Y6gTO8lTn9WtYCGOqd68%2B9LqA7Q%3D"},"isCommentLike":-5,"dislike_count":0},{"id":24587,"parent_id":24575,"type":2,"commentor":1765,"gmtCreate":null,"gmtModified":null,"like_count":0,"content":"平心而论，让我在um读博我都不愿意，很拉啊。","anonymity":1,"any_name":"鸡蛋仔","commentCount":null,"user":{"id":1765,"name":"ゼル","avatar_url":"http://test01-20200725.oss-cn-shenzhen.aliyuncs.com/image/1645197792881.jpg?Expires=1960557785&OSSAccessKeyId=LTAI4G5RL7pjavqASCwc42kR&Signature=Y6gTO8lTn9WtYCGOqd68%2B9LqA7Q%3D"},"isCommentLike":-5,"dislike_count":0},{"id":24590,"parent_id":24566,"type":2,"commentor":1751,"gmtCreate":null,"gmtModified":null,"like_count":0,"content":"要 虽然前身是成人教育学院","anonymity":0,"any_name":null,"commentCount":null,"user":{"id":1751,"name":"\uD83D\uDC1D\uD83D\uDC96\uD83D\uDD12\uD83D\uDC93","avatar_url":"http://test01-20200725.oss-cn-shenzhen.aliyuncs.com/image/1654747810230.jpg?Expires=1970107803&OSSAccessKeyId=LTAI4G5RL7pjavqASCwc42kR&Signature=KahWaPknZKH%2BMug469QddEs%2FSvI%3D"},"isCommentLike":-5,"dislike_count":0},{"id":24591,"parent_id":24575,"type":2,"commentor":1765,"gmtCreate":null,"gmtModified":null,"like_count":0,"content":"arwu这个只看学术成果的榜单前几年科大都比澳大要高，但是跟不到本校大牛也白搭。","anonymity":1,"any_name":"鸡蛋仔","commentCount":null,"user":{"id":1765,"name":"ゼル","avatar_url":"http://test01-20200725.oss-cn-shenzhen.aliyuncs.com/image/1645197792881.jpg?Expires=1960557785&OSSAccessKeyId=LTAI4G5RL7pjavqASCwc42kR&Signature=Y6gTO8lTn9WtYCGOqd68%2B9LqA7Q%3D"},"isCommentLike":-5,"dislike_count":0},{"id":24603,"parent_id":24541,"type":2,"commentor":8,"gmtCreate":null,"gmtModified":null,"like_count":0,"content":"还是有的，我初中同学去了澳大本科毕业后直接去了多伦多大学医学院读phd","anonymity":1,"any_name":"三鲜水饺","commentCount":null,"user":{"id":8,"name":"Wayne","avatar_url":"https://thirdwx.qlogo.cn/mmopen/vi_32/Q0j4TwGTfTK4QvRe9wjL3uz3URdU8LFTjada54reKaw0ptqFFbFyh7XiaA4hEWfc7xbPbU0yibdibqIY8UL38ribSQ/132"},"isCommentLike":-5,"dislike_count":0},{"id":24605,"parent_id":24603,"type":2,"commentor":1765,"gmtCreate":null,"gmtModified":null,"like_count":0,"content":"是有，但是好学校少啊","anonymity":1,"any_name":"鸡蛋仔","commentCount":null,"user":{"id":1765,"name":"ゼル","avatar_url":"http://test01-20200725.oss-cn-shenzhen.aliyuncs.com/image/1645197792881.jpg?Expires=1960557785&OSSAccessKeyId=LTAI4G5RL7pjavqASCwc42kR&Signature=Y6gTO8lTn9WtYCGOqd68%2B9LqA7Q%3D"},"isCommentLike":-5,"dislike_count":0},{"id":24611,"parent_id":24604,"type":2,"commentor":1753,"gmtCreate":null,"gmtModified":null,"like_count":0,"content":"死妈东西","anonymity":1,"any_name":"亚古兽","commentCount":null,"user":{"id":1753,"name":"礼堂测码中心","avatar_url":"http://test01-20200725.oss-cn-shenzhen.aliyuncs.com/image/1664193891349.jpg?Expires=1979553887&OSSAccessKeyId=LTAI4G5RL7pjavqASCwc42kR&Signature=JQWDS%2F90raIRZKKisocdzF63wes%3D"},"isCommentLike":-5,"dislike_count":0},{"id":24630,"parent_id":24611,"type":2,"commentor":1683,"gmtCreate":null,"gmtModified":null,"like_count":0,"content":"感谢补充，你的确还是个死妈东西，只是爷忘说了","anonymity":1,"any_name":"拱北快递员","commentCount":null,"user":{"id":1683,"name":"Rarity","avatar_url":"http://test01-20200725.oss-cn-shenzhen.aliyuncs.com/image/1661566204106.jpg?Expires=1976926200&OSSAccessKeyId=LTAI4G5RL7pjavqASCwc42kR&Signature=bkV9B%2FZEWNKBsMo%2BJxR0xngtBvI%3D"},"isCommentLike":-5,"dislike_count":0},{"id":24636,"parent_id":24630,"type":2,"commentor":1753,"gmtCreate":null,"gmtModified":null,"like_count":0,"content":"小币崽子明天记得给你马去扫墓","anonymity":1,"any_name":"亚古兽","commentCount":null,"user":{"id":1753,"name":"礼堂测码中心","avatar_url":"http://test01-20200725.oss-cn-shenzhen.aliyuncs.com/image/1664193891349.jpg?Expires=1979553887&OSSAccessKeyId=LTAI4G5RL7pjavqASCwc42kR&Signature=JQWDS%2F90raIRZKKisocdzF63wes%3D"},"isCommentLike":-5,"dislike_count":0},{"id":24638,"parent_id":24636,"type":2,"commentor":1683,"gmtCreate":null,"gmtModified":null,"like_count":0,"content":"我家确实是开马场的，损失一匹\uD83D\uDC34真没啥，但这并不妨碍你的妈死了，灰被猪舔了","anonymity":1,"any_name":"拱北快递员","commentCount":null,"user":{"id":1683,"name":"Rarity","avatar_url":"http://test01-20200725.oss-cn-shenzhen.aliyuncs.com/image/1661566204106.jpg?Expires=1976926200&OSSAccessKeyId=LTAI4G5RL7pjavqASCwc42kR&Signature=bkV9B%2FZEWNKBsMo%2BJxR0xngtBvI%3D"},"isCommentLike":-5,"dislike_count":0},{"id":24640,"parent_id":24638,"type":2,"commentor":1753,"gmtCreate":null,"gmtModified":null,"like_count":0,"content":"你没家，崽种","anonymity":1,"any_name":"亚古兽","commentCount":null,"user":{"id":1753,"name":"礼堂测码中心","avatar_url":"http://test01-20200725.oss-cn-shenzhen.aliyuncs.com/image/1664193891349.jpg?Expires=1979553887&OSSAccessKeyId=LTAI4G5RL7pjavqASCwc42kR&Signature=JQWDS%2F90raIRZKKisocdzF63wes%3D"},"isCommentLike":-5,"dislike_count":0},{"id":24651,"parent_id":24640,"type":2,"commentor":1683,"gmtCreate":null,"gmtModified":null,"like_count":0,"content":"可是你连家人都没有，我想点了你的户口本烧你的妈的灰，才发现你户口本只有个封皮\uD83D\uDE02","anonymity":1,"any_name":"拱北快递员","commentCount":null,"user":{"id":1683,"name":"Rarity","avatar_url":"http://test01-20200725.oss-cn-shenzhen.aliyuncs.com/image/1661566204106.jpg?Expires=1976926200&OSSAccessKeyId=LTAI4G5RL7pjavqASCwc42kR&Signature=bkV9B%2FZEWNKBsMo%2BJxR0xngtBvI%3D"},"isCommentLike":-5,"dislike_count":0},{"id":24656,"parent_id":24640,"type":2,"commentor":1683,"gmtCreate":null,"gmtModified":null,"like_count":0,"content":"你一孤儿别bb了行吗？越bb越孤儿\uD83D\uDE05","anonymity":1,"any_name":"拱北快递员","commentCount":null,"user":{"id":1683,"name":"Rarity","avatar_url":"http://test01-20200725.oss-cn-shenzhen.aliyuncs.com/image/1661566204106.jpg?Expires=1976926200&OSSAccessKeyId=LTAI4G5RL7pjavqASCwc42kR&Signature=bkV9B%2FZEWNKBsMo%2BJxR0xngtBvI%3D"},"isCommentLike":-5,"dislike_count":0},{"id":24847,"parent_id":24539,"type":2,"commentor":577,"gmtCreate":null,"gmtModified":null,"like_count":0,"content":"毕竟生长文化不太一样，澳门人在一块儿都说粤语，在澳科感觉澳门学生和内地学生也不怎么在一起玩","anonymity":1,"any_name":"网瘾少年","commentCount":null,"user":{"id":577,"name":"ho","avatar_url":"http://test01-20200725.oss-cn-shenzhen.aliyuncs.com/image/1631116303777.jpg?Expires=1946476298&OSSAccessKeyId=LTAI4G5RL7pjavqASCwc42kR&Signature=pykVKFy7D30Xn36th%2FqfZ3Vroi4%3D"},"isCommentLike":-5,"dislike_count":0}],"any_name":"珠海小天使","relation":-2,"liked":-4,"anonymity":1,"dislike_count":0}