{"id":6574,"author":null,"author_avatar_url":null,"author_id":366,"author_status":1,"gmt_create":1638858271266,"gmt_modified":1638858271266,"content":"我真的不懂室友是不是有毛病\n每次我睡觉他就吃东西\n那个包装袋响的\uD83D\uDE05\uD83D\uDE05\uD83D\uDE05","title":"我真的不懂室友是不是有毛病\n每次我睡觉他就吃东西\n那个包装袋响的\uD83D\uDE05\uD83D\uDE05\uD83D\uDE05","description":"no description yet","like_count":1,"comment_count":7,"view_count":172,"type":"post","tag":"not tag yet","imageList":"","content_source":null,"comments":[{"id":24654,"parent_id":6574,"type":1,"commentor":404,"gmtCreate":null,"gmtModified":null,"like_count":2,"content":"为啥不能吃啊？你睡觉的点是在下午的话凭啥不给吃啊 自己带耳塞啊","anonymity":1,"any_name":"和味牛杂","commentCount":null,"user":{"id":404,"name":"今天几点睡","avatar_url":"http://test01-20200725.oss-cn-shenzhen.aliyuncs.com/image/1662742355253.jpg?Expires=1978102346&OSSAccessKeyId=LTAI4G5RL7pjavqASCwc42kR&Signature=qLC0mRwv34mgUsW2URH%2FdQ3lxXw%3D"},"isCommentLike":-5,"dislike_count":0},{"id":24555,"parent_id":6574,"type":1,"commentor":647,"gmtCreate":null,"gmtModified":null,"like_count":1,"content":"你是不是我的室友啊 我们的室友也是这样","anonymity":1,"any_name":"多喝热水","commentCount":null,"user":{"id":647,"name":"凍檸茶少奶","avatar_url":"http://test01-20200725.oss-cn-shenzhen.aliyuncs.com/image/1656908230605.jpg?Expires=1972268225&OSSAccessKeyId=LTAI4G5RL7pjavqASCwc42kR&Signature=yOhRWNWlRDNQY%2BdkKCNMZ%2BnB2g4%3D"},"isCommentLike":-5,"dislike_count":0},{"id":24565,"parent_id":6574,"type":1,"commentor":1683,"gmtCreate":null,"gmtModified":null,"like_count":1,"content":"不想分给你吃呗\uD83D\uDE05","anonymity":1,"any_name":"Redis设计与实现","commentCount":null,"user":{"id":1683,"name":"Rarity","avatar_url":"http://test01-20200725.oss-cn-shenzhen.aliyuncs.com/image/1661566204106.jpg?Expires=1976926200&OSSAccessKeyId=LTAI4G5RL7pjavqASCwc42kR&Signature=bkV9B%2FZEWNKBsMo%2BJxR0xngtBvI%3D"},"isCommentLike":-5,"dislike_count":0},{"id":24570,"parent_id":24565,"type":2,"commentor":366,"gmtCreate":null,"gmtModified":null,"like_count":0,"content":"我不要他的东西 我就想他安静一点 真的无语了","anonymity":1,"any_name":"拱北快递员","commentCount":null,"user":{"id":366,"name":"和美女貼貼","avatar_url":"http://test01-20200725.oss-cn-shenzhen.aliyuncs.com/image/1663142907319.jpg?Expires=1978502904&OSSAccessKeyId=LTAI4G5RL7pjavqASCwc42kR&Signature=1JLyARGxgfYdi61y0XPh%2BQZidcE%3D"},"isCommentLike":-5,"dislike_count":0},{"id":24571,"parent_id":24555,"type":2,"commentor":366,"gmtCreate":null,"gmtModified":null,"like_count":0,"content":"你猜","anonymity":1,"any_name":"拱北快递员","commentCount":null,"user":{"id":366,"name":"和美女貼貼","avatar_url":"http://test01-20200725.oss-cn-shenzhen.aliyuncs.com/image/1663142907319.jpg?Expires=1978502904&OSSAccessKeyId=LTAI4G5RL7pjavqASCwc42kR&Signature=1JLyARGxgfYdi61y0XPh%2BQZidcE%3D"},"isCommentLike":-5,"dislike_count":0},{"id":24866,"parent_id":24654,"type":2,"commentor":366,"gmtCreate":null,"gmtModified":null,"like_count":0,"content":"我說的是晚上\uD83D\uDE05","anonymity":1,"any_name":"拱北快递员","commentCount":null,"user":{"id":366,"name":"和美女貼貼","avatar_url":"http://test01-20200725.oss-cn-shenzhen.aliyuncs.com/image/1663142907319.jpg?Expires=1978502904&OSSAccessKeyId=LTAI4G5RL7pjavqASCwc42kR&Signature=1JLyARGxgfYdi61y0XPh%2BQZidcE%3D"},"isCommentLike":-5,"dislike_count":0},{"id":25893,"parent_id":24571,"type":2,"commentor":647,"gmtCreate":null,"gmtModified":null,"like_count":0,"content":"我猜不是\uD83D\uDE2D","anonymity":0,"any_name":null,"commentCount":null,"user":{"id":647,"name":"凍檸茶少奶","avatar_url":"http://test01-20200725.oss-cn-shenzhen.aliyuncs.com/image/1656908230605.jpg?Expires=1972268225&OSSAccessKeyId=LTAI4G5RL7pjavqASCwc42kR&Signature=yOhRWNWlRDNQY%2BdkKCNMZ%2BnB2g4%3D"},"isCommentLike":-5,"dislike_count":0}],"any_name":"拱北快递员","relation":-2,"liked":-4,"anonymity":1,"dislike_count":0}