{"id":683,"author":null,"author_avatar_url":null,"author_id":701,"author_status":1,"gmt_create":1631260221013,"gmt_modified":1631260221013,"content":"学校有动漫相关的社团吗 怎么了解一下","title":"学校有动漫相关的社团吗 怎么了解一下","description":"no description yet","like_count":2,"comment_count":4,"view_count":87,"type":"post","tag":"not tag yet","imageList":"","content_source":null,"comments":[{"id":1951,"parent_id":683,"type":1,"commentor":469,"gmtCreate":null,"gmtModified":null,"like_count":0,"content":"社团嘉年华找创思社","anonymity":0,"any_name":null,"commentCount":null,"user":{"id":469,"name":"拟罪豪士","avatar_url":"http://test01-20200725.oss-cn-shenzhen.aliyuncs.com/image/1666343885041.jpg?Expires=1981703877&OSSAccessKeyId=LTAI4G5RL7pjavqASCwc42kR&Signature=u7mV2VMqb2J9rVWR58suCrdi5S0%3D"},"isCommentLike":-5,"dislike_count":0},{"id":1968,"parent_id":683,"type":1,"commentor":101,"gmtCreate":null,"gmtModified":null,"like_count":0,"content":"俺也想知道","anonymity":1,"any_name":"奥利奥","commentCount":null,"user":{"id":101,"name":"nothing","avatar_url":"http://test01-20200725.oss-cn-shenzhen.aliyuncs.com/image/1666497316792.jpg?Expires=1981857315&OSSAccessKeyId=LTAI4G5RL7pjavqASCwc42kR&Signature=LV0UT3E4atwfxawakkND08%2FIdaw%3D"},"isCommentLike":-5,"dislike_count":0},{"id":1953,"parent_id":1951,"type":2,"commentor":628,"gmtCreate":null,"gmtModified":null,"like_count":0,"content":"社团嘉年华大概在什么时候呀","anonymity":1,"any_name":"Redis设计与实现","commentCount":null,"user":{"id":628,"name":"古希腊掌管选课的神","avatar_url":"http://test01-20200725.oss-cn-shenzhen.aliyuncs.com/image/1650879725627.jpg?Expires=1966239722&OSSAccessKeyId=LTAI4G5RL7pjavqASCwc42kR&Signature=3waEl%2B4zLKW%2F8ST3bwPkH4EkQa4%3D"},"isCommentLike":-5,"dislike_count":0},{"id":2199,"parent_id":1953,"type":2,"commentor":469,"gmtCreate":null,"gmtModified":null,"like_count":0,"content":"大概在九月中下旬！","anonymity":0,"any_name":null,"commentCount":null,"user":{"id":469,"name":"拟罪豪士","avatar_url":"http://test01-20200725.oss-cn-shenzhen.aliyuncs.com/image/1666343885041.jpg?Expires=1981703877&OSSAccessKeyId=LTAI4G5RL7pjavqASCwc42kR&Signature=u7mV2VMqb2J9rVWR58suCrdi5S0%3D"},"isCommentLike":-5,"dislike_count":0}],"any_name":"拱北快递员","relation":-2,"liked":-4,"anonymity":1,"dislike_count":0}