{"id":7109,"author":"愤怒战士","author_avatar_url":"http://test01-20200725.oss-cn-shenzhen.aliyuncs.com/image/1663681422485.jpg?Expires=1979041417&OSSAccessKeyId=LTAI4G5RL7pjavqASCwc42kR&Signature=OaxEOUrLeAx82vj0yglZzpMNMjA%3D","author_id":450,"author_status":1,"gmt_create":1639324119426,"gmt_modified":1639324119426,"content":"晚安\uD83D\uDE34\n“愿你所有的日子，都比不上明天的光辉。”\n——博尔赫斯","title":"晚安\uD83D\uDE34\n“愿你所有的日子，都比不上明天的光辉。”\n——博尔赫斯","description":"no description yet","like_count":6,"comment_count":0,"view_count":15,"type":"post","tag":"not tag yet","imageList":"","content_source":null,"comments":null,"any_name":null,"relation":-2,"liked":-4,"anonymity":0,"dislike_count":0}