{"id":7236,"author":null,"author_avatar_url":null,"author_id":1746,"author_status":1,"gmt_create":1639422422611,"gmt_modified":1639422422611,"content":"是哪个新传人边剪作业边哭？\n哦\n是我。","title":"是哪个新传人边剪作业边哭？\n哦\n是我。","description":"no description yet","like_count":0,"comment_count":2,"view_count":149,"type":"post","tag":"not tag yet","imageList":"","content_source":null,"comments":[{"id":26766,"parent_id":7236,"type":1,"commentor":1255,"gmtCreate":null,"gmtModified":null,"like_count":1,"content":"我一开始看到，以为你把写好的作业剪烂了\uD83D\uDE02\uD83D\uDE02\uD83D\uDE02后面反应过来，哦原来是熬夜剪视频哦\uD83D\uDE02\uD83D\uDE02\uD83D\uDE02\uD83D\uDE02","anonymity":1,"any_name":"咖哩鱼蛋","commentCount":null,"user":{"id":1255,"name":"AmorAida","avatar_url":"http://test01-20200725.oss-cn-shenzhen.aliyuncs.com/image/1657639521897.jpg?Expires=1972999522&OSSAccessKeyId=LTAI4G5RL7pjavqASCwc42kR&Signature=IwuMELBueJfYSWvEE%2F1051fYOXI%3D"},"isCommentLike":-5,"dislike_count":0},{"id":26790,"parent_id":7236,"type":1,"commentor":583,"gmtCreate":null,"gmtModified":null,"like_count":0,"content":"是公关吗？加油加油！","anonymity":0,"any_name":null,"commentCount":null,"user":{"id":583,"name":"Alan","avatar_url":"https://thirdwx.qlogo.cn/mmopen/vi_32/2ApDrSsQiaNtfJBDx0LSlBDEsiccLfIicF4tJX8icAHdAHyhnJV6r0kye9F0onL5Jb99uQXg7LstSBpibCZhCwALCYg/132"},"isCommentLike":-5,"dislike_count":0}],"any_name":"GRE精选","relation":-2,"liked":-4,"anonymity":1,"dislike_count":0}