{"id":7332,"author":null,"author_avatar_url":null,"author_id":1111,"author_status":1,"gmt_create":1639537373776,"gmt_modified":1639537373776,"content":"有试过拉着行李箱直接从学校走过去的吗，大概要多久啊","title":"有试过拉着行李箱直接从学校走过去的吗，大概要多久啊","description":"no description yet","like_count":0,"comment_count":9,"view_count":252,"type":"post","tag":"not tag yet","imageList":"","content_source":null,"comments":[{"id":27035,"parent_id":7332,"type":1,"commentor":643,"gmtCreate":null,"gmtModified":null,"like_count":0,"content":"走到关口？！？他的道路设计就不是很想让你走来着\uD83E\uDD26‍♂️","anonymity":0,"any_name":null,"commentCount":null,"user":{"id":643,"name":"脾气超级差","avatar_url":"http://test01-20200725.oss-cn-shenzhen.aliyuncs.com/image/1658825259833.jpg?Expires=1974185254&OSSAccessKeyId=LTAI4G5RL7pjavqASCwc42kR&Signature=cVqDAV6c37qT%2FyCkpGnFEKtS3TU%3D"},"isCommentLike":-5,"dislike_count":0},{"id":27036,"parent_id":7332,"type":1,"commentor":1111,"gmtCreate":null,"gmtModified":null,"like_count":0,"content":"没打上，是走到澳门机场orz","anonymity":1,"any_name":"奥利奥","commentCount":null,"user":{"id":1111,"name":"WeBug","avatar_url":"https://thirdwx.qlogo.cn/mmopen/vi_32/Q0j4TwGTfTL7DdUiaLBYFA4Er91DRaYffMibicYk4A0XlnbF7NuFUcPdZJdfrFVs1I7ia2uYNKWOdMia4yibBgbZHPibw/132"},"isCommentLike":-5,"dislike_count":0},{"id":27037,"parent_id":7332,"type":1,"commentor":677,"gmtCreate":null,"gmtModified":null,"like_count":0,"content":"坐公交避开高峰期，很快的","anonymity":0,"any_name":null,"commentCount":null,"user":{"id":677,"name":"哔哔叭叭","avatar_url":"http://test01-20200725.oss-cn-shenzhen.aliyuncs.com/image/1666753774319.jpg?Expires=1982113766&OSSAccessKeyId=LTAI4G5RL7pjavqASCwc42kR&Signature=LRKJh434z3oEOmmZ89WhI0Dr97o%3D"},"isCommentLike":-5,"dislike_count":0},{"id":27038,"parent_id":7332,"type":1,"commentor":1331,"gmtCreate":null,"gmtModified":null,"like_count":0,"content":"到澳门机场大概十几二十分钟吧","anonymity":1,"any_name":"大潭山车队","commentCount":null,"user":{"id":1331,"name":"T_13890992","avatar_url":"http://test01-20200725.oss-cn-shenzhen.aliyuncs.com/image/1649916959411.png?Expires=1965276954&OSSAccessKeyId=LTAI4G5RL7pjavqASCwc42kR&Signature=0pbK7koFoMA3L5nNususfi1XuG0%3D"},"isCommentLike":-5,"dislike_count":0},{"id":27039,"parent_id":7332,"type":1,"commentor":592,"gmtCreate":null,"gmtModified":null,"like_count":0,"content":"从学校正门出发到澳门机场大概走路是20分钟，这就是正常散步的速度走的","anonymity":1,"any_name":"三鲜水饺","commentCount":null,"user":{"id":592,"name":"xxl","avatar_url":"http://test01-20200725.oss-cn-shenzhen.aliyuncs.com/image/1664352859085.jpg?Expires=1979712854&OSSAccessKeyId=LTAI4G5RL7pjavqASCwc42kR&Signature=jqrJUes41AT1wXmBa32L8fBdjCs%3D"},"isCommentLike":-5,"dislike_count":0},{"id":27067,"parent_id":7332,"type":1,"commentor":1727,"gmtCreate":null,"gmtModified":null,"like_count":0,"content":"打车吧，30来块mop","anonymity":1,"any_name":"Jerry","commentCount":null,"user":{"id":1727,"name":"葉泓荃","avatar_url":"https://thirdwx.qlogo.cn/mmopen/vi_32/n7yGP9Xwbic9FO8n1mFdR6F4RsVGYxWYpggnNGFibLEAeDUBsoT4e04jZpp2pmBKkfBDQ943PkjNpLibxYXmQLeKA/132"},"isCommentLike":-5,"dislike_count":0},{"id":27047,"parent_id":27037,"type":2,"commentor":1111,"gmtCreate":null,"gmtModified":null,"like_count":0,"content":"我看公交没有直达的，担心等车太久orz","anonymity":1,"any_name":"奥利奥","commentCount":null,"user":{"id":1111,"name":"WeBug","avatar_url":"https://thirdwx.qlogo.cn/mmopen/vi_32/Q0j4TwGTfTL7DdUiaLBYFA4Er91DRaYffMibicYk4A0XlnbF7NuFUcPdZJdfrFVs1I7ia2uYNKWOdMia4yibBgbZHPibw/132"},"isCommentLike":-5,"dislike_count":0},{"id":27048,"parent_id":27038,"type":2,"commentor":1111,"gmtCreate":null,"gmtModified":null,"like_count":0,"content":"谢谢！","anonymity":1,"any_name":"奥利奥","commentCount":null,"user":{"id":1111,"name":"WeBug","avatar_url":"https://thirdwx.qlogo.cn/mmopen/vi_32/Q0j4TwGTfTL7DdUiaLBYFA4Er91DRaYffMibicYk4A0XlnbF7NuFUcPdZJdfrFVs1I7ia2uYNKWOdMia4yibBgbZHPibw/132"},"isCommentLike":-5,"dislike_count":0},{"id":27049,"parent_id":27039,"type":2,"commentor":1111,"gmtCreate":null,"gmtModified":null,"like_count":0,"content":"ok，感谢","anonymity":1,"any_name":"奥利奥","commentCount":null,"user":{"id":1111,"name":"WeBug","avatar_url":"https://thirdwx.qlogo.cn/mmopen/vi_32/Q0j4TwGTfTL7DdUiaLBYFA4Er91DRaYffMibicYk4A0XlnbF7NuFUcPdZJdfrFVs1I7ia2uYNKWOdMia4yibBgbZHPibw/132"},"isCommentLike":-5,"dislike_count":0}],"any_name":"奥利奥","relation":-2,"liked":-4,"anonymity":1,"dislike_count":0}