{"id":7627,"author":"智齿","author_avatar_url":"http://test01-20200725.oss-cn-shenzhen.aliyuncs.com/image/1641484511195.jpg?Expires=1956844501&OSSAccessKeyId=LTAI4G5RL7pjavqASCwc42kR&Signature=3pkNi9wcTNBRqWz3uSF%2FZxvE8PQ%3D","author_id":1896,"author_status":1,"gmt_create":1640076351283,"gmt_modified":1640076351283,"content":"Another2001台版出了，有没人一起去书店定书？还是一起等简体版？\n听说比前作厚很多","title":"Another2001台版出了，有没人一起去书店定书？还是一起等简体版？\n听说比前作厚很多","description":"no description yet","like_count":4,"comment_count":6,"view_count":62,"type":"post","tag":"not tag yet","imageList":"http://test01-20200725.oss-cn-shenzhen.aliyuncs.com/image/1640076238827.jpg?Expires=1955436229&OSSAccessKeyId=LTAI4G5RL7pjavqASCwc42kR&Signature=9r3dpHKv7nMpBSPFH0ulG5%2BnifI%3D","content_source":null,"comments":[{"id":28150,"parent_id":7627,"type":1,"commentor":1604,"gmtCreate":null,"gmtModified":null,"like_count":0,"content":"是原剧情吗！！","anonymity":0,"any_name":null,"commentCount":null,"user":{"id":1604,"name":"種","avatar_url":"http://test01-20200725.oss-cn-shenzhen.aliyuncs.com/image/1650263467543.jpg?Expires=1965623458&OSSAccessKeyId=LTAI4G5RL7pjavqASCwc42kR&Signature=Dy%2FSaGlCZKBA%2BQP9fiI6eY5KLww%3D"},"isCommentLike":-5,"dislike_count":0},{"id":28170,"parent_id":7627,"type":1,"commentor":509,"gmtCreate":null,"gmtModified":null,"like_count":0,"content":"我我我！！！我也想","anonymity":0,"any_name":null,"commentCount":null,"user":{"id":509,"name":"✨✨","avatar_url":"http://test01-20200725.oss-cn-shenzhen.aliyuncs.com/image/1658930465723.jpg?Expires=1974290457&OSSAccessKeyId=LTAI4G5RL7pjavqASCwc42kR&Signature=%2FmDPZ711YrIA9n5nSR%2BvS3u1jA8%3D"},"isCommentLike":-5,"dislike_count":0},{"id":28153,"parent_id":28150,"type":2,"commentor":1896,"gmtCreate":null,"gmtModified":null,"like_count":0,"content":"看封面应该还是鸣的剧情qwq，具体情报还没有","anonymity":0,"any_name":null,"commentCount":null,"user":{"id":1896,"name":"智齿","avatar_url":"http://test01-20200725.oss-cn-shenzhen.aliyuncs.com/image/1641484511195.jpg?Expires=1956844501&OSSAccessKeyId=LTAI4G5RL7pjavqASCwc42kR&Signature=3pkNi9wcTNBRqWz3uSF%2FZxvE8PQ%3D"},"isCommentLike":-5,"dislike_count":0},{"id":28167,"parent_id":28153,"type":2,"commentor":1604,"gmtCreate":null,"gmtModified":null,"like_count":0,"content":"\uD83E\uDD72有生之年啊…！","anonymity":0,"any_name":null,"commentCount":null,"user":{"id":1604,"name":"種","avatar_url":"http://test01-20200725.oss-cn-shenzhen.aliyuncs.com/image/1650263467543.jpg?Expires=1965623458&OSSAccessKeyId=LTAI4G5RL7pjavqASCwc42kR&Signature=Dy%2FSaGlCZKBA%2BQP9fiI6eY5KLww%3D"},"isCommentLike":-5,"dislike_count":0},{"id":28200,"parent_id":28170,"type":2,"commentor":1896,"gmtCreate":null,"gmtModified":null,"like_count":0,"content":"我去踩一踩澳门书店，有货就让他们进qwq","anonymity":0,"any_name":null,"commentCount":null,"user":{"id":1896,"name":"智齿","avatar_url":"http://test01-20200725.oss-cn-shenzhen.aliyuncs.com/image/1641484511195.jpg?Expires=1956844501&OSSAccessKeyId=LTAI4G5RL7pjavqASCwc42kR&Signature=3pkNi9wcTNBRqWz3uSF%2FZxvE8PQ%3D"},"isCommentLike":-5,"dislike_count":0},{"id":28435,"parent_id":28200,"type":2,"commentor":509,"gmtCreate":null,"gmtModified":null,"like_count":0,"content":"谢谢你！！","anonymity":0,"any_name":null,"commentCount":null,"user":{"id":509,"name":"✨✨","avatar_url":"http://test01-20200725.oss-cn-shenzhen.aliyuncs.com/image/1658930465723.jpg?Expires=1974290457&OSSAccessKeyId=LTAI4G5RL7pjavqASCwc42kR&Signature=%2FmDPZ711YrIA9n5nSR%2BvS3u1jA8%3D"},"isCommentLike":-5,"dislike_count":0}],"any_name":null,"relation":-2,"liked":-4,"anonymity":0,"dislike_count":0}