{"id":7670,"author":null,"author_avatar_url":null,"author_id":1372,"author_status":1,"gmt_create":1640143460833,"gmt_modified":1640143460833,"content":"有没有小姐姐想谈恋爱呀，我好想呜呜呜呜………","title":"有没有小姐姐想谈恋爱呀，我好想呜呜呜呜………","description":"no description yet","like_count":4,"comment_count":2,"view_count":89,"type":"post","tag":"not tag yet","imageList":"","content_source":null,"comments":[{"id":28341,"parent_id":7670,"type":1,"commentor":1255,"gmtCreate":null,"gmtModified":null,"like_count":1,"content":"我也想，可是我只想和我暗恋的人谈。如果不是她，我就不要","anonymity":1,"any_name":"出前一丁","commentCount":null,"user":{"id":1255,"name":"AmorAida","avatar_url":"http://test01-20200725.oss-cn-shenzhen.aliyuncs.com/image/1657639521897.jpg?Expires=1972999522&OSSAccessKeyId=LTAI4G5RL7pjavqASCwc42kR&Signature=IwuMELBueJfYSWvEE%2F1051fYOXI%3D"},"isCommentLike":-5,"dislike_count":0},{"id":28363,"parent_id":7670,"type":1,"commentor":765,"gmtCreate":null,"gmtModified":null,"like_count":0,"content":"谈恋爱的话还好哎 但是我更想要能get到我点的朋友！大家一周可以约那么一次饭就更好了\uD83D\uDE22","anonymity":1,"any_name":"Kelly","commentCount":null,"user":{"id":765,"name":"麻薯特价买一送一","avatar_url":"http://test01-20200725.oss-cn-shenzhen.aliyuncs.com/image/1665982822279.jpg?Expires=1981342813&OSSAccessKeyId=LTAI4G5RL7pjavqASCwc42kR&Signature=LQ0q39s5xmQvk9GgE80EPhRBq7k%3D"},"isCommentLike":-5,"dislike_count":0}],"any_name":"珠海小天使","relation":-2,"liked":-4,"anonymity":1,"dislike_count":0}