{"id":768,"author":null,"author_avatar_url":null,"author_id":854,"author_status":1,"gmt_create":1631341442884,"gmt_modified":1631341442884,"content":"有人知道怎么补办通行证？住在珠海但是人现在在澳门，我怕去了就回不来了","title":"有人知道怎么补办通行证？住在珠海但是人现在在澳门，我怕去了就回不来了","description":"no description yet","like_count":0,"comment_count":10,"view_count":115,"type":"post","tag":"not tag yet","imageList":"","content_source":null,"comments":[{"id":2162,"parent_id":768,"type":1,"commentor":33,"gmtCreate":null,"gmtModified":null,"like_count":0,"content":"去中国旅行社办","anonymity":1,"any_name":"微积分","commentCount":null,"user":{"id":33,"name":"人生代代无穷已","avatar_url":"http://test01-20200725.oss-cn-shenzhen.aliyuncs.com/image/1664524005389.jpeg?Expires=1979884004&OSSAccessKeyId=LTAI4G5RL7pjavqASCwc42kR&Signature=S9Aa9cFC93NsUepHTgLHaIwqzKA%3D"},"isCommentLike":-5,"dislike_count":0},{"id":2184,"parent_id":768,"type":1,"commentor":71,"gmtCreate":null,"gmtModified":null,"like_count":0,"content":"得补办。你必须得有在学证明，还的去治安警察局报案","anonymity":0,"any_name":null,"commentCount":null,"user":{"id":71,"name":"一支\uD83C\uDF4B茶","avatar_url":"http://test01-20200725.oss-cn-shenzhen.aliyuncs.com/image/1665761422653.jpg?Expires=1981121423&OSSAccessKeyId=LTAI4G5RL7pjavqASCwc42kR&Signature=HKm6K%2Fep6pjNO1GYdhmExFTk7rM%3D"},"isCommentLike":-5,"dislike_count":0},{"id":2166,"parent_id":2162,"type":2,"commentor":854,"gmtCreate":null,"gmtModified":null,"like_count":0,"content":"那里是要在学证明吧，今天学生事务处没开门拿不了","anonymity":0,"any_name":null,"commentCount":null,"user":{"id":854,"name":"Ezio","avatar_url":"https://thirdwx.qlogo.cn/mmopen/vi_32/ic9v1meib9tAomhTrnhFYP00aibQc1rViafaJSS8ScdHVmQCibnJicUhJwCvy5Toh8zIBDDKhB6cVaVibEXZ8OuVLV3Ew/132"},"isCommentLike":-5,"dislike_count":0},{"id":2185,"parent_id":2184,"type":2,"commentor":71,"gmtCreate":null,"gmtModified":null,"like_count":0,"content":"然后还得去中旅社…我记得挺麻烦的","anonymity":0,"any_name":null,"commentCount":null,"user":{"id":71,"name":"一支\uD83C\uDF4B茶","avatar_url":"http://test01-20200725.oss-cn-shenzhen.aliyuncs.com/image/1665761422653.jpg?Expires=1981121423&OSSAccessKeyId=LTAI4G5RL7pjavqASCwc42kR&Signature=HKm6K%2Fep6pjNO1GYdhmExFTk7rM%3D"},"isCommentLike":-5,"dislike_count":0},{"id":2204,"parent_id":2184,"type":2,"commentor":854,"gmtCreate":null,"gmtModified":null,"like_count":0,"content":"我真的裂开了，去报案告诉我今天办不了，要等中旅社上班才能办一次性回珠海的证件，现在出不去澳门只能住两天酒店","anonymity":0,"any_name":null,"commentCount":null,"user":{"id":854,"name":"Ezio","avatar_url":"https://thirdwx.qlogo.cn/mmopen/vi_32/ic9v1meib9tAomhTrnhFYP00aibQc1rViafaJSS8ScdHVmQCibnJicUhJwCvy5Toh8zIBDDKhB6cVaVibEXZ8OuVLV3Ew/132"},"isCommentLike":-5,"dislike_count":0},{"id":2215,"parent_id":2204,"type":2,"commentor":71,"gmtCreate":null,"gmtModified":null,"like_count":0,"content":"单程证..？","anonymity":0,"any_name":null,"commentCount":null,"user":{"id":71,"name":"一支\uD83C\uDF4B茶","avatar_url":"http://test01-20200725.oss-cn-shenzhen.aliyuncs.com/image/1665761422653.jpg?Expires=1981121423&OSSAccessKeyId=LTAI4G5RL7pjavqASCwc42kR&Signature=HKm6K%2Fep6pjNO1GYdhmExFTk7rM%3D"},"isCommentLike":-5,"dislike_count":0},{"id":2705,"parent_id":2204,"type":2,"commentor":917,"gmtCreate":null,"gmtModified":null,"like_count":0,"content":"我的也丢了 警察局让我这周就回内地 但是全面开放线下了 有临时通行证这个东西吗回澳门的话","anonymity":0,"any_name":null,"commentCount":null,"user":{"id":917,"name":"xx","avatar_url":"http://test01-20200725.oss-cn-shenzhen.aliyuncs.com/image/1631754714728.jpg?Expires=1947114712&OSSAccessKeyId=LTAI4G5RL7pjavqASCwc42kR&Signature=sFSSfhXJ%2BEIdJo8LzsJ1h%2Fv8fOg%3D"},"isCommentLike":-5,"dislike_count":0},{"id":32305,"parent_id":2184,"type":2,"commentor":1371,"gmtCreate":null,"gmtModified":null,"like_count":0,"content":"第一次去中旅的话可以加急办吗","anonymity":0,"any_name":null,"commentCount":null,"user":{"id":1371,"name":"互联网大野猪","avatar_url":"https://thirdwx.qlogo.cn/mmopen/vi_32/8ibcodia1nz3IZMfnHqLSyMxorJddicPxKUQxX9rFIQI245YmtTyfOhxB4ZoIdHz16DjMWJH3MsIZ56TqHORPdChw/132"},"isCommentLike":-5,"dislike_count":0},{"id":32306,"parent_id":32305,"type":2,"commentor":71,"gmtCreate":null,"gmtModified":null,"like_count":0,"content":"不可以哦","anonymity":0,"any_name":null,"commentCount":null,"user":{"id":71,"name":"一支\uD83C\uDF4B茶","avatar_url":"http://test01-20200725.oss-cn-shenzhen.aliyuncs.com/image/1665761422653.jpg?Expires=1981121423&OSSAccessKeyId=LTAI4G5RL7pjavqASCwc42kR&Signature=HKm6K%2Fep6pjNO1GYdhmExFTk7rM%3D"},"isCommentLike":-5,"dislike_count":0},{"id":32307,"parent_id":2705,"type":2,"commentor":71,"gmtCreate":null,"gmtModified":null,"like_count":0,"content":"单程证就是临时通行证吧..？","anonymity":0,"any_name":null,"commentCount":null,"user":{"id":71,"name":"一支\uD83C\uDF4B茶","avatar_url":"http://test01-20200725.oss-cn-shenzhen.aliyuncs.com/image/1665761422653.jpg?Expires=1981121423&OSSAccessKeyId=LTAI4G5RL7pjavqASCwc42kR&Signature=HKm6K%2Fep6pjNO1GYdhmExFTk7rM%3D"},"isCommentLike":-5,"dislike_count":0}],"any_name":"亚古兽","relation":-2,"liked":-4,"anonymity":1,"dislike_count":0}