{"id":7689,"author":null,"author_avatar_url":null,"author_id":1154,"author_status":1,"gmt_create":1640166670981,"gmt_modified":1640166670981,"content":"问一下去拱北拍卡续期没去北安可以不（我是大一的 ）\n因为刚好是从拱北过境回学校，就懒得跑北安了呜呜","title":"问一下去拱北拍卡续期没去北安可以不（我是大一的 ）\n因为刚好是从拱北过境回学校，就懒得跑北安了呜呜","description":"no description yet","like_count":0,"comment_count":3,"view_count":107,"type":"post","tag":"not tag yet","imageList":"","content_source":null,"comments":[{"id":28374,"parent_id":7689,"type":1,"commentor":1225,"gmtCreate":null,"gmtModified":null,"like_count":0,"content":"同问","anonymity":1,"any_name":"多喝热水","commentCount":null,"user":{"id":1225,"name":"风","avatar_url":"http://test01-20200725.oss-cn-shenzhen.aliyuncs.com/image/1665830740553.jpg?Expires=1981190737&OSSAccessKeyId=LTAI4G5RL7pjavqASCwc42kR&Signature=wG2C4kASfrzcDMVXQHd1zq89hrM%3D"},"isCommentLike":-5,"dislike_count":0},{"id":28384,"parent_id":7689,"type":1,"commentor":643,"gmtCreate":null,"gmtModified":null,"like_count":0,"content":"啥意思，是想去拱北不想去北安吗，当然可以","anonymity":0,"any_name":null,"commentCount":null,"user":{"id":643,"name":"脾气超级差","avatar_url":"http://test01-20200725.oss-cn-shenzhen.aliyuncs.com/image/1658825259833.jpg?Expires=1974185254&OSSAccessKeyId=LTAI4G5RL7pjavqASCwc42kR&Signature=cVqDAV6c37qT%2FyCkpGnFEKtS3TU%3D"},"isCommentLike":-5,"dislike_count":0},{"id":28386,"parent_id":28384,"type":2,"commentor":1154,"gmtCreate":null,"gmtModified":null,"like_count":0,"content":"谢谢！那我就放心啦","anonymity":1,"any_name":"Kelly","commentCount":null,"user":{"id":1154,"name":"⭐⭐","avatar_url":"http://test01-20200725.oss-cn-shenzhen.aliyuncs.com/image/1664765845483.jpg?Expires=1980125847&OSSAccessKeyId=LTAI4G5RL7pjavqASCwc42kR&Signature=KVGpmjT9Dy7coS%2FLu2tYSLPiRRc%3D"},"isCommentLike":-5,"dislike_count":0}],"any_name":"Kelly","relation":-2,"liked":-4,"anonymity":1,"dislike_count":0}