{"id":7723,"author":"麻薯特价买一送一","author_avatar_url":"http://test01-20200725.oss-cn-shenzhen.aliyuncs.com/image/1665982822279.jpg?Expires=1981342813&OSSAccessKeyId=LTAI4G5RL7pjavqASCwc42kR&Signature=LQ0q39s5xmQvk9GgE80EPhRBq7k%3D","author_id":765,"author_status":1,"gmt_create":1640234831431,"gmt_modified":1640234831431,"content":"/麻薯推歌\n《4REAL》","title":"/麻薯推歌\n《4REAL》","description":"no description yet","like_count":3,"comment_count":0,"view_count":8,"type":"post","tag":"not tag yet","imageList":"http://test01-20200725.oss-cn-shenzhen.aliyuncs.com/image/1640234800591.jpg?Expires=1955594797&OSSAccessKeyId=LTAI4G5RL7pjavqASCwc42kR&Signature=rfal3WhmD8v2yXnkLiLWIHi6kr4%3D","content_source":null,"comments":null,"any_name":null,"relation":-2,"liked":-4,"anonymity":0,"dislike_count":0}