{"id":7918,"author":null,"author_avatar_url":null,"author_id":1366,"author_status":1,"gmt_create":1640587828690,"gmt_modified":1640587828690,"content":"JRM，没有纸质核酸报告咋办","title":"JRM，没有纸质核酸报告咋办","description":"no description yet","like_count":1,"comment_count":2,"view_count":98,"type":"post","tag":"not tag yet","imageList":"","content_source":null,"comments":[{"id":29365,"parent_id":7918,"type":1,"commentor":1751,"gmtCreate":null,"gmtModified":null,"like_count":0,"content":"电子码","anonymity":0,"any_name":null,"commentCount":null,"user":{"id":1751,"name":"\uD83D\uDC1D\uD83D\uDC96\uD83D\uDD12\uD83D\uDC93","avatar_url":"http://test01-20200725.oss-cn-shenzhen.aliyuncs.com/image/1654747810230.jpg?Expires=1970107803&OSSAccessKeyId=LTAI4G5RL7pjavqASCwc42kR&Signature=KahWaPknZKH%2BMug469QddEs%2FSvI%3D"},"isCommentLike":-5,"dislike_count":0},{"id":29367,"parent_id":7918,"type":1,"commentor":1166,"gmtCreate":null,"gmtModified":null,"like_count":0,"content":"横琴过关不用纸质版","anonymity":0,"any_name":null,"commentCount":null,"user":{"id":1166,"name":"2790345","avatar_url":"http://test01-20200725.oss-cn-shenzhen.aliyuncs.com/image/1660228993820.jpg?Expires=1975588986&OSSAccessKeyId=LTAI4G5RL7pjavqASCwc42kR&Signature=1JDOfg6QmiBeTlVbB6%2BFj3Wh1Is%3D"},"isCommentLike":-5,"dislike_count":0}],"any_name":"Kelly","relation":-2,"liked":-4,"anonymity":1,"dislike_count":0}