{"id":8182,"author":null,"author_avatar_url":null,"author_id":1295,"author_status":1,"gmt_create":1640964555673,"gmt_modified":1640964555673,"content":"看到很多人问暑期学校 内地是不是很多985211都有暑期学校呀？这些一般要多少钱？有门槛吗？如果上的话是不是对简历会有很大帮助？","title":"看到很多人问暑期学校 内地是不是很多985211都有暑期学校呀？这些一般要多少钱？有门槛吗？如果上的话是不是对简历会有很大帮助？","description":"no description yet","like_count":0,"comment_count":4,"view_count":248,"type":"post","tag":"not tag yet","imageList":"","content_source":null,"comments":[{"id":30255,"parent_id":8182,"type":1,"commentor":867,"gmtCreate":null,"gmtModified":null,"like_count":1,"content":"去国外的稍微好一点","anonymity":1,"any_name":"珠海小天使","commentCount":null,"user":{"id":867,"name":"Polaris.","avatar_url":"https://thirdwx.qlogo.cn/mmopen/vi_32/DYAIOgq83eo9vicDlk5fcbK9b2icw5oFYCzAne1R1fia4Oiaibya50sUVJruUmahdGo17UNrok1wiarZNRgKz2OJxdhg/132"},"isCommentLike":-5,"dislike_count":0},{"id":30259,"parent_id":8182,"type":1,"commentor":8,"gmtCreate":null,"gmtModified":null,"like_count":1,"content":"主要你要看看课程设置安排如何，有些很水赚钱参观那种。有些真的很好，课程学分课程硬核，考试也硬核，这种就很有帮助对未来申学啥的。  咱学校合作的挺多一般，建议自己去感兴趣的学校递交申请，例如港校暑课，春季差不多截止申请吧。现在疫情不清楚还有没有","anonymity":1,"any_name":"拱北快递员","commentCount":null,"user":{"id":8,"name":"Wayne","avatar_url":"https://thirdwx.qlogo.cn/mmopen/vi_32/Q0j4TwGTfTK4QvRe9wjL3uz3URdU8LFTjada54reKaw0ptqFFbFyh7XiaA4hEWfc7xbPbU0yibdibqIY8UL38ribSQ/132"},"isCommentLike":-5,"dislike_count":0},{"id":30251,"parent_id":8182,"type":1,"commentor":133,"gmtCreate":null,"gmtModified":null,"like_count":0,"content":"其实都没什么用，主要是赚你们的钱","anonymity":1,"any_name":"咖哩鱼蛋","commentCount":null,"user":{"id":133,"name":"xxx","avatar_url":"https://thirdwx.qlogo.cn/mmopen/vi_32/TF662XtCl6NNXQ5hYVgN3MlgzLsBOIhF435KHRgmhBkXmWnviajicwcR4jiaDuUnoW7UibEdfwhib4VEV3X2f6pX40Q/132"},"isCommentLike":-5,"dislike_count":0},{"id":30252,"parent_id":30251,"type":2,"commentor":1295,"gmtCreate":null,"gmtModified":null,"like_count":0,"content":"好的 谢谢！","anonymity":1,"any_name":"允指原味鸡","commentCount":null,"user":{"id":1295,"name":"U_637031633831","avatar_url":null},"isCommentLike":-5,"dislike_count":0}],"any_name":"允指原味鸡","relation":-2,"liked":-4,"anonymity":1,"dislike_count":0}