{"id":8244,"author":null,"author_avatar_url":null,"author_id":964,"author_status":1,"gmt_create":1641086380079,"gmt_modified":1641086380079,"content":"学校最近是又不管占座了吗\uD83D\uDE22八点半到自习室除了门口几乎没位但是实际上只有十几个人 图书馆靠窗一大排还有单独隔间的也没了但是只有五六个人","title":"学校最近是又不管占座了吗\uD83D\uDE22八点半到自习室除了门口几乎没位但是实际上只有十几个人 图书馆靠窗一大排还有单独隔间的也没了但是只有五六个人","description":"no description yet","like_count":2,"comment_count":11,"view_count":191,"type":"post","tag":"not tag yet","imageList":"","content_source":null,"comments":[{"id":30392,"parent_id":8244,"type":1,"commentor":1166,"gmtCreate":null,"gmtModified":null,"like_count":0,"content":"哎 图书馆没位置了吗 我还想等会起床去图书馆","anonymity":1,"any_name":"网瘾少年","commentCount":null,"user":{"id":1166,"name":"2790345","avatar_url":"http://test01-20200725.oss-cn-shenzhen.aliyuncs.com/image/1660228993820.jpg?Expires=1975588986&OSSAccessKeyId=LTAI4G5RL7pjavqASCwc42kR&Signature=1JDOfg6QmiBeTlVbB6%2BFj3Wh1Is%3D"},"isCommentLike":-5,"dislike_count":0},{"id":30393,"parent_id":8244,"type":1,"commentor":1214,"gmtCreate":null,"gmtModified":null,"like_count":0,"content":"确实 我已写邮件举报","anonymity":1,"any_name":"亚古兽","commentCount":null,"user":{"id":1214,"name":"鸭鸭爱吃五花肉","avatar_url":"http://test01-20200725.oss-cn-shenzhen.aliyuncs.com/image/1666056579145.jpeg?Expires=1981416572&OSSAccessKeyId=LTAI4G5RL7pjavqASCwc42kR&Signature=pU5TDr%2FohkdhgeNUbL8Por6%2FB9Q%3D"},"isCommentLike":-5,"dislike_count":0},{"id":30399,"parent_id":8244,"type":1,"commentor":133,"gmtCreate":null,"gmtModified":null,"like_count":0,"content":"占位的都是皇位，小仙女不少","anonymity":1,"any_name":"Anton","commentCount":null,"user":{"id":133,"name":"xxx","avatar_url":"https://thirdwx.qlogo.cn/mmopen/vi_32/TF662XtCl6NNXQ5hYVgN3MlgzLsBOIhF435KHRgmhBkXmWnviajicwcR4jiaDuUnoW7UibEdfwhib4VEV3X2f6pX40Q/132"},"isCommentLike":-5,"dislike_count":0},{"id":30414,"parent_id":8244,"type":1,"commentor":1166,"gmtCreate":null,"gmtModified":null,"like_count":0,"content":"哈哈哈哈我在图书馆找到了个很偏僻的对着墙的位置","anonymity":1,"any_name":"网瘾少年","commentCount":null,"user":{"id":1166,"name":"2790345","avatar_url":"http://test01-20200725.oss-cn-shenzhen.aliyuncs.com/image/1660228993820.jpg?Expires=1975588986&OSSAccessKeyId=LTAI4G5RL7pjavqASCwc42kR&Signature=1JDOfg6QmiBeTlVbB6%2BFj3Wh1Is%3D"},"isCommentLike":-5,"dislike_count":0},{"id":30504,"parent_id":8244,"type":1,"commentor":328,"gmtCreate":null,"gmtModified":null,"like_count":0,"content":"主要是没人管的话，就真的没位置了","anonymity":1,"any_name":"喷火龙","commentCount":null,"user":{"id":328,"name":"每天都很困","avatar_url":"http://test01-20200725.oss-cn-shenzhen.aliyuncs.com/image/1661699304888.png?Expires=1977059303&OSSAccessKeyId=LTAI4G5RL7pjavqASCwc42kR&Signature=WojBj5YDhY2Lt231vnf%2FX2VPRGc%3D"},"isCommentLike":-5,"dislike_count":0},{"id":30395,"parent_id":30392,"type":2,"commentor":964,"gmtCreate":null,"gmtModified":null,"like_count":0,"content":"图书馆还好 只是好一点的位子都被占了 那种一大排的还有一些可以来看看！","anonymity":0,"any_name":null,"commentCount":null,"user":{"id":964,"name":"困得自杀","avatar_url":"http://test01-20200725.oss-cn-shenzhen.aliyuncs.com/image/1657803874292.jpg?Expires=1973163874&OSSAccessKeyId=LTAI4G5RL7pjavqASCwc42kR&Signature=0R83hIsv5NcTaMzXAw%2FoJaeKRSw%3D"},"isCommentLike":-5,"dislike_count":0},{"id":30396,"parent_id":30392,"type":2,"commentor":964,"gmtCreate":null,"gmtModified":null,"like_count":0,"content":"但是自习室就是几乎没有了","anonymity":0,"any_name":null,"commentCount":null,"user":{"id":964,"name":"困得自杀","avatar_url":"http://test01-20200725.oss-cn-shenzhen.aliyuncs.com/image/1657803874292.jpg?Expires=1973163874&OSSAccessKeyId=LTAI4G5RL7pjavqASCwc42kR&Signature=0R83hIsv5NcTaMzXAw%2FoJaeKRSw%3D"},"isCommentLike":-5,"dislike_count":0},{"id":30397,"parent_id":30393,"type":2,"commentor":964,"gmtCreate":null,"gmtModified":null,"like_count":0,"content":"但是确实难管 不过早上起来看到这样的景象还是挺无语的\uD83D\uDE22\uD83D\uDE22","anonymity":0,"any_name":null,"commentCount":null,"user":{"id":964,"name":"困得自杀","avatar_url":"http://test01-20200725.oss-cn-shenzhen.aliyuncs.com/image/1657803874292.jpg?Expires=1973163874&OSSAccessKeyId=LTAI4G5RL7pjavqASCwc42kR&Signature=0R83hIsv5NcTaMzXAw%2FoJaeKRSw%3D"},"isCommentLike":-5,"dislike_count":0},{"id":30398,"parent_id":30397,"type":2,"commentor":1214,"gmtCreate":null,"gmtModified":null,"like_count":0,"content":"早起看到没座位挺难受","anonymity":1,"any_name":"亚古兽","commentCount":null,"user":{"id":1214,"name":"鸭鸭爱吃五花肉","avatar_url":"http://test01-20200725.oss-cn-shenzhen.aliyuncs.com/image/1666056579145.jpeg?Expires=1981416572&OSSAccessKeyId=LTAI4G5RL7pjavqASCwc42kR&Signature=pU5TDr%2FohkdhgeNUbL8Por6%2FB9Q%3D"},"isCommentLike":-5,"dislike_count":0},{"id":30428,"parent_id":30399,"type":2,"commentor":964,"gmtCreate":null,"gmtModified":null,"like_count":0,"content":"真的吗哈哈哈哈","anonymity":0,"any_name":null,"commentCount":null,"user":{"id":964,"name":"困得自杀","avatar_url":"http://test01-20200725.oss-cn-shenzhen.aliyuncs.com/image/1657803874292.jpg?Expires=1973163874&OSSAccessKeyId=LTAI4G5RL7pjavqASCwc42kR&Signature=0R83hIsv5NcTaMzXAw%2FoJaeKRSw%3D"},"isCommentLike":-5,"dislike_count":0},{"id":30429,"parent_id":30414,"type":2,"commentor":964,"gmtCreate":null,"gmtModified":null,"like_count":0,"content":"对对我也是 其实这种座位也还挺好的 我个人觉得 毕竟安静还私密性强","anonymity":0,"any_name":null,"commentCount":null,"user":{"id":964,"name":"困得自杀","avatar_url":"http://test01-20200725.oss-cn-shenzhen.aliyuncs.com/image/1657803874292.jpg?Expires=1973163874&OSSAccessKeyId=LTAI4G5RL7pjavqASCwc42kR&Signature=0R83hIsv5NcTaMzXAw%2FoJaeKRSw%3D"},"isCommentLike":-5,"dislike_count":0}],"any_name":"哥斯拉","relation":-2,"liked":-4,"anonymity":1,"dislike_count":0}