{"id":8356,"author":"科大鸭","author_avatar_url":"http://test01-20200725.oss-cn-shenzhen.aliyuncs.com/image/1624370407433.jpeg?Expires=1939730402&OSSAccessKeyId=LTAI4G5RL7pjavqASCwc42kR&Signature=UEIvjfVREj9DPr4FHeyAIel3Guo%3D","author_id":15,"author_status":6,"gmt_create":1641215298666,"gmt_modified":1641215298666,"content":"鸭鸭㊗大家考试加油\n顺顺利利地\uD83C\uDE50高分\n考的全部会 蒙的全部✅\n过个好年\uD83E\uDDE8\uD83C\uDF89","title":"鸭鸭㊗大家考试加油\n顺顺利利地\uD83C\uDE50高分\n考的全部会 蒙的全部✅\n过个好年\uD83E\uDDE8\uD83C\uDF89","description":"no description yet","like_count":16,"comment_count":0,"view_count":21,"type":"post","tag":"not tag yet","imageList":"","content_source":null,"comments":null,"any_name":null,"relation":-2,"liked":-4,"anonymity":0,"dislike_count":0}