{"id":841,"author":"~Xenon~","author_avatar_url":"http://test01-20200725.oss-cn-shenzhen.aliyuncs.com/image/1662451495431.gif?Expires=1977811496&OSSAccessKeyId=LTAI4G5RL7pjavqASCwc42kR&Signature=tLEL737zMefpEHXZzQlS%2Bxz88Ts%3D","author_id":682,"author_status":1,"gmt_create":1631441637124,"gmt_modified":1631441637124,"content":"今日份的横琴日落","title":"今日份的横琴日落","description":"no description yet","like_count":6,"comment_count":0,"view_count":8,"type":"post","tag":"not tag yet","imageList":"http://test01-20200725.oss-cn-shenzhen.aliyuncs.com/image/1631441625027.jpg?Expires=1946801615&OSSAccessKeyId=LTAI4G5RL7pjavqASCwc42kR&Signature=4XKuttJHSXYD9%2BFX5eBKBh3Mf8E%3D","content_source":null,"comments":null,"any_name":null,"relation":-2,"liked":-4,"anonymity":0,"dislike_count":0}