{"id":8497,"author":null,"author_avatar_url":null,"author_id":1683,"author_status":1,"gmt_create":1641369538941,"gmt_modified":1641369538941,"content":"祝大家期末全部A+，遇到的一切晦气诅咒全部反弹到下咒的人自己身上！","title":"祝大家期末全部A+，遇到的一切晦气诅咒全部反弹到下咒的人自己身上！","description":"no description yet","like_count":53,"comment_count":6,"view_count":263,"type":"post","tag":"not tag yet","imageList":"","content_source":null,"comments":[{"id":31225,"parent_id":8497,"type":1,"commentor":469,"gmtCreate":null,"gmtModified":null,"like_count":0,"content":"见者有份嘿嘿","anonymity":1,"any_name":"大潭山车队","commentCount":null,"user":{"id":469,"name":"拟罪豪士","avatar_url":"http://test01-20200725.oss-cn-shenzhen.aliyuncs.com/image/1666343885041.jpg?Expires=1981703877&OSSAccessKeyId=LTAI4G5RL7pjavqASCwc42kR&Signature=u7mV2VMqb2J9rVWR58suCrdi5S0%3D"},"isCommentLike":-5,"dislike_count":0},{"id":31228,"parent_id":8497,"type":1,"commentor":2114,"gmtCreate":null,"gmtModified":null,"like_count":0,"content":"借你吉言！！明早去考试","anonymity":0,"any_name":null,"commentCount":null,"user":{"id":2114,"name":"\uD83C\uDF51","avatar_url":"https://thirdwx.qlogo.cn/mmopen/vi_32/xib794ciaFq3kAicyteRVJdVvoQ4Iul7XvoxE7mWWBTH97WanPc88Bmwva0TnVqj0atta1VgQPJn1TlEIn736C7Yw/132"},"isCommentLike":-5,"dislike_count":0},{"id":31240,"parent_id":8497,"type":1,"commentor":867,"gmtCreate":null,"gmtModified":null,"like_count":0,"content":"嘿嘿","anonymity":1,"any_name":"网瘾少年","commentCount":null,"user":{"id":867,"name":"Polaris.","avatar_url":"https://thirdwx.qlogo.cn/mmopen/vi_32/DYAIOgq83eo9vicDlk5fcbK9b2icw5oFYCzAne1R1fia4Oiaibya50sUVJruUmahdGo17UNrok1wiarZNRgKz2OJxdhg/132"},"isCommentLike":-5,"dislike_count":0},{"id":31271,"parent_id":8497,"type":1,"commentor":71,"gmtCreate":null,"gmtModified":null,"like_count":0,"content":"嘿嘿.谢谢","anonymity":1,"any_name":"Anton","commentCount":null,"user":{"id":71,"name":"一支\uD83C\uDF4B茶","avatar_url":"http://test01-20200725.oss-cn-shenzhen.aliyuncs.com/image/1665761422653.jpg?Expires=1981121423&OSSAccessKeyId=LTAI4G5RL7pjavqASCwc42kR&Signature=HKm6K%2Fep6pjNO1GYdhmExFTk7rM%3D"},"isCommentLike":-5,"dislike_count":0},{"id":31286,"parent_id":8497,"type":1,"commentor":1214,"gmtCreate":null,"gmtModified":null,"like_count":0,"content":"借你吉言","anonymity":1,"any_name":"三鲜水饺","commentCount":null,"user":{"id":1214,"name":"鸭鸭爱吃五花肉","avatar_url":"http://test01-20200725.oss-cn-shenzhen.aliyuncs.com/image/1666056579145.jpeg?Expires=1981416572&OSSAccessKeyId=LTAI4G5RL7pjavqASCwc42kR&Signature=pU5TDr%2FohkdhgeNUbL8Por6%2FB9Q%3D"},"isCommentLike":-5,"dislike_count":0},{"id":31297,"parent_id":8497,"type":1,"commentor":161,"gmtCreate":null,"gmtModified":null,"like_count":0,"content":"你是善良宝 我们都会考很好！！！","anonymity":1,"any_name":"Tom","commentCount":null,"user":{"id":161,"name":"jellyfish","avatar_url":"https://thirdwx.qlogo.cn/mmopen/vi_32/Q0j4TwGTfTJcXqaZf7oI1NZpdrmqibVtIkq0CLyCOx3J4WvO771FtGLb7ZeliakYoTBAV5E6buWJQVsgrM7JA84g/132"},"isCommentLike":-5,"dislike_count":0}],"any_name":"皮卡丘","relation":-2,"liked":-4,"anonymity":1,"dislike_count":0}