{"id":8643,"author":"盐酥鸡","author_avatar_url":"http://test01-20200725.oss-cn-shenzhen.aliyuncs.com/image/1641541942333.jpg?Expires=1956901935&OSSAccessKeyId=LTAI4G5RL7pjavqASCwc42kR&Signature=UoPHK%2FxIQahn0qiRBRbrZ3d5amU%3D","author_id":2147,"author_status":1,"gmt_create":1641541885290,"gmt_modified":1641541885290,"content":"有推荐的珠海美甲店吗\uD83D\uDC85\uD83C\uDFFB","title":"有推荐的珠海美甲店吗\uD83D\uDC85\uD83C\uDFFB","description":"no description yet","like_count":0,"comment_count":7,"view_count":120,"type":"post","tag":"not tag yet","imageList":"","content_source":null,"comments":[{"id":31751,"parent_id":8643,"type":1,"commentor":1910,"gmtCreate":null,"gmtModified":null,"like_count":1,"content":"NL Nail 便宜技术好","anonymity":0,"any_name":null,"commentCount":null,"user":{"id":1910,"name":"justin","avatar_url":null},"isCommentLike":-5,"dislike_count":0},{"id":32330,"parent_id":31751,"type":2,"commentor":142,"gmtCreate":null,"gmtModified":null,"like_count":0,"content":"真的不行别去","anonymity":1,"any_name":"和味牛杂","commentCount":null,"user":{"id":142,"name":"啦啦啦啦","avatar_url":"http://test01-20200725.oss-cn-shenzhen.aliyuncs.com/image/1644467177908.jpg?Expires=1959827174&OSSAccessKeyId=LTAI4G5RL7pjavqASCwc42kR&Signature=4880RZ%2FhB3DXIOZkj79WDPOeCpE%3D"},"isCommentLike":-5,"dislike_count":0},{"id":32361,"parent_id":32330,"type":2,"commentor":1910,"gmtCreate":null,"gmtModified":null,"like_count":0,"content":"真的嘛 我觉得还好哎","anonymity":0,"any_name":null,"commentCount":null,"user":{"id":1910,"name":"justin","avatar_url":null},"isCommentLike":-5,"dislike_count":0},{"id":32414,"parent_id":32361,"type":2,"commentor":1313,"gmtCreate":null,"gmtModified":null,"like_count":0,"content":"今天去了 指甲被磨薄到没法打磨 （因为她甲片贴歪）","anonymity":1,"any_name":"水箭龟","commentCount":null,"user":{"id":1313,"name":"麦乐鸡块","avatar_url":"http://test01-20200725.oss-cn-shenzhen.aliyuncs.com/image/1648750280342.jpg?Expires=1964110271&OSSAccessKeyId=LTAI4G5RL7pjavqASCwc42kR&Signature=9kk2kDOtx%2B1HbyBQkIp9rU0Gzis%3D"},"isCommentLike":-5,"dislike_count":0},{"id":32415,"parent_id":32361,"type":2,"commentor":1313,"gmtCreate":null,"gmtModified":null,"like_count":0,"content":"然后指甲现在很薄很少 害怕长到肉里","anonymity":1,"any_name":"水箭龟","commentCount":null,"user":{"id":1313,"name":"麦乐鸡块","avatar_url":"http://test01-20200725.oss-cn-shenzhen.aliyuncs.com/image/1648750280342.jpg?Expires=1964110271&OSSAccessKeyId=LTAI4G5RL7pjavqASCwc42kR&Signature=9kk2kDOtx%2B1HbyBQkIp9rU0Gzis%3D"},"isCommentLike":-5,"dislike_count":0},{"id":32416,"parent_id":32361,"type":2,"commentor":1313,"gmtCreate":null,"gmtModified":null,"like_count":0,"content":"指尖还被磨破了….","anonymity":1,"any_name":"水箭龟","commentCount":null,"user":{"id":1313,"name":"麦乐鸡块","avatar_url":"http://test01-20200725.oss-cn-shenzhen.aliyuncs.com/image/1648750280342.jpg?Expires=1964110271&OSSAccessKeyId=LTAI4G5RL7pjavqASCwc42kR&Signature=9kk2kDOtx%2B1HbyBQkIp9rU0Gzis%3D"},"isCommentLike":-5,"dislike_count":0},{"id":32420,"parent_id":32415,"type":2,"commentor":1910,"gmtCreate":null,"gmtModified":null,"like_count":0,"content":"？？可怕 可能我上次运气好 这样的话我要找找别家了","anonymity":0,"any_name":null,"commentCount":null,"user":{"id":1910,"name":"justin","avatar_url":null},"isCommentLike":-5,"dislike_count":0}],"any_name":null,"relation":-2,"liked":-4,"anonymity":0,"dislike_count":0}