{"id":8751,"author":null,"author_avatar_url":null,"author_id":1814,"author_status":1,"gmt_create":1641740669047,"gmt_modified":1641740669047,"content":"学生澳门通是去哪里办呀","title":"学生澳门通是去哪里办呀","description":"no description yet","like_count":0,"comment_count":4,"view_count":104,"type":"post","tag":"not tag yet","imageList":"","content_source":null,"comments":[{"id":32165,"parent_id":8751,"type":1,"commentor":1048,"gmtCreate":null,"gmtModified":null,"like_count":0,"content":"去办学生澳门通的地方办","anonymity":1,"any_name":"老板","commentCount":null,"user":{"id":1048,"name":"Mxmtoon","avatar_url":"https://thirdwx.qlogo.cn/mmopen/vi_32/BgX1Kn6uGTJEd2EPsoR4dR9DUD9bOlSwHiae2D9R6ic78Hgqny8guZR5ibia8ua2xiajYjQkV54KJpnianxtd33deIkg/132"},"isCommentLike":-5,"dislike_count":0},{"id":32166,"parent_id":8751,"type":1,"commentor":937,"gmtCreate":null,"gmtModified":null,"like_count":0,"content":"去澳门通的地方办","anonymity":1,"any_name":"微积分","commentCount":null,"user":{"id":937,"name":"Paprika","avatar_url":"https://thirdwx.qlogo.cn/mmopen/vi_32/DYAIOgq83erXO0Hibm3qJlZAq1DEuggbNcFD7NCFFzJrk2VLe4pHwHvbA8JuV9oOibd44ibYWvprax9F18Ank1eibw/132"},"isCommentLike":-5,"dislike_count":0},{"id":32168,"parent_id":8751,"type":1,"commentor":1825,"gmtCreate":null,"gmtModified":null,"like_count":0,"content":"mpay下载软件，里面可以办，但等的时间比较长","anonymity":1,"any_name":"亚古兽","commentCount":null,"user":{"id":1825,"name":"Merry","avatar_url":"https://thirdwx.qlogo.cn/mmopen/vi_32/Ss5gKjTVte7gzCLjbYDgs7qibad9wA0oOKNXCmcicJ6zwjtCNBNnAjc1rzia6nGZIGWVxPEicZ5SaTX0WnpKlKuiaLQ/132"},"isCommentLike":-5,"dislike_count":0},{"id":32170,"parent_id":32168,"type":2,"commentor":1751,"gmtCreate":null,"gmtModified":null,"like_count":0,"content":"大概兩三天就可以了","anonymity":0,"any_name":null,"commentCount":null,"user":{"id":1751,"name":"\uD83D\uDC1D\uD83D\uDC96\uD83D\uDD12\uD83D\uDC93","avatar_url":"http://test01-20200725.oss-cn-shenzhen.aliyuncs.com/image/1654747810230.jpg?Expires=1970107803&OSSAccessKeyId=LTAI4G5RL7pjavqASCwc42kR&Signature=KahWaPknZKH%2BMug469QddEs%2FSvI%3D"},"isCommentLike":-5,"dislike_count":0}],"any_name":"珠海小天使","relation":-2,"liked":-4,"anonymity":1,"dislike_count":0}