{"id":8839,"author":null,"author_avatar_url":null,"author_id":1864,"author_status":1,"gmt_create":1641890700148,"gmt_modified":1641890700148,"content":"澳门回江西要隔离？","title":"澳门回江西要隔离？","description":"no description yet","like_count":0,"comment_count":4,"view_count":128,"type":"post","tag":"not tag yet","imageList":"","content_source":null,"comments":[{"id":32550,"parent_id":8839,"type":1,"commentor":592,"gmtCreate":null,"gmtModified":null,"like_count":0,"content":"不用啊…","anonymity":1,"any_name":"四川麻辣烫","commentCount":null,"user":{"id":592,"name":"xxl","avatar_url":"http://test01-20200725.oss-cn-shenzhen.aliyuncs.com/image/1664352859085.jpg?Expires=1979712854&OSSAccessKeyId=LTAI4G5RL7pjavqASCwc42kR&Signature=jqrJUes41AT1wXmBa32L8fBdjCs%3D"},"isCommentLike":-5,"dislike_count":0},{"id":32745,"parent_id":8839,"type":1,"commentor":328,"gmtCreate":null,"gmtModified":null,"like_count":0,"content":"也不知道到了26号政策会怎样，江西感觉一直都更严一点","anonymity":1,"any_name":"喷火龙","commentCount":null,"user":{"id":328,"name":"每天都很困","avatar_url":"http://test01-20200725.oss-cn-shenzhen.aliyuncs.com/image/1661699304888.png?Expires=1977059303&OSSAccessKeyId=LTAI4G5RL7pjavqASCwc42kR&Signature=WojBj5YDhY2Lt231vnf%2FX2VPRGc%3D"},"isCommentLike":-5,"dislike_count":0},{"id":32570,"parent_id":32550,"type":2,"commentor":1864,"gmtCreate":null,"gmtModified":null,"like_count":0,"content":"我同学爸爸打电话问了社区，说要居家隔离7天耶","anonymity":1,"any_name":"咖哩鱼蛋","commentCount":null,"user":{"id":1864,"name":"鼠鼠","avatar_url":"http://test01-20200725.oss-cn-shenzhen.aliyuncs.com/image/1661703319698.jpg?Expires=1977063321&OSSAccessKeyId=LTAI4G5RL7pjavqASCwc42kR&Signature=QOmLE7ryxq7LMZ5yDvkLYNv%2F7ow%3D"},"isCommentLike":-5,"dislike_count":0},{"id":32586,"parent_id":32570,"type":2,"commentor":592,"gmtCreate":null,"gmtModified":null,"like_count":0,"content":"其实居家隔离等于没有（悄咪咪说一句）","anonymity":1,"any_name":"四川麻辣烫","commentCount":null,"user":{"id":592,"name":"xxl","avatar_url":"http://test01-20200725.oss-cn-shenzhen.aliyuncs.com/image/1664352859085.jpg?Expires=1979712854&OSSAccessKeyId=LTAI4G5RL7pjavqASCwc42kR&Signature=jqrJUes41AT1wXmBa32L8fBdjCs%3D"},"isCommentLike":-5,"dislike_count":0}],"any_name":"咖哩鱼蛋","relation":-2,"liked":-4,"anonymity":1,"dislike_count":0}