{"id":8985,"author":null,"author_avatar_url":null,"author_id":45,"author_status":1,"gmt_create":1642005117988,"gmt_modified":1642005117988,"content":"呃呃呃呃呃呃猜猜我是谁","title":"呃呃呃呃呃呃猜猜我是谁","description":"no description yet","like_count":0,"comment_count":1,"view_count":24,"type":"post","tag":"not tag yet","imageList":"","content_source":null,"comments":[{"id":33093,"parent_id":8985,"type":1,"commentor":1751,"gmtCreate":null,"gmtModified":null,"like_count":0,"content":"你猜猜我猜不猜~~","anonymity":0,"any_name":null,"commentCount":null,"user":{"id":1751,"name":"\uD83D\uDC1D\uD83D\uDC96\uD83D\uDD12\uD83D\uDC93","avatar_url":"http://test01-20200725.oss-cn-shenzhen.aliyuncs.com/image/1654747810230.jpg?Expires=1970107803&OSSAccessKeyId=LTAI4G5RL7pjavqASCwc42kR&Signature=KahWaPknZKH%2BMug469QddEs%2FSvI%3D"},"isCommentLike":-5,"dislike_count":0}],"any_name":"珠海小天使","relation":-2,"liked":-4,"anonymity":1,"dislike_count":0}