{"id":8993,"author":"momo","author_avatar_url":"https://thirdwx.qlogo.cn/mmopen/vi_32/Q3auHgzwzM7XgZ7Q7TcU3KNsha2VBd9KXv5rgCFDicQtsic2zhiazAHGHsXeplKYnHdhgGbAaoCySjvN51lW38ibzw/132","author_id":857,"author_status":1,"gmt_create":1642007039867,"gmt_modified":1642007039867,"content":"全国三创赛和欧莱雅商赛还有澳门创业赛，有一起的uu们吗？\n国际旅游管理专业，大一，有学过管理专业的知识，对商科感兴趣，参赛经验不足，但十分愿意学习，保证完成任务，不会中途退赛，课余时间多。有拍过vlog，会剪辑视频，熟悉PPT，Excel。对待学习工作认真负责，乐于沟通，做事不拖拉。想找有经验的team，学长学姐们捞捞","title":"全国三创赛和欧莱雅商赛还有澳门创业赛，有一起的uu们吗？\n国际旅游管理专业，大一，有学过管理专业的知识，对商科感兴趣，参赛经验不足，但十分愿意学习，保证完成任务，不会中途","description":"no description yet","like_count":2,"comment_count":7,"view_count":272,"type":"post","tag":"not tag yet","imageList":"http://test01-20200725.oss-cn-shenzhen.aliyuncs.com/image/1642007000947.jpg?Expires=1957366994&OSSAccessKeyId=LTAI4G5RL7pjavqASCwc42kR&Signature=s40%2BrBWvqk0RqU5M927nZC%2BwD04%3D;http://test01-20200725.oss-cn-shenzhen.aliyuncs.com/image/1642007001885.jpg?Expires=1957366995&OSSAccessKeyId=LTAI4G5RL7pjavqASCwc42kR&Signature=88ZQ%2FQKXmS5s1eX%2BYjIgR84h3KY%3D;http://test01-20200725.oss-cn-shenzhen.aliyuncs.com/image/1642006998918.jpg?Expires=1957366999&OSSAccessKeyId=LTAI4G5RL7pjavqASCwc42kR&Signature=ZPw8943CJe27IPxc6KC1ulV02SE%3D","content_source":null,"comments":[{"id":33042,"parent_id":8993,"type":1,"commentor":937,"gmtCreate":null,"gmtModified":null,"like_count":0,"content":"我大二国旅，也希望有人带我参赛","anonymity":1,"any_name":"多喝热水","commentCount":null,"user":{"id":937,"name":"Paprika","avatar_url":"https://thirdwx.qlogo.cn/mmopen/vi_32/DYAIOgq83erXO0Hibm3qJlZAq1DEuggbNcFD7NCFFzJrk2VLe4pHwHvbA8JuV9oOibd44ibYWvprax9F18Ank1eibw/132"},"isCommentLike":-5,"dislike_count":0},{"id":33068,"parent_id":8993,"type":1,"commentor":1225,"gmtCreate":null,"gmtModified":null,"like_count":0,"content":"大一国旅也想参加","anonymity":1,"any_name":"Anton","commentCount":null,"user":{"id":1225,"name":"风","avatar_url":"http://test01-20200725.oss-cn-shenzhen.aliyuncs.com/image/1665830740553.jpg?Expires=1981190737&OSSAccessKeyId=LTAI4G5RL7pjavqASCwc42kR&Signature=wG2C4kASfrzcDMVXQHd1zq89hrM%3D"},"isCommentLike":-5,"dislike_count":0},{"id":33071,"parent_id":8993,"type":1,"commentor":1314,"gmtCreate":null,"gmtModified":null,"like_count":0,"content":"大一国旅也想参加","anonymity":1,"any_name":"咖哩鱼蛋","commentCount":null,"user":{"id":1314,"name":"hehe","avatar_url":"http://test01-20200725.oss-cn-shenzhen.aliyuncs.com/image/1666367895487.jpg?Expires=1981727887&OSSAccessKeyId=LTAI4G5RL7pjavqASCwc42kR&Signature=5VdxIWqekB0I0lIncobuqQAd1Sk%3D"},"isCommentLike":-5,"dislike_count":0},{"id":33082,"parent_id":8993,"type":1,"commentor":857,"gmtCreate":null,"gmtModified":null,"like_count":0,"content":"有认识it或工管的小伙伴吗","anonymity":0,"any_name":null,"commentCount":null,"user":{"id":857,"name":"momo","avatar_url":"https://thirdwx.qlogo.cn/mmopen/vi_32/Q3auHgzwzM7XgZ7Q7TcU3KNsha2VBd9KXv5rgCFDicQtsic2zhiazAHGHsXeplKYnHdhgGbAaoCySjvN51lW38ibzw/132"},"isCommentLike":-5,"dislike_count":0},{"id":33178,"parent_id":8993,"type":1,"commentor":782,"gmtCreate":null,"gmtModified":null,"like_count":0,"content":"我大一商学士也想参加","anonymity":1,"any_name":"Redis设计与实现","commentCount":null,"user":{"id":782,"name":"林","avatar_url":"https://thirdwx.qlogo.cn/mmopen/vi_32/Q0j4TwGTfTKdcG9qKIQ8lEAUm3ibGo6CNkcP4hC8vLerVejZWfNq0KQgfzeCibS3O9dAZtWSHjKwMolhTbrjiarag/132"},"isCommentLike":-5,"dislike_count":0},{"id":33796,"parent_id":8993,"type":1,"commentor":857,"gmtCreate":null,"gmtModified":null,"like_count":0,"content":"有男生吗","anonymity":0,"any_name":null,"commentCount":null,"user":{"id":857,"name":"momo","avatar_url":"https://thirdwx.qlogo.cn/mmopen/vi_32/Q3auHgzwzM7XgZ7Q7TcU3KNsha2VBd9KXv5rgCFDicQtsic2zhiazAHGHsXeplKYnHdhgGbAaoCySjvN51lW38ibzw/132"},"isCommentLike":-5,"dislike_count":0},{"id":116484,"parent_id":8993,"type":1,"commentor":9343,"gmtCreate":null,"gmtModified":null,"like_count":0,"content":"加我一个大一商学士","anonymity":0,"any_name":null,"commentCount":null,"user":{"id":9343,"name":"U_hhhhh","avatar_url":"http://test01-20200725.oss-cn-shenzhen.aliyuncs.com/image/1657937750572.jpg?Expires=1973297745&OSSAccessKeyId=LTAI4G5RL7pjavqASCwc42kR&Signature=URcwyfaca0VA95zg0e1ZL5B4PnU%3D"},"isCommentLike":-5,"dislike_count":0}],"any_name":null,"relation":-2,"liked":-4,"anonymity":0,"dislike_count":0}