{"id":9005,"author":"一加","author_avatar_url":"http://test01-20200725.oss-cn-shenzhen.aliyuncs.com/image/1642964795506.jpg?Expires=1958324791&OSSAccessKeyId=LTAI4G5RL7pjavqASCwc42kR&Signature=BjRKt60sC%2FwoBvDa6kCjfIu9xE4%3D","author_id":2216,"author_status":1,"gmt_create":1642047131126,"gmt_modified":1642047131126,"content":"想问住在横琴和拱北，通勤时间是不是都要差不多一个小时…","title":"想问住在横琴和拱北，通勤时间是不是都要差不多一个小时…","description":"no description yet","like_count":0,"comment_count":13,"view_count":177,"type":"post","tag":"not tag yet","imageList":"","content_source":null,"comments":[{"id":33103,"parent_id":9005,"type":1,"commentor":1166,"gmtCreate":null,"gmtModified":null,"like_count":0,"content":"同问","anonymity":0,"any_name":null,"commentCount":null,"user":{"id":1166,"name":"2790345","avatar_url":"http://test01-20200725.oss-cn-shenzhen.aliyuncs.com/image/1660228993820.jpg?Expires=1975588986&OSSAccessKeyId=LTAI4G5RL7pjavqASCwc42kR&Signature=1JDOfg6QmiBeTlVbB6%2BFj3Wh1Is%3D"},"isCommentLike":-5,"dislike_count":0},{"id":33104,"parent_id":9005,"type":1,"commentor":2216,"gmtCreate":null,"gmtModified":null,"like_count":0,"content":"然后请问各自优缺点大概是什么呀，求学长学姐指点\uD83D\uDE4F","anonymity":0,"any_name":null,"commentCount":null,"user":{"id":2216,"name":"一加","avatar_url":"http://test01-20200725.oss-cn-shenzhen.aliyuncs.com/image/1642964795506.jpg?Expires=1958324791&OSSAccessKeyId=LTAI4G5RL7pjavqASCwc42kR&Signature=BjRKt60sC%2FwoBvDa6kCjfIu9xE4%3D"},"isCommentLike":-5,"dislike_count":0},{"id":33107,"parent_id":9005,"type":1,"commentor":450,"gmtCreate":null,"gmtModified":null,"like_count":0,"content":"横琴没有一个小时。叫电召的话很快。从琴海湾到学校20min（只要不堵车","anonymity":1,"any_name":"拱北快递员","commentCount":null,"user":{"id":450,"name":"愤怒战士","avatar_url":"http://test01-20200725.oss-cn-shenzhen.aliyuncs.com/image/1663681422485.jpg?Expires=1979041417&OSSAccessKeyId=LTAI4G5RL7pjavqASCwc42kR&Signature=OaxEOUrLeAx82vj0yglZzpMNMjA%3D"},"isCommentLike":-5,"dislike_count":0},{"id":33129,"parent_id":9005,"type":1,"commentor":1110,"gmtCreate":null,"gmtModified":null,"like_count":0,"content":"半个小时吧 不超过一个小时","anonymity":1,"any_name":"人生的智慧","commentCount":null,"user":{"id":1110,"name":"purpleorange","avatar_url":"https://thirdwx.qlogo.cn/mmopen/vi_32/YH9azvJOQaJLD1iaRUqZuVZdZ1pRjTvut66yuJn9SfqFzItibplLYSkan12J2TSCNIGohF8D87ZxlGxFXtdkBl9g/132"},"isCommentLike":-5,"dislike_count":0},{"id":33141,"parent_id":9005,"type":1,"commentor":682,"gmtCreate":null,"gmtModified":null,"like_count":0,"content":"从琴海湾/中海明钻走到口岸  10分钟\n过关  5分钟\n澳门口岸区等巴士  平峰期0-10分钟，高峰期10-15分钟（或者卡时间坐MGM穿梭车）\n巴士到学校附近巴士站  15分钟\n从学校附近巴士站走到学校  5分钟（望德圣母湾到A座）  10分钟（MGM到K座）\n加起来差不多50-60分钟","anonymity":0,"any_name":null,"commentCount":null,"user":{"id":682,"name":"~Xenon~","avatar_url":"http://test01-20200725.oss-cn-shenzhen.aliyuncs.com/image/1662451495431.gif?Expires=1977811496&OSSAccessKeyId=LTAI4G5RL7pjavqASCwc42kR&Signature=tLEL737zMefpEHXZzQlS%2Bxz88Ts%3D"},"isCommentLike":-5,"dislike_count":0},{"id":33116,"parent_id":33107,"type":2,"commentor":2216,"gmtCreate":null,"gmtModified":null,"like_count":0,"content":"那么请问坐公交车呢？到横琴拱北是不是都要几乎一个小时\uD83D\uDE02","anonymity":0,"any_name":null,"commentCount":null,"user":{"id":2216,"name":"一加","avatar_url":"http://test01-20200725.oss-cn-shenzhen.aliyuncs.com/image/1642964795506.jpg?Expires=1958324791&OSSAccessKeyId=LTAI4G5RL7pjavqASCwc42kR&Signature=BjRKt60sC%2FwoBvDa6kCjfIu9xE4%3D"},"isCommentLike":-5,"dislike_count":0},{"id":33121,"parent_id":33116,"type":2,"commentor":450,"gmtCreate":null,"gmtModified":null,"like_count":0,"content":"公交也没那么慢 因为琴海湾出门就是口岸 我好久没坐公交了忘记了 一直都是打车 快的时候十分钟就到学校了","anonymity":1,"any_name":"拱北快递员","commentCount":null,"user":{"id":450,"name":"愤怒战士","avatar_url":"http://test01-20200725.oss-cn-shenzhen.aliyuncs.com/image/1663681422485.jpg?Expires=1979041417&OSSAccessKeyId=LTAI4G5RL7pjavqASCwc42kR&Signature=OaxEOUrLeAx82vj0yglZzpMNMjA%3D"},"isCommentLike":-5,"dislike_count":0},{"id":33123,"parent_id":33121,"type":2,"commentor":2216,"gmtCreate":null,"gmtModified":null,"like_count":0,"content":"好的，谢谢～","anonymity":0,"any_name":null,"commentCount":null,"user":{"id":2216,"name":"一加","avatar_url":"http://test01-20200725.oss-cn-shenzhen.aliyuncs.com/image/1642964795506.jpg?Expires=1958324791&OSSAccessKeyId=LTAI4G5RL7pjavqASCwc42kR&Signature=BjRKt60sC%2FwoBvDa6kCjfIu9xE4%3D"},"isCommentLike":-5,"dislike_count":0},{"id":33132,"parent_id":33129,"type":2,"commentor":2216,"gmtCreate":null,"gmtModified":null,"like_count":0,"content":"好滴，主要是在地图上查都是五十多分钟感觉时间挺长的\uD83D\uDE02 谢谢你～","anonymity":0,"any_name":null,"commentCount":null,"user":{"id":2216,"name":"一加","avatar_url":"http://test01-20200725.oss-cn-shenzhen.aliyuncs.com/image/1642964795506.jpg?Expires=1958324791&OSSAccessKeyId=LTAI4G5RL7pjavqASCwc42kR&Signature=BjRKt60sC%2FwoBvDa6kCjfIu9xE4%3D"},"isCommentLike":-5,"dislike_count":0},{"id":33133,"parent_id":33132,"type":2,"commentor":1110,"gmtCreate":null,"gmtModified":null,"like_count":0,"content":"不会的 我每天都来回 我感觉挺快的 从家里到科大包括通关也就四十分钟吧","anonymity":1,"any_name":"喷火龙","commentCount":null,"user":{"id":1110,"name":"purpleorange","avatar_url":"https://thirdwx.qlogo.cn/mmopen/vi_32/YH9azvJOQaJLD1iaRUqZuVZdZ1pRjTvut66yuJn9SfqFzItibplLYSkan12J2TSCNIGohF8D87ZxlGxFXtdkBl9g/132"},"isCommentLike":-5,"dislike_count":0},{"id":33136,"parent_id":33133,"type":2,"commentor":2216,"gmtCreate":null,"gmtModified":null,"like_count":0,"content":"好的，谢谢～","anonymity":0,"any_name":null,"commentCount":null,"user":{"id":2216,"name":"一加","avatar_url":"http://test01-20200725.oss-cn-shenzhen.aliyuncs.com/image/1642964795506.jpg?Expires=1958324791&OSSAccessKeyId=LTAI4G5RL7pjavqASCwc42kR&Signature=BjRKt60sC%2FwoBvDa6kCjfIu9xE4%3D"},"isCommentLike":-5,"dislike_count":0},{"id":33183,"parent_id":33141,"type":2,"commentor":2216,"gmtCreate":null,"gmtModified":null,"like_count":0,"content":"感谢学长！好详细\uD83D\uDE2F","anonymity":0,"any_name":null,"commentCount":null,"user":{"id":2216,"name":"一加","avatar_url":"http://test01-20200725.oss-cn-shenzhen.aliyuncs.com/image/1642964795506.jpg?Expires=1958324791&OSSAccessKeyId=LTAI4G5RL7pjavqASCwc42kR&Signature=BjRKt60sC%2FwoBvDa6kCjfIu9xE4%3D"},"isCommentLike":-5,"dislike_count":0},{"id":33195,"parent_id":33183,"type":2,"commentor":682,"gmtCreate":null,"gmtModified":null,"like_count":0,"content":"如果你住到华发、荔枝湾，或者其他地方，前往横琴口岸的时间会更长","anonymity":0,"any_name":null,"commentCount":null,"user":{"id":682,"name":"~Xenon~","avatar_url":"http://test01-20200725.oss-cn-shenzhen.aliyuncs.com/image/1662451495431.gif?Expires=1977811496&OSSAccessKeyId=LTAI4G5RL7pjavqASCwc42kR&Signature=tLEL737zMefpEHXZzQlS%2Bxz88Ts%3D"},"isCommentLike":-5,"dislike_count":0}],"any_name":null,"relation":-2,"liked":-4,"anonymity":0,"dislike_count":0}