{"id":9052,"author":null,"author_avatar_url":null,"author_id":1847,"author_status":1,"gmt_create":1642067810942,"gmt_modified":1642067810942,"content":"巨浪碗什么好吃呀","title":"巨浪碗什么好吃呀","description":"no description yet","like_count":0,"comment_count":2,"view_count":108,"type":"post","tag":"not tag yet","imageList":"","content_source":null,"comments":[{"id":33284,"parent_id":9052,"type":1,"commentor":891,"gmtCreate":null,"gmtModified":null,"like_count":0,"content":"都不好吃>o<","anonymity":1,"any_name":"六级词汇","commentCount":null,"user":{"id":891,"name":"王大王（动森打工版）","avatar_url":"https://thirdwx.qlogo.cn/mmopen/vi_32/Q0j4TwGTfTL72YEQthvp6YS76yVSRTJliaR7hGIqwsGCXyicicPEdQfOrmkqXQukW4HG3p2P9JCOWLQicRPIFv5k7A/132"},"isCommentLike":-5,"dislike_count":0},{"id":33285,"parent_id":33284,"type":2,"commentor":891,"gmtCreate":null,"gmtModified":null,"like_count":0,"content":"鸡胸尤为突出的不好吃","anonymity":1,"any_name":"六级词汇","commentCount":null,"user":{"id":891,"name":"王大王（动森打工版）","avatar_url":"https://thirdwx.qlogo.cn/mmopen/vi_32/Q0j4TwGTfTL72YEQthvp6YS76yVSRTJliaR7hGIqwsGCXyicicPEdQfOrmkqXQukW4HG3p2P9JCOWLQicRPIFv5k7A/132"},"isCommentLike":-5,"dislike_count":0}],"any_name":"三鲜水饺","relation":-2,"liked":-4,"anonymity":1,"dislike_count":0}