{"id":9140,"author":null,"author_avatar_url":null,"author_id":2340,"author_status":1,"gmt_create":1642131536443,"gmt_modified":1642131536443,"content":"大家收到混上通知了吗 下周的","title":"大家收到混上通知了吗 下周的","description":"no description yet","like_count":0,"comment_count":1,"view_count":208,"type":"post","tag":"not tag yet","imageList":"","content_source":null,"comments":[{"id":33718,"parent_id":9140,"type":1,"commentor":2263,"gmtCreate":null,"gmtModified":null,"like_count":0,"content":"真的有吗？","anonymity":0,"any_name":null,"commentCount":null,"user":{"id":2263,"name":"昵称是啥","avatar_url":null},"isCommentLike":-5,"dislike_count":0}],"any_name":"珠海小天使","relation":-2,"liked":-4,"anonymity":1,"dislike_count":0}