{"id":9269,"author":"一支\uD83C\uDF4B茶","author_avatar_url":"http://test01-20200725.oss-cn-shenzhen.aliyuncs.com/image/1665761422653.jpg?Expires=1981121423&OSSAccessKeyId=LTAI4G5RL7pjavqASCwc42kR&Signature=HKm6K%2Fep6pjNO1GYdhmExFTk7rM%3D","author_id":71,"author_status":1,"gmt_create":1642170205452,"gmt_modified":1642170205452,"content":"理性讨论：什么样的安排算【合理】","title":"理性讨论：什么样的安排算【合理】","description":"no description yet","like_count":6,"comment_count":9,"view_count":339,"type":"post","tag":"not tag yet","imageList":"","content_source":null,"comments":[{"id":34329,"parent_id":9269,"type":1,"commentor":501,"gmtCreate":null,"gmtModified":null,"like_count":15,"content":"线上线下并行。不搞所谓的【充分理由】","anonymity":0,"any_name":null,"commentCount":null,"user":{"id":501,"name":"Simei","avatar_url":"https://thirdwx.qlogo.cn/mmopen/vi_32/Q0j4TwGTfTLLZ4cK3hXg1gtD8vc94NAx0VoJd98UvKPKlYQU2fHnkjtCSl70HGo47qTFHrHoKribTz6unwCQRBA/132"},"isCommentLike":-5,"dislike_count":0},{"id":34338,"parent_id":9269,"type":1,"commentor":1295,"gmtCreate":null,"gmtModified":null,"like_count":5,"content":"自由选择线上线下 而不是申请了才行","anonymity":1,"any_name":"老板","commentCount":null,"user":{"id":1295,"name":"U_637031633831","avatar_url":null},"isCommentLike":-5,"dislike_count":0},{"id":34325,"parent_id":9269,"type":1,"commentor":71,"gmtCreate":null,"gmtModified":null,"like_count":2,"content":"只是好奇，想看看大家怎么想的，不要吵架","anonymity":0,"any_name":null,"commentCount":null,"user":{"id":71,"name":"一支\uD83C\uDF4B茶","avatar_url":"http://test01-20200725.oss-cn-shenzhen.aliyuncs.com/image/1665761422653.jpg?Expires=1981121423&OSSAccessKeyId=LTAI4G5RL7pjavqASCwc42kR&Signature=HKm6K%2Fep6pjNO1GYdhmExFTk7rM%3D"},"isCommentLike":-5,"dislike_count":0},{"id":34445,"parent_id":9269,"type":1,"commentor":707,"gmtCreate":null,"gmtModified":null,"like_count":1,"content":"我个人认为在学校有那么多跨境学生的前提下，在珠海有疫情的时候要快点作出反应，线上线下也好，一刀切不让走也罢，最起码学生互骂这个事就不太会发生了，大家再闹也只会针对学校，我只觉得学校反映太慢，其他的合理。","anonymity":1,"any_name":"Redis设计与实现","commentCount":null,"user":{"id":707,"name":"Nuhcoaix","avatar_url":"https://thirdwx.qlogo.cn/mmopen/vi_32/Q0j4TwGTfTIia9SbEwOGVzHdu9V3H3D2b7lic7p87DJiaSv7V7Y3wHnpcHIQ2FUDZ4mMUoKIASoJuk5fSMKUFSdqg/132"},"isCommentLike":-5,"dislike_count":0},{"id":34335,"parent_id":9269,"type":1,"commentor":1148,"gmtCreate":null,"gmtModified":null,"like_count":0,"content":"我去，头像是元菲","anonymity":0,"any_name":null,"commentCount":null,"user":{"id":1148,"name":"兔比。","avatar_url":"http://test01-20200725.oss-cn-shenzhen.aliyuncs.com/image/1657258209521.jpg?Expires=1972618208&OSSAccessKeyId=LTAI4G5RL7pjavqASCwc42kR&Signature=j2vvpCQM976RAjQ%2B1jrXzAC9Nfk%3D"},"isCommentLike":-5,"dislike_count":0},{"id":34352,"parent_id":9269,"type":1,"commentor":670,"gmtCreate":null,"gmtModified":null,"like_count":0,"content":"合不合理是一码事，摆烂反不反应是另一码事","anonymity":0,"any_name":null,"commentCount":null,"user":{"id":670,"name":"沈腾","avatar_url":"http://test01-20200725.oss-cn-shenzhen.aliyuncs.com/image/1661432787646.jpg?Expires=1976792782&OSSAccessKeyId=LTAI4G5RL7pjavqASCwc42kR&Signature=g6ySCqYrYiFafy1e7j%2BB4OKJDYA%3D"},"isCommentLike":-5,"dislike_count":0},{"id":34403,"parent_id":9269,"type":1,"commentor":1111,"gmtCreate":null,"gmtModified":null,"like_count":0,"content":"直接开网课，小学期一门课就一两节课了上网课我可以接受","anonymity":1,"any_name":"微积分","commentCount":null,"user":{"id":1111,"name":"WeBug","avatar_url":"https://thirdwx.qlogo.cn/mmopen/vi_32/Q0j4TwGTfTL7DdUiaLBYFA4Er91DRaYffMibicYk4A0XlnbF7NuFUcPdZJdfrFVs1I7ia2uYNKWOdMia4yibBgbZHPibw/132"},"isCommentLike":-5,"dislike_count":0},{"id":34521,"parent_id":9269,"type":1,"commentor":772,"gmtCreate":null,"gmtModified":null,"like_count":0,"content":"对于我这种做好不回去的打算的已经无所谓了hhh","anonymity":0,"any_name":null,"commentCount":null,"user":{"id":772,"name":"人鱼岛","avatar_url":"http://test01-20200725.oss-cn-shenzhen.aliyuncs.com/image/1655263848705.jpg?Expires=1970623841&OSSAccessKeyId=LTAI4G5RL7pjavqASCwc42kR&Signature=4LGv6mJQXC2XZHHRZzUDAlYKc1U%3D"},"isCommentLike":-5,"dislike_count":0},{"id":34382,"parent_id":34352,"type":2,"commentor":71,"gmtCreate":null,"gmtModified":null,"like_count":0,"content":"话是这么说，但是我也的确只是好奇大家认为什么样的安排算合理，这个不在讨论范畴内","anonymity":0,"any_name":null,"commentCount":null,"user":{"id":71,"name":"一支\uD83C\uDF4B茶","avatar_url":"http://test01-20200725.oss-cn-shenzhen.aliyuncs.com/image/1665761422653.jpg?Expires=1981121423&OSSAccessKeyId=LTAI4G5RL7pjavqASCwc42kR&Signature=HKm6K%2Fep6pjNO1GYdhmExFTk7rM%3D"},"isCommentLike":-5,"dislike_count":0}],"any_name":null,"relation":-2,"liked":-4,"anonymity":0,"dislike_count":0}