{"id":9394,"author":null,"author_avatar_url":null,"author_id":782,"author_status":1,"gmt_create":1642214656641,"gmt_modified":1642214656641,"content":"家人们从上海坐高铁到合肥会被隔离吗，从珠海到合肥呢","title":"家人们从上海坐高铁到合肥会被隔离吗，从珠海到合肥呢","description":"no description yet","like_count":0,"comment_count":1,"view_count":23,"type":"post","tag":"not tag yet","imageList":"","content_source":null,"comments":[{"id":34900,"parent_id":9394,"type":1,"commentor":1655,"gmtCreate":null,"gmtModified":null,"like_count":0,"content":"目前都没消息啊，你几号回合肥","anonymity":1,"any_name":"皮卡丘","commentCount":null,"user":{"id":1655,"name":"应急食品（毕业版）","avatar_url":"http://test01-20200725.oss-cn-shenzhen.aliyuncs.com/image/1636378464049.gif?Expires=1951738454&OSSAccessKeyId=LTAI4G5RL7pjavqASCwc42kR&Signature=Ay0yzvZwaOrfFrXfYrxsTdpLkwM%3D"},"isCommentLike":-5,"dislike_count":0}],"any_name":"Anton","relation":-2,"liked":-4,"anonymity":1,"dislike_count":0}