{"id":9455,"author":null,"author_avatar_url":null,"author_id":1319,"author_status":1,"gmt_create":1642233040355,"gmt_modified":1642233040355,"content":"机场或者横琴口岸能拿从科大医院做的核酸报告吗？","title":"机场或者横琴口岸能拿从科大医院做的核酸报告吗？","description":"no description yet","like_count":0,"comment_count":0,"view_count":8,"type":"post","tag":"not tag yet","imageList":"","content_source":null,"comments":null,"any_name":"拱北快递员","relation":-2,"liked":-4,"anonymity":1,"dislike_count":0}