{"id":9510,"author":"70岁老人科大求学","author_avatar_url":"http://test01-20200725.oss-cn-shenzhen.aliyuncs.com/image/1631119583861.jpg?Expires=1946479576&OSSAccessKeyId=LTAI4G5RL7pjavqASCwc42kR&Signature=HBd1T01Q8aa7pj2i9TCXaht8fIQ%3D","author_id":629,"author_status":1,"gmt_create":1642262111885,"gmt_modified":1642262111885,"content":"离校了 但是有个朋友很喜欢麦当劳美乐蒂的盒子\n我想买给她\n有小姐妹出嘛 价格合理的话可商量 邮费也是我出\n希望可以遇到有缘人 谢谢\uD83D\uDE4F\uD83C\uDFFB","title":"离校了 但是有个朋友很喜欢麦当劳美乐蒂的盒子\n我想买给她\n有小姐妹出嘛 价格合理的话可商量 邮费也是我出\n希望可以遇到有缘人 谢谢\uD83D\uDE4F\uD83C\uDFFB","description":"no description yet","like_count":1,"comment_count":4,"view_count":283,"type":"post","tag":"not tag yet","imageList":"http://test01-20200725.oss-cn-shenzhen.aliyuncs.com/image/1642262011813.jpg?Expires=1957622010&OSSAccessKeyId=LTAI4G5RL7pjavqASCwc42kR&Signature=84cmlDfwvg7GwR035lTLsB0JEwA%3D","content_source":null,"comments":[{"id":35267,"parent_id":9510,"type":1,"commentor":635,"gmtCreate":null,"gmtModified":null,"like_count":2,"content":"今天学校麦当劳卖掉了最后一个盒子","anonymity":1,"any_name":"水箭龟","commentCount":null,"user":{"id":635,"name":"别理我，我比你牛逼","avatar_url":"http://test01-20200725.oss-cn-shenzhen.aliyuncs.com/image/1659496488044.gif?Expires=1974856478&OSSAccessKeyId=LTAI4G5RL7pjavqASCwc42kR&Signature=BDlc8M%2FBnAOuLIx8vfkdijTlje8%3D"},"isCommentLike":-5,"dislike_count":0},{"id":35284,"parent_id":9510,"type":1,"commentor":2064,"gmtCreate":null,"gmtModified":null,"like_count":2,"content":"其实内陆德克士也有差不多的美乐蒂盒子 而且还不用单独买","anonymity":1,"any_name":"芋圆奶茶","commentCount":null,"user":{"id":2064,"name":"U_227021639098","avatar_url":null},"isCommentLike":-5,"dislike_count":0},{"id":35271,"parent_id":35267,"type":2,"commentor":629,"gmtCreate":null,"gmtModified":null,"like_count":0,"content":"好哦谢谢！！","anonymity":0,"any_name":null,"commentCount":null,"user":{"id":629,"name":"70岁老人科大求学","avatar_url":"http://test01-20200725.oss-cn-shenzhen.aliyuncs.com/image/1631119583861.jpg?Expires=1946479576&OSSAccessKeyId=LTAI4G5RL7pjavqASCwc42kR&Signature=HBd1T01Q8aa7pj2i9TCXaht8fIQ%3D"},"isCommentLike":-5,"dislike_count":0},{"id":35292,"parent_id":35284,"type":2,"commentor":629,"gmtCreate":null,"gmtModified":null,"like_count":0,"content":"好我看看","anonymity":0,"any_name":null,"commentCount":null,"user":{"id":629,"name":"70岁老人科大求学","avatar_url":"http://test01-20200725.oss-cn-shenzhen.aliyuncs.com/image/1631119583861.jpg?Expires=1946479576&OSSAccessKeyId=LTAI4G5RL7pjavqASCwc42kR&Signature=HBd1T01Q8aa7pj2i9TCXaht8fIQ%3D"},"isCommentLike":-5,"dislike_count":0}],"any_name":null,"relation":-2,"liked":-4,"anonymity":0,"dislike_count":0}