{"id":9681,"author":null,"author_avatar_url":null,"author_id":1938,"author_status":1,"gmt_create":1642473536273,"gmt_modified":1642473536273,"content":"有没有人出个番茄给我…..","title":"有没有人出个番茄给我…..","description":"no description yet","like_count":0,"comment_count":3,"view_count":109,"type":"post","tag":"not tag yet","imageList":"","content_source":null,"comments":[{"id":35883,"parent_id":9681,"type":1,"commentor":1623,"gmtCreate":null,"gmtModified":null,"like_count":0,"content":"番茄是什么","anonymity":1,"any_name":"四川麻辣烫","commentCount":null,"user":{"id":1623,"name":"土豆\uD83E\uDD54","avatar_url":"https://thirdwx.qlogo.cn/mmopen/vi_32/RrnJGs3COaA4JseWoCGvaicFX52cOiaibBz0EJsR4LG7WFA74DaicwYB4JQ4Ue5ySMIGcTkDprq4HkyKctVejrFvJw/132"},"isCommentLike":-5,"dislike_count":0},{"id":35884,"parent_id":35883,"type":2,"commentor":1938,"gmtCreate":null,"gmtModified":null,"like_count":0,"content":"吃的 番茄","anonymity":1,"any_name":"和味牛杂","commentCount":null,"user":{"id":1938,"name":"路环保卫队","avatar_url":"http://test01-20200725.oss-cn-shenzhen.aliyuncs.com/image/1638284305997.jpg?Expires=1953644296&OSSAccessKeyId=LTAI4G5RL7pjavqASCwc42kR&Signature=fEh0QaTBUq%2B%2BSzjISns77jSy81Q%3D"},"isCommentLike":-5,"dislike_count":0},{"id":35885,"parent_id":35884,"type":2,"commentor":1623,"gmtCreate":null,"gmtModified":null,"like_count":0,"content":"哈哈哈哈哈哈哈你去买个不就好了","anonymity":1,"any_name":"四川麻辣烫","commentCount":null,"user":{"id":1623,"name":"土豆\uD83E\uDD54","avatar_url":"https://thirdwx.qlogo.cn/mmopen/vi_32/RrnJGs3COaA4JseWoCGvaicFX52cOiaibBz0EJsR4LG7WFA74DaicwYB4JQ4Ue5ySMIGcTkDprq4HkyKctVejrFvJw/132"},"isCommentLike":-5,"dislike_count":0}],"any_name":"和味牛杂","relation":-2,"liked":-4,"anonymity":1,"dislike_count":0}