{"id":9793,"author":null,"author_avatar_url":null,"author_id":1750,"author_status":1,"gmt_create":1642606370083,"gmt_modified":1642606370083,"content":"大家和自己的父亲关系如何呢？因为父亲以前一直呆在军队后来退伍转业也不在我呆的地方，从小到大感觉和父亲之间的关系都很淡，我也感觉得到他有在尝试和我找话题，想和我聊聊天，但我们两个始终还是只能说几句话草草了事","title":"大家和自己的父亲关系如何呢？因为父亲以前一直呆在军队后来退伍转业也不在我呆的地方，从小到大感觉和父亲之间的关系都很淡，我也感觉得到他有在尝试和我找话题，想和我聊聊天，但我","description":"no description yet","like_count":0,"comment_count":16,"view_count":275,"type":"post","tag":"not tag yet","imageList":"","content_source":null,"comments":[{"id":36440,"parent_id":9793,"type":1,"commentor":1532,"gmtCreate":null,"gmtModified":null,"like_count":1,"content":"你跟他互打军体拳拉近距离","anonymity":1,"any_name":"Jerry","commentCount":null,"user":{"id":1532,"name":"科大丁真","avatar_url":"http://test01-20200725.oss-cn-shenzhen.aliyuncs.com/image/1663652903842.jpg?Expires=1979012897&OSSAccessKeyId=LTAI4G5RL7pjavqASCwc42kR&Signature=RTf%2FQx5TQZK2kAN3eSYSxid1TN8%3D"},"isCommentLike":-5,"dislike_count":0},{"id":36230,"parent_id":9793,"type":1,"commentor":1133,"gmtCreate":null,"gmtModified":null,"like_count":0,"content":"不行 不喜欢","anonymity":1,"any_name":"网瘾少年","commentCount":null,"user":{"id":1133,"name":"无事小神仙","avatar_url":"http://test01-20200725.oss-cn-shenzhen.aliyuncs.com/image/1666848003348.jpg?Expires=1982207995&OSSAccessKeyId=LTAI4G5RL7pjavqASCwc42kR&Signature=x51mAxQH5IM9JjWF9zcJntifllU%3D"},"isCommentLike":-5,"dislike_count":0},{"id":36234,"parent_id":9793,"type":1,"commentor":596,"gmtCreate":null,"gmtModified":null,"like_count":0,"content":"因为那个人真的很恶心 搞什么家暴 还蹲了几年的牢 一年下来讲话不超10句 他在家我就呆房间里不出来 真的很想他有时抽烟抽着就去世","anonymity":1,"any_name":"咖哩鱼蛋","commentCount":null,"user":{"id":596,"name":"momo","avatar_url":"https://thirdwx.qlogo.cn/mmopen/vi_32/Q3auHgzwzM7ibGoKPZ1KWk4qfaC3dkBgpUVHibnyAs7OsyCLWhvBzbbIERHS8FRX1VcjfOnictGzib09zfXABCG2Yw/132"},"isCommentLike":-5,"dislike_count":0},{"id":36243,"parent_id":9793,"type":1,"commentor":71,"gmtCreate":null,"gmtModified":null,"like_count":0,"content":"看起来他是在试图修复我们之间的关系。但是很遗憾，我不接受，赶紧滚出我家。","anonymity":1,"any_name":"多喝热水","commentCount":null,"user":{"id":71,"name":"一支\uD83C\uDF4B茶","avatar_url":"http://test01-20200725.oss-cn-shenzhen.aliyuncs.com/image/1665761422653.jpg?Expires=1981121423&OSSAccessKeyId=LTAI4G5RL7pjavqASCwc42kR&Signature=HKm6K%2Fep6pjNO1GYdhmExFTk7rM%3D"},"isCommentLike":-5,"dislike_count":0},{"id":36255,"parent_id":9793,"type":1,"commentor":772,"gmtCreate":null,"gmtModified":null,"like_count":0,"content":"不行，无法原谅家暴男，虽然他现在改好了但这是我大闹一场差点自杀换来了\uD83D\uDE04","anonymity":1,"any_name":"奥利奥","commentCount":null,"user":{"id":772,"name":"人鱼岛","avatar_url":"http://test01-20200725.oss-cn-shenzhen.aliyuncs.com/image/1655263848705.jpg?Expires=1970623841&OSSAccessKeyId=LTAI4G5RL7pjavqASCwc42kR&Signature=4LGv6mJQXC2XZHHRZzUDAlYKc1U%3D"},"isCommentLike":-5,"dislike_count":0},{"id":36411,"parent_id":9793,"type":1,"commentor":1864,"gmtCreate":null,"gmtModified":null,"like_count":0,"content":"我跟我爸能一直不讲话，我跟我妈就有很多话说","anonymity":1,"any_name":"Tom","commentCount":null,"user":{"id":1864,"name":"鼠鼠","avatar_url":"http://test01-20200725.oss-cn-shenzhen.aliyuncs.com/image/1661703319698.jpg?Expires=1977063321&OSSAccessKeyId=LTAI4G5RL7pjavqASCwc42kR&Signature=QOmLE7ryxq7LMZ5yDvkLYNv%2F7ow%3D"},"isCommentLike":-5,"dislike_count":0},{"id":36413,"parent_id":9793,"type":1,"commentor":1166,"gmtCreate":null,"gmtModified":null,"like_count":0,"content":"很好 关系非常好 我爸从不会打我骂我 也不会对我说重话 我们之间有什么问题就大家和平交流","anonymity":1,"any_name":"Anton","commentCount":null,"user":{"id":1166,"name":"2790345","avatar_url":"http://test01-20200725.oss-cn-shenzhen.aliyuncs.com/image/1660228993820.jpg?Expires=1975588986&OSSAccessKeyId=LTAI4G5RL7pjavqASCwc42kR&Signature=1JDOfg6QmiBeTlVbB6%2BFj3Wh1Is%3D"},"isCommentLike":-5,"dislike_count":0},{"id":36535,"parent_id":9793,"type":1,"commentor":1030,"gmtCreate":null,"gmtModified":null,"like_count":0,"content":"我爸妈都是转业的，就过年过节一起出去吃饭一起玩，然后让你的妈妈做中间的调和者，以前我和我爸关系也不好，现在是我帮我妈压制我爸，简单点说就是搞三国鼎立就好了","anonymity":1,"any_name":"鸡蛋仔","commentCount":null,"user":{"id":1030,"name":"123","avatar_url":"https://thirdwx.qlogo.cn/mmopen/vi_32/Smk8O2z6R0icvg8tkqibbVKraxvIu5n9iaHeD0RHJUQm7ygiaOiauUsyETK96ZdS9rDIiaozYUo8rMa1EcM8fBdHibj4w/132"},"isCommentLike":-5,"dislike_count":0},{"id":36231,"parent_id":36230,"type":2,"commentor":1750,"gmtCreate":null,"gmtModified":null,"like_count":0,"content":"也不知道该怎么说，其实父亲对我一直都很好，从小到大都没有打过我，但就是亲近不起来，发微信都感觉很尴尬","anonymity":1,"any_name":"拱北快递员","commentCount":null,"user":{"id":1750,"name":"Ellien","avatar_url":"http://test01-20200725.oss-cn-shenzhen.aliyuncs.com/image/1647020798389.jpg?Expires=1962380794&OSSAccessKeyId=LTAI4G5RL7pjavqASCwc42kR&Signature=zuB0fciJAIiWexrH59DFUTmeyWg%3D"},"isCommentLike":-5,"dislike_count":0},{"id":36237,"parent_id":36234,"type":2,"commentor":1683,"gmtCreate":null,"gmtModified":null,"like_count":0,"content":"看来或许是80、90年代道上混过来的人","anonymity":1,"any_name":"水箭龟","commentCount":null,"user":{"id":1683,"name":"Rarity","avatar_url":"http://test01-20200725.oss-cn-shenzhen.aliyuncs.com/image/1661566204106.jpg?Expires=1976926200&OSSAccessKeyId=LTAI4G5RL7pjavqASCwc42kR&Signature=bkV9B%2FZEWNKBsMo%2BJxR0xngtBvI%3D"},"isCommentLike":-5,"dislike_count":0},{"id":36241,"parent_id":36234,"type":2,"commentor":647,"gmtCreate":null,"gmtModified":null,"like_count":0,"content":"天…希望uu赶紧逃离他","anonymity":1,"any_name":"珠海小天使","commentCount":null,"user":{"id":647,"name":"凍檸茶少奶","avatar_url":"http://test01-20200725.oss-cn-shenzhen.aliyuncs.com/image/1656908230605.jpg?Expires=1972268225&OSSAccessKeyId=LTAI4G5RL7pjavqASCwc42kR&Signature=yOhRWNWlRDNQY%2BdkKCNMZ%2BnB2g4%3D"},"isCommentLike":-5,"dislike_count":0},{"id":36244,"parent_id":36243,"type":2,"commentor":71,"gmtCreate":null,"gmtModified":null,"like_count":0,"content":"出轨方必死","anonymity":1,"any_name":"皮卡丘","commentCount":null,"user":{"id":71,"name":"一支\uD83C\uDF4B茶","avatar_url":"http://test01-20200725.oss-cn-shenzhen.aliyuncs.com/image/1665761422653.jpg?Expires=1981121423&OSSAccessKeyId=LTAI4G5RL7pjavqASCwc42kR&Signature=HKm6K%2Fep6pjNO1GYdhmExFTk7rM%3D"},"isCommentLike":-5,"dislike_count":0},{"id":36412,"parent_id":36234,"type":2,"commentor":1864,"gmtCreate":null,"gmtModified":null,"like_count":0,"content":"天哪","anonymity":1,"any_name":"和味牛杂","commentCount":null,"user":{"id":1864,"name":"鼠鼠","avatar_url":"http://test01-20200725.oss-cn-shenzhen.aliyuncs.com/image/1661703319698.jpg?Expires=1977063321&OSSAccessKeyId=LTAI4G5RL7pjavqASCwc42kR&Signature=QOmLE7ryxq7LMZ5yDvkLYNv%2F7ow%3D"},"isCommentLike":-5,"dislike_count":0},{"id":36446,"parent_id":36440,"type":2,"commentor":1750,"gmtCreate":null,"gmtModified":null,"like_count":0,"content":"那我恐怕得留点儿零件在家里了","anonymity":1,"any_name":"拱北快递员","commentCount":null,"user":{"id":1750,"name":"Ellien","avatar_url":"http://test01-20200725.oss-cn-shenzhen.aliyuncs.com/image/1647020798389.jpg?Expires=1962380794&OSSAccessKeyId=LTAI4G5RL7pjavqASCwc42kR&Signature=zuB0fciJAIiWexrH59DFUTmeyWg%3D"},"isCommentLike":-5,"dislike_count":0},{"id":36536,"parent_id":36535,"type":2,"commentor":1750,"gmtCreate":null,"gmtModified":null,"like_count":0,"content":"其实也不是关系不好，就是不知道该怎么相处，两个人没有话说哈哈","anonymity":1,"any_name":"拱北快递员","commentCount":null,"user":{"id":1750,"name":"Ellien","avatar_url":"http://test01-20200725.oss-cn-shenzhen.aliyuncs.com/image/1647020798389.jpg?Expires=1962380794&OSSAccessKeyId=LTAI4G5RL7pjavqASCwc42kR&Signature=zuB0fciJAIiWexrH59DFUTmeyWg%3D"},"isCommentLike":-5,"dislike_count":0},{"id":36538,"parent_id":36536,"type":2,"commentor":1030,"gmtCreate":null,"gmtModified":null,"like_count":0,"content":"那就试着聊聊国际局势和国家大事，如果是女生就另当别论了","anonymity":1,"any_name":"芋圆奶茶","commentCount":null,"user":{"id":1030,"name":"123","avatar_url":"https://thirdwx.qlogo.cn/mmopen/vi_32/Smk8O2z6R0icvg8tkqibbVKraxvIu5n9iaHeD0RHJUQm7ygiaOiauUsyETK96ZdS9rDIiaozYUo8rMa1EcM8fBdHibj4w/132"},"isCommentLike":-5,"dislike_count":0}],"any_name":"拱北快递员","relation":-2,"liked":-4,"anonymity":1,"dislike_count":0}