{"id":9814,"author":null,"author_avatar_url":null,"author_id":647,"author_status":1,"gmt_create":1642654253038,"gmt_modified":1642654253038,"content":"想问暑期小学期是啥…","title":"想问暑期小学期是啥…","description":"no description yet","like_count":1,"comment_count":2,"view_count":96,"type":"post","tag":"not tag yet","imageList":"","content_source":null,"comments":[{"id":36415,"parent_id":9814,"type":1,"commentor":2086,"gmtCreate":null,"gmtModified":null,"like_count":0,"content":"大概是补修学分的","anonymity":1,"any_name":"Kelly","commentCount":null,"user":{"id":2086,"name":"U_543701639323","avatar_url":null},"isCommentLike":-5,"dislike_count":0},{"id":36468,"parent_id":36415,"type":2,"commentor":647,"gmtCreate":null,"gmtModified":null,"like_count":0,"content":"好的谢谢！！","anonymity":1,"any_name":"多喝热水","commentCount":null,"user":{"id":647,"name":"凍檸茶少奶","avatar_url":"http://test01-20200725.oss-cn-shenzhen.aliyuncs.com/image/1656908230605.jpg?Expires=1972268225&OSSAccessKeyId=LTAI4G5RL7pjavqASCwc42kR&Signature=yOhRWNWlRDNQY%2BdkKCNMZ%2BnB2g4%3D"},"isCommentLike":-5,"dislike_count":0}],"any_name":"多喝热水","relation":-2,"liked":-4,"anonymity":1,"dislike_count":0}