{"id":9843,"author":null,"author_avatar_url":null,"author_id":772,"author_status":1,"gmt_create":1642730016578,"gmt_modified":1642730016578,"content":"威尼斯人几点开始营业啊","title":"威尼斯人几点开始营业啊","description":"no description yet","like_count":0,"comment_count":1,"view_count":83,"type":"post","tag":"not tag yet","imageList":"","content_source":null,"comments":[{"id":36491,"parent_id":9843,"type":1,"commentor":725,"gmtCreate":null,"gmtModified":null,"like_count":0,"content":"一般十二点","anonymity":1,"any_name":"咖哩鱼蛋","commentCount":null,"user":{"id":725,"name":"修正带还是修正液","avatar_url":"https://thirdwx.qlogo.cn/mmopen/vi_32/SCBpWZw1RbabyOtzf1kQ5BkgnaLibFIYHZYLkONIzWVBCqhicEyZmRxsjLnRvIHt8DiacWy8FxoJib3a5qFocwPicbg/132"},"isCommentLike":-5,"dislike_count":0}],"any_name":"喷火龙","relation":-2,"liked":-4,"anonymity":1,"dislike_count":0}