{"id":9906,"author":"一支\uD83C\uDF4B茶","author_avatar_url":"http://test01-20200725.oss-cn-shenzhen.aliyuncs.com/image/1665761422653.jpg?Expires=1981121423&OSSAccessKeyId=LTAI4G5RL7pjavqASCwc42kR&Signature=HKm6K%2Fep6pjNO1GYdhmExFTk7rM%3D","author_id":71,"author_status":1,"gmt_create":1642780795328,"gmt_modified":1642780795328,"content":"今天晚上树洞到底咋了，感觉没看明白","title":"今天晚上树洞到底咋了，感觉没看明白","description":"no description yet","like_count":0,"comment_count":0,"view_count":7,"type":"post","tag":"not tag yet","imageList":"","content_source":null,"comments":null,"any_name":null,"relation":-2,"liked":-4,"anonymity":0,"dislike_count":0}